worker_id,timestamp,y_true,pred_EXP2,pred_EXP3,pred_EXP4
W_002,7/24/2026 9:03,Warning,Safe,Safe,Safe
W_002,7/24/2026 9:03,Safe,Safe,Safe,Safe
W_002,7/24/2026 9:03,Safe,Safe,Safe,Safe
W_002,7/24/2026 9:03,Safe,Safe,Safe,Safe
W_002,7/24/2026 9:03,Safe,Safe,Safe,Safe
W_002,7/24/2026 9:03,Safe,Safe,Safe,Safe
W_002,7/24/2026 9:03,Safe,Safe,Safe,Safe
W_002,7/24/2026 9:03,Safe,Safe,Safe,Safe
W_002,7/24/2026 9:03,Safe,Safe,Safe,Safe
W_002,7/24/2026 9:03,Safe,Safe,Safe,Safe
W_002,7/24/2026 9:03,Safe,Safe,Safe,Safe
W_002,7/24/2026 9:03,Safe,Safe,Safe,Safe
W_002,7/24/2026 9:03,Safe,Safe,Safe,Safe
W_002,7/24/2026 9:03,Safe,Safe,Safe,Safe
W_002,7/24/2026 9:03,Safe,Safe,Safe,Safe
W_002,7/24/2026 9:03,Safe,Safe,Safe,Safe
W_002,7/24/2026 9:03,Safe,Safe,Safe,Safe
W_002,7/24/2026 9:03,Safe,Safe,Safe,Safe
W_002,7/24/2026 9:03,Safe,Safe,Safe,Safe
W_002,7/24/2026 9:03,Safe,Safe,Safe,Safe
W_002,7/24/2026 9:03,Safe,Safe,Safe,Safe
W_002,7/24/2026 9:03,Safe,Safe,Safe,Safe
W_002,7/24/2026 9:03,Safe,Safe,Safe,Safe
W_002,7/24/2026 9:03,Safe,Safe,Safe,Safe
W_002,7/24/2026 9:03,Safe,Safe,Safe,Safe
W_002,7/24/2026 9:03,Safe,Safe,Safe,Safe
W_002,7/24/2026 9:03,Safe,Safe,Safe,Safe
W_002,7/24/2026 9:03,Safe,Safe,Safe,Safe
W_002,7/24/2026 9:03,Safe,Safe,Safe,Safe
W_002,7/24/2026 9:03,Safe,Safe,Safe,Safe
W_002,7/24/2026 9:03,Safe,Safe,Safe,Safe
W_002,7/24/2026 9:03,Safe,Safe,Safe,Safe
W_002,7/24/2026 9:03,Safe,Safe,Safe,Safe
W_002,7/24/2026 9:03,Safe,Safe,Safe,Safe
W_002,7/24/2026 9:03,Safe,Safe,Safe,Safe
W_002,7/24/2026 9:03,Safe,Safe,Safe,Safe
W_002,7/24/2026 9:03,Safe,Safe,Safe,Safe
W_002,7/24/2026 9:03,Safe,Safe,Safe,Safe
W_002,7/24/2026 9:03,Safe,Safe,Safe,Safe
W_002,7/24/2026 9:03,Safe,Safe,Safe,Safe
W_002,7/24/2026 9:03,Safe,Safe,Safe,Safe
W_002,7/24/2026 9:03,Safe,Safe,Safe,Safe
W_002,7/24/2026 9:03,Safe,Safe,Safe,Safe
W_002,7/24/2026 9:03,Safe,Safe,Safe,Safe
W_002,7/24/2026 9:03,Safe,Safe,Safe,Safe
W_002,7/24/2026 9:03,Safe,Safe,Safe,Safe
W_002,7/24/2026 9:03,Safe,Safe,Safe,Safe
W_002,7/24/2026 9:03,Safe,Safe,Safe,Safe
W_002,7/24/2026 9:03,Safe,Safe,Safe,Safe
W_002,7/24/2026 9:03,Safe,Safe,Safe,Safe
W_002,7/24/2026 9:03,Safe,Safe,Safe,Safe
W_002,7/24/2026 9:03,Safe,Safe,Safe,Safe
W_002,7/24/2026 9:03,Safe,Safe,Safe,Safe
W_002,7/24/2026 9:03,Safe,Safe,Safe,Safe
W_002,7/24/2026 9:03,Safe,Safe,Safe,Safe
W_002,7/24/2026 9:03,Safe,Safe,Safe,Safe
W_002,7/24/2026 9:03,Safe,Safe,Safe,Safe
W_002,7/24/2026 9:03,Safe,Safe,Safe,Safe
W_002,7/24/2026 9:03,Safe,Safe,Safe,Safe
W_002,7/24/2026 9:03,Safe,Safe,Safe,Safe
W_002,7/24/2026 9:04,Safe,Safe,Safe,Safe
W_002,7/24/2026 9:04,Safe,Safe,Safe,Safe
W_002,7/24/2026 9:04,Safe,Safe,Safe,Safe
W_002,7/24/2026 9:04,Safe,Safe,Safe,Safe
W_002,7/24/2026 9:04,Safe,Safe,Safe,Safe
W_002,7/24/2026 9:04,Safe,Safe,Safe,Safe
W_002,7/24/2026 9:04,Safe,Safe,Safe,Safe
W_002,7/24/2026 9:04,Safe,Safe,Safe,Safe
W_002,7/24/2026 9:04,Safe,Safe,Safe,Safe
W_002,7/24/2026 9:04,Safe,Safe,Safe,Safe
W_002,7/24/2026 9:04,Safe,Safe,Safe,Safe
W_002,7/24/2026 9:04,Safe,Safe,Safe,Safe
W_002,7/24/2026 9:04,Safe,Safe,Safe,Safe
W_002,7/24/2026 9:04,Safe,Safe,Safe,Safe
W_002,7/24/2026 9:04,Safe,Safe,Safe,Safe
W_002,7/24/2026 9:04,Safe,Safe,Safe,Safe
W_002,7/24/2026 9:04,Safe,Safe,Safe,Safe
W_002,7/24/2026 9:04,Safe,Safe,Safe,Safe
W_002,7/24/2026 9:04,Safe,Safe,Safe,Safe
W_002,7/24/2026 9:04,Safe,Safe,Safe,Safe
W_002,7/24/2026 9:04,Safe,Safe,Safe,Safe
W_002,7/24/2026 9:04,Safe,Safe,Safe,Safe
W_002,7/24/2026 9:04,Safe,Safe,Safe,Safe
W_002,7/24/2026 9:04,Safe,Safe,Safe,Safe
W_002,7/24/2026 9:04,Safe,Safe,Safe,Safe
W_002,7/24/2026 9:04,Safe,Safe,Safe,Safe
W_002,7/24/2026 9:04,Safe,Safe,Safe,Safe
W_002,7/24/2026 9:04,Safe,Safe,Safe,Safe
W_002,7/24/2026 9:04,Safe,Safe,Safe,Safe
W_002,7/24/2026 9:04,Safe,Safe,Safe,Safe
W_002,7/24/2026 9:04,Safe,Safe,Safe,Safe
W_002,7/24/2026 9:04,Safe,Safe,Safe,Safe
W_002,7/24/2026 9:04,Safe,Safe,Safe,Safe
W_002,7/24/2026 9:04,Safe,Safe,Safe,Safe
W_002,7/24/2026 9:04,Safe,Safe,Safe,Safe
W_002,7/24/2026 9:04,Safe,Safe,Safe,Safe
W_002,7/24/2026 9:04,Safe,Safe,Safe,Safe
W_002,7/24/2026 9:04,Safe,Safe,Safe,Safe
W_002,7/24/2026 9:04,Safe,Safe,Safe,Safe
W_002,7/24/2026 9:04,Safe,Safe,Safe,Safe
W_002,7/24/2026 9:04,Safe,Safe,Safe,Safe
W_002,7/24/2026 9:04,Safe,Safe,Safe,Safe
W_002,7/24/2026 9:04,Safe,Safe,Safe,Safe
W_002,7/24/2026 9:04,Safe,Safe,Safe,Safe
W_002,7/24/2026 9:04,Safe,Safe,Safe,Safe
W_002,7/24/2026 9:04,Safe,Safe,Safe,Safe
W_002,7/24/2026 9:04,Safe,Safe,Safe,Safe
W_002,7/24/2026 9:04,Safe,Safe,Safe,Safe
W_002,7/24/2026 9:04,Safe,Safe,Safe,Safe
W_002,7/24/2026 9:04,Safe,Safe,Safe,Safe
W_002,7/24/2026 9:04,Safe,Safe,Safe,Safe
W_002,7/24/2026 9:04,Safe,Safe,Safe,Safe
W_002,7/24/2026 9:04,Safe,Safe,Safe,Safe
W_002,7/24/2026 9:04,Safe,Safe,Safe,Safe
W_002,7/24/2026 9:04,Safe,Safe,Safe,Safe
W_002,7/24/2026 9:04,Safe,Safe,Safe,Safe
W_002,7/24/2026 9:04,Safe,Safe,Safe,Safe
W_002,7/24/2026 9:04,Safe,Safe,Safe,Safe
W_002,7/24/2026 9:04,Safe,Safe,Safe,Safe
W_002,7/24/2026 9:04,Safe,Safe,Safe,Safe
W_002,7/24/2026 9:05,Safe,Safe,Safe,Safe
W_002,7/24/2026 9:05,Safe,Safe,Safe,Safe
W_002,7/24/2026 9:05,Safe,Safe,Safe,Safe
W_002,7/24/2026 9:05,Safe,Safe,Safe,Safe
W_002,7/24/2026 9:05,Safe,Safe,Safe,Safe
W_002,7/24/2026 9:05,Safe,Safe,Safe,Safe
W_002,7/24/2026 9:05,Safe,Safe,Safe,Safe
W_002,7/24/2026 9:05,Safe,Safe,Safe,Safe
W_002,7/24/2026 9:05,Safe,Safe,Safe,Safe
W_002,7/24/2026 9:05,Safe,Safe,Safe,Safe
W_002,7/24/2026 9:05,Safe,Safe,Safe,Safe
W_002,7/24/2026 9:05,Safe,Safe,Safe,Safe
W_002,7/24/2026 9:05,Safe,Safe,Safe,Safe
W_002,7/24/2026 9:05,Safe,Safe,Safe,Safe
W_002,7/24/2026 9:05,Safe,Safe,Safe,Safe
W_002,7/24/2026 9:05,Safe,Safe,Safe,Safe
W_002,7/24/2026 9:05,Safe,Safe,Safe,Safe
W_002,7/24/2026 9:05,Safe,Safe,Safe,Safe
W_002,7/24/2026 9:05,Safe,Safe,Safe,Safe
W_002,7/24/2026 9:05,Safe,Safe,Safe,Safe
W_002,7/24/2026 9:05,Safe,Safe,Safe,Safe
W_002,7/24/2026 9:05,Safe,Safe,Safe,Safe
W_002,7/24/2026 9:05,Safe,Safe,Safe,Safe
W_002,7/24/2026 9:05,Safe,Safe,Safe,Safe
W_002,7/24/2026 9:05,Safe,Safe,Safe,Safe
W_002,7/24/2026 9:05,Safe,Safe,Safe,Safe
W_002,7/24/2026 9:05,Safe,Safe,Safe,Safe
W_002,7/24/2026 9:05,Safe,Safe,Safe,Safe
W_002,7/24/2026 9:05,Safe,Safe,Safe,Safe
W_002,7/24/2026 9:05,Safe,Safe,Safe,Safe
W_002,7/24/2026 9:05,Safe,Safe,Safe,Safe
W_002,7/24/2026 9:05,Safe,Safe,Safe,Safe
W_002,7/24/2026 9:05,Safe,Safe,Safe,Safe
W_002,7/24/2026 9:05,Safe,Safe,Safe,Safe
W_002,7/24/2026 9:05,Safe,Safe,Safe,Safe
W_002,7/24/2026 9:05,Safe,Safe,Safe,Safe
W_002,7/24/2026 9:05,Safe,Safe,Safe,Safe
W_002,7/24/2026 9:05,Safe,Safe,Safe,Safe
W_002,7/24/2026 9:05,Safe,Safe,Safe,Safe
W_002,7/24/2026 9:05,Safe,Safe,Safe,Safe
W_002,7/24/2026 9:05,Safe,Safe,Safe,Safe
W_002,7/24/2026 9:05,Safe,Safe,Safe,Safe
W_002,7/24/2026 9:05,Safe,Safe,Safe,Safe
W_002,7/24/2026 9:05,Safe,Safe,Safe,Safe
W_002,7/24/2026 9:05,Safe,Safe,Safe,Safe
W_002,7/24/2026 9:05,Safe,Safe,Safe,Safe
W_002,7/24/2026 9:05,Safe,Safe,Safe,Safe
W_002,7/24/2026 9:05,Safe,Safe,Safe,Safe
W_002,7/24/2026 9:05,Safe,Safe,Safe,Safe
W_002,7/24/2026 9:05,Safe,Safe,Safe,Safe
W_002,7/24/2026 9:05,Safe,Safe,Safe,Safe
W_002,7/24/2026 9:05,Safe,Safe,Safe,Safe
W_002,7/24/2026 9:05,Safe,Safe,Safe,Safe
W_002,7/24/2026 9:05,Safe,Safe,Safe,Safe
W_002,7/24/2026 9:05,Safe,Safe,Safe,Safe
W_002,7/24/2026 9:05,Safe,Safe,Safe,Safe
W_002,7/24/2026 9:05,Safe,Safe,Safe,Safe
W_002,7/24/2026 9:05,Safe,Safe,Safe,Safe
W_002,7/24/2026 9:05,Safe,Safe,Safe,Safe
W_002,7/24/2026 9:05,Safe,Safe,Safe,Safe
W_002,7/24/2026 9:06,Safe,Safe,Safe,Safe
W_002,7/24/2026 9:06,Safe,Safe,Safe,Safe
W_002,7/24/2026 9:06,Safe,Safe,Safe,Safe
W_002,7/24/2026 9:06,Safe,Safe,Safe,Safe
W_002,7/24/2026 9:06,Safe,Safe,Safe,Safe
W_002,7/24/2026 9:06,Safe,Safe,Safe,Safe
W_002,7/24/2026 9:06,Safe,Safe,Safe,Safe
W_002,7/24/2026 9:06,Safe,Safe,Safe,Safe
W_002,7/24/2026 9:06,Safe,Safe,Safe,Safe
W_002,7/24/2026 9:06,Safe,Safe,Safe,Safe
W_002,7/24/2026 9:06,Safe,Safe,Safe,Safe
W_002,7/24/2026 9:06,Safe,Safe,Safe,Safe
W_002,7/24/2026 9:06,Safe,Safe,Safe,Safe
W_002,7/24/2026 9:06,Safe,Safe,Safe,Safe
W_002,7/24/2026 9:06,Safe,Safe,Safe,Safe
W_002,7/24/2026 9:06,Safe,Safe,Safe,Safe
W_002,7/24/2026 9:06,Safe,Safe,Safe,Safe
W_002,7/24/2026 9:06,Safe,Safe,Safe,Safe
W_002,7/24/2026 9:06,Safe,Safe,Safe,Safe
W_002,7/24/2026 9:06,Safe,Safe,Safe,Safe
W_002,7/24/2026 9:06,Safe,Safe,Safe,Safe
W_002,7/24/2026 9:06,Safe,Safe,Safe,Safe
W_002,7/24/2026 9:06,Safe,Safe,Safe,Safe
W_002,7/24/2026 9:06,Safe,Safe,Safe,Safe
W_002,7/24/2026 9:06,Safe,Safe,Safe,Safe
W_002,7/24/2026 9:06,Safe,Safe,Safe,Safe
W_002,7/24/2026 9:06,Safe,Safe,Safe,Safe
W_002,7/24/2026 9:06,Safe,Safe,Safe,Safe
W_002,7/24/2026 9:06,Safe,Safe,Safe,Safe
W_002,7/24/2026 9:06,Safe,Safe,Safe,Safe
W_002,7/24/2026 9:06,Safe,Safe,Safe,Safe
W_002,7/24/2026 9:06,Safe,Safe,Safe,Safe
W_002,7/24/2026 9:06,Safe,Safe,Safe,Safe
W_002,7/24/2026 9:06,Safe,Safe,Safe,Safe
W_002,7/24/2026 9:06,Safe,Safe,Safe,Safe
W_002,7/24/2026 9:06,Safe,Safe,Safe,Safe
W_002,7/24/2026 9:06,Safe,Safe,Safe,Safe
W_002,7/24/2026 9:06,Safe,Safe,Safe,Safe
W_002,7/24/2026 9:06,Safe,Safe,Safe,Safe
W_002,7/24/2026 9:06,Safe,Safe,Safe,Safe
W_002,7/24/2026 9:06,Safe,Safe,Safe,Safe
W_002,7/24/2026 9:06,Safe,Safe,Safe,Safe
W_002,7/24/2026 9:06,Safe,Safe,Safe,Safe
W_002,7/24/2026 9:06,Safe,Safe,Safe,Safe
W_002,7/24/2026 9:06,Safe,Safe,Safe,Safe
W_002,7/24/2026 9:06,Safe,Safe,Safe,Safe
W_002,7/24/2026 9:06,Safe,Safe,Safe,Safe
W_002,7/24/2026 9:06,Safe,Safe,Safe,Safe
W_002,7/24/2026 9:06,Safe,Safe,Safe,Safe
W_002,7/24/2026 9:06,Safe,Safe,Safe,Safe
W_002,7/24/2026 9:06,Safe,Safe,Safe,Safe
W_002,7/24/2026 9:06,Safe,Safe,Safe,Safe
W_002,7/24/2026 9:06,Safe,Safe,Safe,Safe
W_002,7/24/2026 9:06,Safe,Safe,Safe,Safe
W_002,7/24/2026 9:06,Safe,Safe,Safe,Safe
W_002,7/24/2026 9:06,Safe,Safe,Safe,Safe
W_002,7/24/2026 9:06,Safe,Safe,Safe,Safe
W_002,7/24/2026 9:06,Safe,Safe,Safe,Safe
W_002,7/24/2026 9:06,Safe,Safe,Safe,Safe
W_002,7/24/2026 9:06,Safe,Safe,Safe,Safe
W_002,7/24/2026 9:07,Safe,Safe,Safe,Safe
W_002,7/24/2026 9:07,Safe,Safe,Safe,Safe
W_002,7/24/2026 9:07,Safe,Safe,Safe,Safe
W_002,7/24/2026 9:07,Safe,Safe,Safe,Safe
W_002,7/24/2026 9:07,Safe,Safe,Safe,Safe
W_002,7/24/2026 9:07,Safe,Safe,Safe,Safe
W_002,7/24/2026 9:07,Safe,Safe,Safe,Safe
W_002,7/24/2026 9:07,Safe,Safe,Safe,Safe
W_002,7/24/2026 9:07,Safe,Safe,Safe,Safe
W_002,7/24/2026 9:07,Safe,Safe,Safe,Safe
W_002,7/24/2026 9:07,Safe,Safe,Safe,Safe
W_002,7/24/2026 9:07,Safe,Safe,Safe,Safe
W_002,7/24/2026 9:07,Safe,Safe,Safe,Safe
W_002,7/24/2026 9:07,Safe,Safe,Safe,Safe
W_002,7/24/2026 9:07,Safe,Safe,Safe,Safe
W_002,7/24/2026 9:07,Safe,Safe,Safe,Safe
W_002,7/24/2026 9:07,Safe,Safe,Safe,Safe
W_002,7/24/2026 9:07,Safe,Safe,Safe,Safe
W_002,7/24/2026 9:07,Safe,Safe,Safe,Safe
W_002,7/24/2026 9:07,Safe,Safe,Safe,Safe
W_002,7/24/2026 9:07,Safe,Safe,Safe,Safe
W_002,7/24/2026 9:07,Safe,Safe,Safe,Safe
W_002,7/24/2026 9:07,Safe,Safe,Safe,Safe
W_002,7/24/2026 9:07,Safe,Safe,Safe,Safe
W_002,7/24/2026 9:07,Safe,Safe,Safe,Safe
W_002,7/24/2026 9:07,Safe,Safe,Safe,Safe
W_002,7/24/2026 9:07,Safe,Safe,Safe,Safe
W_002,7/24/2026 9:07,Safe,Safe,Safe,Safe
W_002,7/24/2026 9:07,Safe,Safe,Safe,Safe
W_002,7/24/2026 9:07,Safe,Safe,Safe,Safe
W_002,7/24/2026 9:07,Safe,Safe,Safe,Safe
W_002,7/24/2026 9:07,Safe,Safe,Safe,Safe
W_002,7/24/2026 9:07,Safe,Safe,Safe,Safe
W_002,7/24/2026 9:07,Safe,Safe,Safe,Safe
W_002,7/24/2026 9:07,Safe,Safe,Safe,Safe
W_002,7/24/2026 9:07,Safe,Safe,Safe,Safe
W_002,7/24/2026 9:07,Safe,Safe,Safe,Safe
W_002,7/24/2026 9:07,Safe,Safe,Safe,Safe
W_002,7/24/2026 9:07,Safe,Safe,Safe,Safe
W_002,7/24/2026 9:07,Safe,Safe,Safe,Safe
W_002,7/24/2026 9:07,Safe,Safe,Safe,Safe
W_002,7/24/2026 9:07,Safe,Safe,Safe,Safe
W_002,7/24/2026 9:07,Safe,Safe,Safe,Safe
W_002,7/24/2026 9:07,Safe,Safe,Safe,Safe
W_002,7/24/2026 9:07,Safe,Safe,Safe,Safe
W_002,7/24/2026 9:07,Safe,Safe,Safe,Safe
W_002,7/24/2026 9:07,Safe,Safe,Safe,Safe
W_002,7/24/2026 9:07,Safe,Safe,Safe,Safe
W_002,7/24/2026 9:07,Safe,Safe,Safe,Safe
W_002,7/24/2026 9:07,Safe,Safe,Safe,Safe
W_002,7/24/2026 9:07,Safe,Safe,Safe,Safe
W_002,7/24/2026 9:07,Safe,Safe,Safe,Safe
W_002,7/24/2026 9:07,Safe,Safe,Safe,Safe
W_002,7/24/2026 9:07,Safe,Safe,Safe,Safe
W_002,7/24/2026 9:07,Safe,Safe,Safe,Safe
W_002,7/24/2026 9:07,Safe,Safe,Safe,Safe
W_002,7/24/2026 9:07,Safe,Safe,Safe,Safe
W_002,7/24/2026 9:07,Safe,Safe,Safe,Safe
W_002,7/24/2026 9:07,Safe,Safe,Safe,Safe
W_002,7/24/2026 9:07,Safe,Safe,Safe,Safe
W_002,7/24/2026 9:08,Safe,Safe,Safe,Safe
W_002,7/24/2026 9:08,Safe,Safe,Safe,Safe
W_002,7/24/2026 9:08,Safe,Safe,Safe,Safe
W_002,7/24/2026 9:08,Safe,Safe,Safe,Safe
W_002,7/24/2026 9:08,Safe,Safe,Safe,Safe
W_002,7/24/2026 9:08,Safe,Safe,Safe,Safe
W_002,7/24/2026 9:08,Safe,Safe,Safe,Safe
W_002,7/24/2026 9:08,Safe,Safe,Safe,Safe
W_002,7/24/2026 9:08,Safe,Safe,Safe,Safe
W_002,7/24/2026 9:08,Safe,Safe,Safe,Safe
W_002,7/24/2026 9:08,Safe,Safe,Safe,Safe
W_002,7/24/2026 9:08,Safe,Safe,Safe,Safe
W_002,7/24/2026 9:08,Safe,Safe,Safe,Safe
W_002,7/24/2026 9:08,Safe,Safe,Safe,Safe
W_002,7/24/2026 9:08,Safe,Safe,Safe,Safe
W_002,7/24/2026 9:08,Safe,Safe,Safe,Safe
W_002,7/24/2026 9:08,Safe,Safe,Safe,Safe
W_002,7/24/2026 9:08,Safe,Safe,Safe,Safe
W_002,7/24/2026 9:08,Safe,Safe,Safe,Safe
W_002,7/24/2026 9:08,Safe,Safe,Safe,Safe
W_002,7/24/2026 9:08,Safe,Safe,Safe,Safe
W_002,7/24/2026 9:08,Safe,Safe,Safe,Safe
W_002,7/24/2026 9:08,Safe,Safe,Safe,Safe
W_002,7/24/2026 9:08,Safe,Safe,Safe,Safe
W_002,7/24/2026 9:08,Safe,Safe,Safe,Safe
W_002,7/24/2026 9:08,Safe,Safe,Safe,Safe
W_002,7/24/2026 9:08,Safe,Safe,Safe,Safe
W_002,7/24/2026 9:08,Safe,Safe,Safe,Safe
W_002,7/24/2026 9:08,Safe,Safe,Safe,Safe
W_002,7/24/2026 9:08,Safe,Safe,Safe,Safe
W_002,7/24/2026 9:08,Safe,Safe,Safe,Safe
W_002,7/24/2026 9:08,Safe,Safe,Safe,Safe
W_002,7/24/2026 9:08,Safe,Safe,Safe,Safe
W_002,7/24/2026 9:08,Safe,Safe,Safe,Safe
W_002,7/24/2026 9:08,Safe,Safe,Safe,Safe
W_002,7/24/2026 9:08,Safe,Safe,Safe,Safe
W_002,7/24/2026 9:08,Safe,Safe,Safe,Safe
W_002,7/24/2026 9:08,Safe,Safe,Safe,Safe
W_002,7/24/2026 9:08,Safe,Safe,Safe,Safe
W_002,7/24/2026 9:08,Safe,Safe,Safe,Safe
W_002,7/24/2026 9:08,Safe,Safe,Safe,Safe
W_002,7/24/2026 9:08,Safe,Safe,Safe,Safe
W_002,7/24/2026 9:08,Safe,Safe,Safe,Safe
W_002,7/24/2026 9:08,Safe,Safe,Safe,Safe
W_002,7/24/2026 9:08,Safe,Safe,Safe,Safe
W_002,7/24/2026 9:08,Safe,Safe,Safe,Safe
W_002,7/24/2026 9:08,Safe,Safe,Safe,Safe
W_002,7/24/2026 9:08,Safe,Safe,Safe,Safe
W_002,7/24/2026 9:08,Safe,Safe,Safe,Safe
W_002,7/24/2026 9:08,Safe,Safe,Safe,Safe
W_002,7/24/2026 9:08,Safe,Safe,Safe,Safe
W_002,7/24/2026 9:08,Safe,Safe,Safe,Safe
W_002,7/24/2026 9:08,Safe,Safe,Safe,Safe
W_002,7/24/2026 9:08,Safe,Safe,Safe,Safe
W_002,7/24/2026 9:08,Safe,Safe,Safe,Safe
W_002,7/24/2026 9:08,Safe,Safe,Safe,Safe
W_002,7/24/2026 9:08,Safe,Safe,Safe,Safe
W_002,7/24/2026 9:08,Safe,Safe,Safe,Safe
W_002,7/24/2026 9:08,Safe,Safe,Safe,Safe
W_002,7/24/2026 9:08,Safe,Safe,Safe,Safe
W_002,7/24/2026 9:09,Safe,Safe,Safe,Safe
W_002,7/24/2026 9:09,Safe,Safe,Safe,Safe
W_002,7/24/2026 9:09,Safe,Safe,Safe,Safe
W_002,7/24/2026 9:09,Safe,Safe,Safe,Safe
W_002,7/24/2026 9:09,Safe,Safe,Safe,Safe
W_002,7/24/2026 9:09,Safe,Safe,Safe,Safe
W_002,7/24/2026 9:09,Safe,Safe,Safe,Safe
W_002,7/24/2026 9:09,Safe,Safe,Safe,Safe
W_002,7/24/2026 9:09,Safe,Safe,Safe,Safe
W_002,7/24/2026 9:09,Safe,Safe,Safe,Safe
W_002,7/24/2026 9:09,Safe,Safe,Safe,Safe
W_002,7/24/2026 9:09,Safe,Safe,Safe,Safe
W_002,7/24/2026 9:09,Safe,Safe,Safe,Safe
W_002,7/24/2026 9:09,Safe,Safe,Safe,Safe
W_002,7/24/2026 9:09,Safe,Safe,Safe,Safe
W_002,7/24/2026 9:09,Safe,Safe,Safe,Safe
W_002,7/24/2026 9:09,Safe,Safe,Safe,Safe
W_002,7/24/2026 9:09,Safe,Safe,Safe,Safe
W_002,7/24/2026 9:09,Safe,Safe,Safe,Safe
W_002,7/24/2026 9:09,Safe,Safe,Safe,Safe
W_002,7/24/2026 9:09,Safe,Safe,Safe,Safe
W_002,7/24/2026 9:09,Safe,Safe,Safe,Safe
W_002,7/24/2026 9:09,Safe,Safe,Safe,Safe
W_002,7/24/2026 9:09,Safe,Safe,Safe,Safe
W_002,7/24/2026 9:09,Safe,Safe,Safe,Safe
W_002,7/24/2026 9:09,Safe,Safe,Safe,Safe
W_002,7/24/2026 9:09,Safe,Safe,Safe,Safe
W_002,7/24/2026 9:09,Safe,Safe,Safe,Safe
W_002,7/24/2026 9:09,Safe,Safe,Safe,Safe
W_002,7/24/2026 9:09,Safe,Safe,Safe,Safe
W_002,7/24/2026 9:09,Safe,Safe,Safe,Safe
W_002,7/24/2026 9:09,Safe,Safe,Safe,Safe
W_002,7/24/2026 9:09,Safe,Safe,Safe,Safe
W_002,7/24/2026 9:09,Safe,Safe,Safe,Safe
W_002,7/24/2026 9:09,Safe,Safe,Safe,Safe
W_002,7/24/2026 9:09,Safe,Safe,Safe,Safe
W_002,7/24/2026 9:09,Safe,Safe,Safe,Safe
W_002,7/24/2026 9:09,Safe,Safe,Safe,Safe
W_002,7/24/2026 9:09,Safe,Safe,Safe,Safe
W_002,7/24/2026 9:09,Safe,Safe,Safe,Safe
W_002,7/24/2026 9:09,Safe,Safe,Safe,Safe
W_002,7/24/2026 9:09,Safe,Safe,Safe,Safe
W_002,7/24/2026 9:09,Safe,Safe,Safe,Safe
W_002,7/24/2026 9:09,Safe,Safe,Safe,Safe
W_002,7/24/2026 9:09,Safe,Safe,Safe,Safe
W_002,7/24/2026 9:09,Safe,Safe,Safe,Safe
W_002,7/24/2026 9:09,Safe,Safe,Safe,Safe
W_002,7/24/2026 9:09,Safe,Safe,Safe,Safe
W_002,7/24/2026 9:09,Safe,Safe,Safe,Safe
W_002,7/24/2026 9:09,Safe,Safe,Safe,Safe
W_002,7/24/2026 9:09,Safe,Safe,Safe,Safe
W_002,7/24/2026 9:09,Safe,Safe,Safe,Safe
W_002,7/24/2026 9:09,Safe,Safe,Safe,Safe
W_002,7/24/2026 9:09,Safe,Safe,Safe,Safe
W_002,7/24/2026 9:09,Safe,Safe,Safe,Safe
W_002,7/24/2026 9:09,Safe,Safe,Safe,Safe
W_002,7/24/2026 9:09,Safe,Safe,Safe,Safe
W_002,7/24/2026 9:09,Safe,Safe,Safe,Safe
W_002,7/24/2026 9:09,Safe,Safe,Safe,Safe
W_002,7/24/2026 9:09,Safe,Safe,Safe,Safe
W_002,7/24/2026 9:10,Safe,Safe,Safe,Safe
W_002,7/24/2026 9:10,Safe,Safe,Safe,Safe
W_002,7/24/2026 9:10,Safe,Safe,Safe,Safe
W_002,7/24/2026 9:10,Safe,Safe,Safe,Safe
W_002,7/24/2026 9:10,Safe,Safe,Safe,Safe
W_002,7/24/2026 9:10,Safe,Safe,Safe,Safe
W_002,7/24/2026 9:10,Safe,Safe,Safe,Safe
W_002,7/24/2026 9:10,Safe,Safe,Safe,Safe
W_002,7/24/2026 9:10,Safe,Safe,Safe,Safe
W_002,7/24/2026 9:10,Safe,Safe,Safe,Safe
W_002,7/24/2026 9:10,Safe,Safe,Safe,Safe
W_002,7/24/2026 9:10,Safe,Safe,Safe,Safe
W_002,7/24/2026 9:10,Safe,Safe,Safe,Safe
W_002,7/24/2026 9:10,Safe,Safe,Safe,Safe
W_002,7/24/2026 9:10,Safe,Safe,Safe,Safe
W_002,7/24/2026 9:10,Safe,Safe,Safe,Safe
W_002,7/24/2026 9:10,Safe,Safe,Safe,Safe
W_002,7/24/2026 9:10,Safe,Safe,Safe,Safe
W_002,7/24/2026 9:10,Safe,Safe,Safe,Safe
W_002,7/24/2026 9:10,Safe,Safe,Safe,Safe
W_002,7/24/2026 9:10,Safe,Safe,Safe,Safe
W_002,7/24/2026 9:10,Safe,Safe,Safe,Safe
W_002,7/24/2026 9:10,Safe,Safe,Safe,Safe
W_002,7/24/2026 9:10,Safe,Safe,Safe,Safe
W_002,7/24/2026 9:10,Safe,Safe,Safe,Safe
W_002,7/24/2026 9:10,Safe,Safe,Safe,Safe
W_002,7/24/2026 9:10,Safe,Safe,Safe,Safe
W_002,7/24/2026 9:10,Safe,Safe,Safe,Safe
W_002,7/24/2026 9:10,Safe,Safe,Safe,Safe
W_002,7/24/2026 9:10,Safe,Safe,Safe,Safe
W_002,7/24/2026 9:10,Safe,Safe,Safe,Safe
W_002,7/24/2026 9:10,Safe,Safe,Safe,Safe
W_002,7/24/2026 9:10,Safe,Safe,Safe,Safe
W_002,7/24/2026 9:10,Safe,Safe,Safe,Safe
W_002,7/24/2026 9:10,Safe,Safe,Safe,Safe
W_002,7/24/2026 9:10,Safe,Safe,Safe,Safe
W_002,7/24/2026 9:10,Safe,Safe,Safe,Safe
W_002,7/24/2026 9:10,Safe,Safe,Safe,Safe
W_002,7/24/2026 9:10,Safe,Safe,Safe,Safe
W_002,7/24/2026 9:10,Safe,Safe,Safe,Safe
W_002,7/24/2026 9:10,Safe,Safe,Safe,Safe
W_002,7/24/2026 9:10,Safe,Safe,Safe,Safe
W_002,7/24/2026 9:10,Safe,Safe,Safe,Safe
W_002,7/24/2026 9:10,Safe,Safe,Safe,Safe
W_002,7/24/2026 9:10,Safe,Safe,Safe,Safe
W_002,7/24/2026 9:10,Safe,Safe,Safe,Safe
W_002,7/24/2026 9:10,Safe,Safe,Safe,Safe
W_002,7/24/2026 9:10,Safe,Safe,Safe,Safe
W_002,7/24/2026 9:10,Safe,Safe,Safe,Safe
W_002,7/24/2026 9:10,Safe,Safe,Safe,Safe
W_002,7/24/2026 9:10,Safe,Safe,Safe,Safe
W_002,7/24/2026 9:10,Safe,Safe,Safe,Safe
W_002,7/24/2026 9:10,Safe,Safe,Safe,Safe
W_002,7/24/2026 9:10,Safe,Safe,Safe,Safe
W_002,7/24/2026 9:10,Safe,Safe,Safe,Safe
W_002,7/24/2026 9:10,Safe,Safe,Safe,Safe
W_002,7/24/2026 9:10,Safe,Safe,Safe,Safe
W_002,7/24/2026 9:10,Safe,Safe,Safe,Safe
W_002,7/24/2026 9:10,Safe,Safe,Safe,Safe
W_002,7/24/2026 9:10,Safe,Safe,Safe,Safe
W_002,7/24/2026 9:11,Safe,Safe,Safe,Safe
W_002,7/24/2026 9:11,Safe,Safe,Safe,Safe
W_002,7/24/2026 9:11,Safe,Safe,Safe,Safe
W_002,7/24/2026 9:11,Safe,Safe,Safe,Safe
W_002,7/24/2026 9:11,Safe,Safe,Safe,Safe
W_002,7/24/2026 9:11,Safe,Safe,Safe,Safe
W_002,7/24/2026 9:11,Safe,Safe,Safe,Safe
W_002,7/24/2026 9:11,Safe,Safe,Safe,Safe
W_002,7/24/2026 9:11,Safe,Safe,Safe,Safe
W_002,7/24/2026 9:11,Safe,Safe,Safe,Safe
W_002,7/24/2026 9:11,Safe,Safe,Safe,Safe
W_002,7/24/2026 9:11,Safe,Safe,Safe,Safe
W_002,7/24/2026 9:11,Safe,Safe,Safe,Safe
W_002,7/24/2026 9:11,Safe,Safe,Safe,Safe
W_002,7/24/2026 9:11,Safe,Safe,Safe,Safe
W_002,7/24/2026 9:11,Safe,Safe,Safe,Safe
W_002,7/24/2026 9:11,Safe,Safe,Safe,Safe
W_002,7/24/2026 9:11,Safe,Safe,Safe,Safe
W_002,7/24/2026 9:11,Safe,Safe,Safe,Safe
W_002,7/24/2026 9:11,Safe,Safe,Safe,Safe
W_002,7/24/2026 9:11,Safe,Safe,Safe,Safe
W_002,7/24/2026 9:11,Safe,Safe,Safe,Safe
W_002,7/24/2026 9:11,Safe,Safe,Safe,Safe
W_002,7/24/2026 9:11,Safe,Safe,Safe,Safe
W_002,7/24/2026 9:11,Safe,Safe,Safe,Safe
W_002,7/24/2026 9:11,Safe,Safe,Safe,Safe
W_002,7/24/2026 9:11,Safe,Safe,Safe,Safe
W_002,7/24/2026 9:11,Safe,Safe,Safe,Safe
W_002,7/24/2026 9:11,Safe,Safe,Safe,Safe
W_002,7/24/2026 9:11,Safe,Safe,Safe,Safe
W_002,7/24/2026 9:11,Safe,Safe,Safe,Safe
W_002,7/24/2026 9:11,Safe,Safe,Safe,Safe
W_002,7/24/2026 9:11,Safe,Safe,Safe,Safe
W_002,7/24/2026 9:11,Safe,Safe,Safe,Safe
W_002,7/24/2026 9:11,Safe,Safe,Safe,Safe
W_002,7/24/2026 9:11,Safe,Safe,Safe,Safe
W_002,7/24/2026 9:11,Safe,Safe,Safe,Safe
W_002,7/24/2026 9:11,Safe,Safe,Safe,Safe
W_002,7/24/2026 9:11,Safe,Safe,Safe,Safe
W_002,7/24/2026 9:11,Safe,Safe,Safe,Safe
W_002,7/24/2026 9:11,Safe,Safe,Safe,Safe
W_002,7/24/2026 9:11,Safe,Safe,Safe,Safe
W_002,7/24/2026 9:11,Safe,Safe,Safe,Safe
W_002,7/24/2026 9:11,Safe,Safe,Safe,Safe
W_002,7/24/2026 9:11,Safe,Safe,Safe,Safe
W_002,7/24/2026 9:11,Safe,Safe,Safe,Safe
W_002,7/24/2026 9:11,Safe,Safe,Safe,Safe
W_002,7/24/2026 9:11,Safe,Safe,Safe,Safe
W_002,7/24/2026 9:11,Safe,Safe,Safe,Safe
W_002,7/24/2026 9:11,Safe,Safe,Safe,Safe
W_002,7/24/2026 9:11,Safe,Safe,Safe,Safe
W_002,7/24/2026 9:11,Safe,Safe,Safe,Safe
W_002,7/24/2026 9:11,Safe,Safe,Safe,Safe
W_002,7/24/2026 9:11,Safe,Safe,Safe,Safe
W_002,7/24/2026 9:11,Safe,Safe,Safe,Safe
W_002,7/24/2026 9:11,Safe,Safe,Safe,Safe
W_002,7/24/2026 9:11,Safe,Safe,Safe,Safe
W_002,7/24/2026 9:11,Safe,Safe,Safe,Safe
W_002,7/24/2026 9:11,Safe,Safe,Safe,Safe
W_002,7/24/2026 9:11,Safe,Safe,Safe,Safe
W_002,7/24/2026 9:12,Safe,Safe,Safe,Safe
W_002,7/24/2026 9:12,Safe,Safe,Safe,Safe
W_002,7/24/2026 9:12,Safe,Safe,Safe,Safe
W_002,7/24/2026 9:12,Safe,Safe,Safe,Safe
W_002,7/24/2026 9:12,Safe,Safe,Safe,Safe
W_002,7/24/2026 9:12,Safe,Safe,Safe,Safe
W_002,7/24/2026 9:12,Safe,Safe,Safe,Safe
W_002,7/24/2026 9:12,Safe,Safe,Safe,Safe
W_002,7/24/2026 9:12,Safe,Safe,Safe,Safe
W_002,7/24/2026 9:12,Safe,Safe,Safe,Safe
W_002,7/24/2026 9:12,Safe,Safe,Safe,Safe
W_002,7/24/2026 9:12,Safe,Safe,Safe,Safe
W_002,7/24/2026 9:12,Safe,Safe,Safe,Safe
W_002,7/24/2026 9:12,Safe,Safe,Safe,Safe
W_002,7/24/2026 9:12,Safe,Safe,Safe,Safe
W_002,7/24/2026 9:12,Safe,Safe,Safe,Safe
W_002,7/24/2026 9:12,Safe,Safe,Safe,Safe
W_002,7/24/2026 9:12,Safe,Safe,Safe,Safe
W_002,7/24/2026 9:12,Safe,Safe,Safe,Safe
W_002,7/24/2026 9:12,Safe,Safe,Safe,Safe
W_002,7/24/2026 9:12,Safe,Safe,Safe,Safe
W_002,7/24/2026 9:12,Safe,Safe,Safe,Safe
W_002,7/24/2026 9:12,Safe,Safe,Safe,Safe
W_002,7/24/2026 9:12,Safe,Safe,Safe,Safe
W_002,7/24/2026 9:12,Safe,Safe,Safe,Safe
W_002,7/24/2026 9:12,Safe,Safe,Safe,Safe
W_002,7/24/2026 9:12,Safe,Safe,Safe,Safe
W_002,7/24/2026 9:12,Safe,Safe,Safe,Safe
W_002,7/24/2026 9:12,Safe,Safe,Safe,Safe
W_002,7/24/2026 9:12,Safe,Safe,Safe,Safe
W_002,7/24/2026 9:12,Safe,Safe,Safe,Safe
W_002,7/24/2026 9:12,Safe,Safe,Safe,Safe
W_002,7/24/2026 9:12,Safe,Safe,Safe,Safe
W_002,7/24/2026 9:12,Safe,Safe,Safe,Safe
W_002,7/24/2026 9:12,Safe,Safe,Safe,Safe
W_002,7/24/2026 9:12,Safe,Safe,Safe,Safe
W_002,7/24/2026 9:12,Safe,Safe,Safe,Safe
W_002,7/24/2026 9:12,Safe,Safe,Safe,Safe
W_002,7/24/2026 9:12,Safe,Safe,Safe,Safe
W_002,7/24/2026 9:12,Safe,Safe,Safe,Safe
W_002,7/24/2026 9:12,Safe,Safe,Safe,Safe
W_002,7/24/2026 9:12,Safe,Safe,Safe,Safe
W_002,7/24/2026 9:12,Safe,Safe,Safe,Safe
W_002,7/24/2026 9:12,Safe,Safe,Safe,Safe
W_002,7/24/2026 9:12,Safe,Safe,Safe,Safe
W_002,7/24/2026 9:12,Safe,Safe,Safe,Safe
W_002,7/24/2026 9:12,Safe,Safe,Safe,Safe
W_002,7/24/2026 9:12,Safe,Safe,Safe,Safe
W_002,7/24/2026 9:12,Safe,Safe,Safe,Safe
W_002,7/24/2026 9:12,Safe,Safe,Safe,Safe
W_002,7/24/2026 9:12,Safe,Safe,Safe,Safe
W_002,7/24/2026 9:12,Safe,Safe,Safe,Safe
W_002,7/24/2026 9:12,Safe,Safe,Safe,Safe
W_002,7/24/2026 9:12,Safe,Safe,Safe,Safe
W_002,7/24/2026 9:12,Safe,Safe,Safe,Safe
W_002,7/24/2026 9:12,Safe,Safe,Safe,Safe
W_002,7/24/2026 9:12,Safe,Safe,Safe,Safe
W_002,7/24/2026 9:12,Safe,Safe,Safe,Safe
W_002,7/24/2026 9:12,Safe,Safe,Safe,Safe
W_002,7/24/2026 9:12,Safe,Safe,Safe,Safe
W_002,7/24/2026 9:13,Safe,Safe,Safe,Safe
W_002,7/24/2026 9:13,Safe,Safe,Safe,Safe
W_002,7/24/2026 9:13,Safe,Safe,Safe,Safe
W_002,7/24/2026 9:13,Safe,Safe,Safe,Safe
W_002,7/24/2026 9:13,Safe,Safe,Safe,Safe
W_002,7/24/2026 9:13,Safe,Safe,Safe,Safe
W_002,7/24/2026 9:13,Safe,Safe,Safe,Safe
W_002,7/24/2026 9:13,Safe,Safe,Safe,Safe
W_002,7/24/2026 9:13,Safe,Safe,Safe,Safe
W_002,7/24/2026 9:13,Safe,Safe,Safe,Safe
W_002,7/24/2026 9:13,Safe,Safe,Safe,Safe
W_002,7/24/2026 9:13,Safe,Safe,Safe,Safe
W_002,7/24/2026 9:13,Safe,Safe,Safe,Safe
W_002,7/24/2026 9:13,Safe,Safe,Safe,Safe
W_002,7/24/2026 9:13,Safe,Safe,Safe,Safe
W_002,7/24/2026 9:13,Safe,Safe,Safe,Safe
W_002,7/24/2026 9:13,Safe,Safe,Safe,Safe
W_002,7/24/2026 9:13,Safe,Safe,Safe,Safe
W_002,7/24/2026 9:13,Safe,Safe,Safe,Safe
W_002,7/24/2026 9:13,Safe,Safe,Safe,Safe
W_002,7/24/2026 9:13,Safe,Safe,Safe,Safe
W_002,7/24/2026 9:13,Safe,Safe,Safe,Safe
W_002,7/24/2026 9:13,Safe,Safe,Safe,Safe
W_002,7/24/2026 9:13,Safe,Safe,Safe,Safe
W_002,7/24/2026 9:13,Safe,Safe,Safe,Safe
W_002,7/24/2026 9:13,Safe,Safe,Safe,Safe
W_002,7/24/2026 9:13,Safe,Safe,Safe,Safe
W_002,7/24/2026 9:13,Safe,Safe,Safe,Safe
W_002,7/24/2026 9:13,Safe,Safe,Safe,Safe
W_002,7/24/2026 9:13,Safe,Safe,Safe,Safe
W_002,7/24/2026 9:13,Safe,Safe,Safe,Safe
W_002,7/24/2026 9:13,Safe,Safe,Safe,Safe
W_002,7/24/2026 9:13,Safe,Safe,Safe,Safe
W_002,7/24/2026 9:13,Safe,Safe,Safe,Safe
W_002,7/24/2026 9:13,Safe,Safe,Safe,Safe
W_002,7/24/2026 9:13,Safe,Safe,Safe,Safe
W_002,7/24/2026 9:13,Safe,Safe,Safe,Safe
W_002,7/24/2026 9:13,Safe,Safe,Safe,Safe
W_002,7/24/2026 9:13,Safe,Safe,Safe,Safe
W_002,7/24/2026 9:13,Safe,Safe,Safe,Safe
W_002,7/24/2026 9:13,Safe,Safe,Safe,Safe
W_002,7/24/2026 9:13,Safe,Safe,Safe,Safe
W_002,7/24/2026 9:13,Safe,Safe,Safe,Safe
W_002,7/24/2026 9:13,Safe,Safe,Safe,Safe
W_002,7/24/2026 9:13,Safe,Safe,Safe,Safe
W_002,7/24/2026 9:13,Safe,Safe,Safe,Safe
W_002,7/24/2026 9:13,Safe,Safe,Safe,Safe
W_002,7/24/2026 9:13,Safe,Safe,Safe,Safe
W_002,7/24/2026 9:13,Safe,Safe,Safe,Safe
W_002,7/24/2026 9:13,Safe,Safe,Safe,Safe
W_002,7/24/2026 9:13,Safe,Safe,Safe,Safe
W_002,7/24/2026 9:13,Safe,Safe,Safe,Safe
W_002,7/24/2026 9:13,Safe,Safe,Safe,Safe
W_002,7/24/2026 9:13,Safe,Safe,Safe,Safe
W_002,7/24/2026 9:13,Safe,Safe,Safe,Safe
W_002,7/24/2026 9:14,Safe,Safe,Safe,Safe
W_002,7/24/2026 9:14,Safe,Safe,Safe,Safe
W_002,7/24/2026 9:14,Safe,Safe,Safe,Safe
W_002,7/24/2026 9:14,Safe,Safe,Safe,Safe
W_002,7/24/2026 9:14,Safe,Safe,Safe,Safe
W_002,7/24/2026 9:14,Safe,Safe,Safe,Safe
W_002,7/24/2026 9:14,Safe,Safe,Safe,Safe
W_002,7/24/2026 9:14,Safe,Safe,Safe,Safe
W_002,7/24/2026 9:14,Safe,Safe,Safe,Safe
W_002,7/24/2026 9:14,Safe,Safe,Safe,Safe
W_002,7/24/2026 9:14,Safe,Safe,Safe,Safe
W_002,7/24/2026 9:14,Safe,Safe,Safe,Safe
W_002,7/24/2026 9:14,Safe,Safe,Safe,Safe
W_002,7/24/2026 9:14,Safe,Safe,Safe,Safe
W_002,7/24/2026 9:14,Safe,Safe,Safe,Safe
W_002,7/24/2026 9:14,Safe,Safe,Safe,Safe
W_002,7/24/2026 9:14,Safe,Safe,Safe,Safe
W_002,7/24/2026 9:14,Safe,Safe,Safe,Safe
W_002,7/24/2026 9:14,Safe,Safe,Safe,Safe
W_002,7/24/2026 9:14,Safe,Safe,Safe,Safe
W_002,7/24/2026 9:14,Safe,Safe,Safe,Safe
W_002,7/24/2026 9:14,Safe,Safe,Safe,Safe
W_002,7/24/2026 9:14,Safe,Safe,Safe,Safe
W_002,7/24/2026 9:14,Safe,Safe,Safe,Safe
W_002,7/24/2026 9:14,Safe,Safe,Safe,Safe
W_002,7/24/2026 9:14,Safe,Safe,Safe,Safe
W_002,7/24/2026 9:14,Safe,Safe,Safe,Safe
W_002,7/24/2026 9:14,Safe,Safe,Safe,Safe
W_002,7/24/2026 9:14,Safe,Safe,Safe,Safe
W_002,7/24/2026 9:14,Safe,Safe,Safe,Safe
W_002,7/24/2026 9:14,Safe,Safe,Safe,Safe
W_002,7/24/2026 9:14,Safe,Safe,Safe,Safe
W_002,7/24/2026 9:14,Safe,Safe,Safe,Safe
W_002,7/24/2026 9:14,Safe,Safe,Safe,Safe
W_002,7/24/2026 9:14,Safe,Safe,Safe,Safe
W_002,7/24/2026 9:14,Safe,Safe,Safe,Safe
W_002,7/24/2026 9:14,Safe,Safe,Safe,Safe
W_002,7/24/2026 9:15,Safe,Safe,Safe,Safe
W_002,7/24/2026 9:15,Safe,Safe,Safe,Safe
W_002,7/24/2026 9:15,Safe,Safe,Safe,Safe
W_002,7/24/2026 9:15,Safe,Safe,Safe,Safe
W_002,7/24/2026 9:15,Safe,Safe,Safe,Safe
W_002,7/24/2026 9:15,Safe,Safe,Safe,Safe
W_002,7/24/2026 9:15,Safe,Safe,Safe,Safe
W_002,7/24/2026 9:15,Safe,Safe,Safe,Safe
W_002,7/24/2026 9:15,Safe,Safe,Safe,Safe
W_002,7/24/2026 9:15,Safe,Safe,Safe,Safe
W_002,7/24/2026 9:15,Safe,Safe,Safe,Safe
W_002,7/24/2026 9:15,Safe,Safe,Safe,Safe
W_002,7/24/2026 9:15,Safe,Safe,Safe,Safe
W_002,7/24/2026 9:15,Safe,Safe,Safe,Safe
W_002,7/24/2026 9:15,Safe,Safe,Safe,Safe
W_002,7/24/2026 9:15,Safe,Safe,Safe,Safe
W_002,7/24/2026 9:15,Safe,Safe,Safe,Safe
W_002,7/24/2026 9:15,Safe,Safe,Safe,Safe
W_002,7/24/2026 9:15,Safe,Safe,Safe,Safe
W_002,7/24/2026 9:15,Safe,Safe,Safe,Safe
W_002,7/24/2026 9:15,Safe,Safe,Safe,Safe
W_002,7/24/2026 9:15,Safe,Safe,Safe,Safe
W_002,7/24/2026 9:15,Safe,Safe,Safe,Safe
W_002,7/24/2026 9:15,Safe,Safe,Safe,Safe
W_002,7/24/2026 9:15,Safe,Safe,Safe,Safe
W_002,7/24/2026 9:15,Safe,Safe,Safe,Safe
W_002,7/24/2026 9:15,Safe,Safe,Safe,Safe
W_002,7/24/2026 9:15,Safe,Safe,Safe,Safe
W_002,7/24/2026 9:15,Safe,Safe,Safe,Safe
W_002,7/24/2026 9:15,Safe,Safe,Safe,Safe
W_002,7/24/2026 9:15,Safe,Safe,Safe,Safe
W_002,7/24/2026 9:15,Safe,Safe,Safe,Safe
W_002,7/24/2026 9:15,Safe,Safe,Safe,Safe
W_002,7/24/2026 9:15,Safe,Safe,Safe,Safe
W_002,7/24/2026 9:15,Safe,Safe,Safe,Safe
W_002,7/24/2026 9:15,Safe,Safe,Safe,Safe
W_002,7/24/2026 9:15,Safe,Safe,Safe,Safe
W_002,7/24/2026 9:15,Safe,Safe,Safe,Safe
W_002,7/24/2026 9:15,Safe,Safe,Safe,Safe
W_002,7/24/2026 9:15,Safe,Safe,Safe,Safe
W_002,7/24/2026 9:15,Safe,Safe,Safe,Safe
W_002,7/24/2026 9:15,Safe,Safe,Safe,Safe
W_002,7/24/2026 9:15,Safe,Safe,Safe,Safe
W_002,7/24/2026 9:15,Safe,Safe,Safe,Safe
W_002,7/24/2026 9:15,Safe,Safe,Safe,Safe
W_002,7/24/2026 9:15,Safe,Safe,Safe,Safe
W_002,7/24/2026 9:15,Safe,Safe,Safe,Safe
W_002,7/24/2026 9:15,Safe,Safe,Safe,Safe
W_002,7/24/2026 9:15,Safe,Safe,Safe,Safe
W_002,7/24/2026 9:15,Safe,Safe,Safe,Safe
W_002,7/24/2026 9:15,Safe,Safe,Safe,Safe
W_002,7/24/2026 9:15,Safe,Safe,Safe,Safe
W_002,7/24/2026 9:15,Safe,Safe,Safe,Safe
W_002,7/24/2026 9:15,Safe,Safe,Safe,Safe
W_002,7/24/2026 9:15,Safe,Safe,Safe,Safe
W_002,7/24/2026 9:15,Safe,Safe,Safe,Safe
W_002,7/24/2026 9:15,Safe,Safe,Safe,Safe
W_002,7/24/2026 9:15,Safe,Safe,Safe,Safe
W_002,7/24/2026 9:15,Safe,Safe,Safe,Safe
W_002,7/24/2026 9:15,Safe,Safe,Safe,Safe
W_002,7/24/2026 9:16,Safe,Safe,Safe,Safe
W_002,7/24/2026 9:16,Safe,Safe,Safe,Safe
W_002,7/24/2026 9:16,Safe,Safe,Safe,Safe
W_002,7/24/2026 9:16,Safe,Safe,Safe,Safe
W_002,7/24/2026 9:16,Safe,Safe,Safe,Safe
W_002,7/24/2026 9:16,Safe,Safe,Safe,Safe
W_002,7/24/2026 9:16,Safe,Safe,Safe,Safe
W_002,7/24/2026 9:16,Safe,Safe,Safe,Safe
W_002,7/24/2026 9:16,Safe,Safe,Safe,Safe
W_002,7/24/2026 9:16,Safe,Safe,Safe,Safe
W_002,7/24/2026 9:16,Safe,Safe,Safe,Safe
W_002,7/24/2026 9:16,Safe,Safe,Safe,Safe
W_002,7/24/2026 9:16,Safe,Safe,Safe,Safe
W_002,7/24/2026 9:16,Safe,Safe,Safe,Safe
W_002,7/24/2026 9:16,Safe,Safe,Safe,Safe
W_002,7/24/2026 9:16,Safe,Safe,Safe,Safe
W_002,7/24/2026 9:16,Safe,Safe,Safe,Safe
W_002,7/24/2026 9:16,Safe,Safe,Safe,Safe
W_002,7/24/2026 9:16,Safe,Safe,Safe,Safe
W_002,7/24/2026 9:16,Safe,Safe,Safe,Safe
W_002,7/24/2026 9:16,Safe,Safe,Safe,Safe
W_002,7/24/2026 9:16,Safe,Safe,Safe,Safe
W_002,7/24/2026 9:16,Safe,Safe,Safe,Safe
W_002,7/24/2026 9:16,Safe,Safe,Safe,Safe
W_002,7/24/2026 9:16,Safe,Safe,Safe,Safe
W_002,7/24/2026 9:16,Safe,Safe,Safe,Safe
W_002,7/24/2026 9:16,Safe,Safe,Safe,Safe
W_002,7/24/2026 9:16,Safe,Safe,Safe,Safe
W_002,7/24/2026 9:16,Safe,Safe,Safe,Safe
W_002,7/24/2026 9:16,Safe,Safe,Safe,Safe
W_002,7/24/2026 9:16,Safe,Safe,Safe,Safe
W_002,7/24/2026 9:16,Safe,Safe,Safe,Safe
W_002,7/24/2026 9:16,Safe,Safe,Safe,Safe
W_002,7/24/2026 9:16,Safe,Safe,Safe,Safe
W_002,7/24/2026 9:16,Safe,Safe,Safe,Safe
W_002,7/24/2026 9:16,Safe,Safe,Safe,Safe
W_002,7/24/2026 9:16,Safe,Safe,Safe,Safe
W_002,7/24/2026 9:16,Safe,Safe,Safe,Safe
W_002,7/24/2026 9:16,Safe,Safe,Safe,Safe
W_002,7/24/2026 9:16,Safe,Safe,Safe,Safe
W_002,7/24/2026 9:16,Safe,Safe,Safe,Safe
W_002,7/24/2026 9:16,Safe,Safe,Safe,Safe
W_002,7/24/2026 9:16,Safe,Safe,Safe,Safe
W_002,7/24/2026 9:16,Safe,Safe,Safe,Safe
W_002,7/24/2026 9:16,Safe,Safe,Safe,Safe
W_002,7/24/2026 9:16,Safe,Safe,Safe,Safe
W_002,7/24/2026 9:16,Safe,Safe,Safe,Safe
W_002,7/24/2026 9:16,Safe,Safe,Safe,Safe
W_002,7/24/2026 9:16,Safe,Safe,Safe,Safe
W_002,7/24/2026 9:16,Safe,Safe,Safe,Safe
W_002,7/24/2026 9:16,Safe,Safe,Safe,Safe
W_002,7/24/2026 9:16,Safe,Safe,Safe,Safe
W_002,7/24/2026 9:16,Safe,Safe,Safe,Safe
W_002,7/24/2026 9:16,Safe,Safe,Safe,Safe
W_002,7/24/2026 9:16,Safe,Safe,Safe,Safe
W_002,7/24/2026 9:16,Safe,Safe,Safe,Safe
W_002,7/24/2026 9:16,Safe,Safe,Safe,Safe
W_002,7/24/2026 9:16,Safe,Safe,Safe,Safe
W_002,7/24/2026 9:16,Safe,Safe,Safe,Safe
W_002,7/24/2026 9:16,Safe,Safe,Safe,Safe
W_002,7/24/2026 9:17,Safe,Safe,Safe,Safe
W_002,7/24/2026 9:17,Safe,Safe,Safe,Safe
W_002,7/24/2026 9:17,Safe,Safe,Safe,Safe
W_002,7/24/2026 9:17,Safe,Safe,Safe,Safe
W_002,7/24/2026 9:17,Safe,Safe,Safe,Safe
W_002,7/24/2026 9:17,Safe,Safe,Safe,Safe
W_002,7/24/2026 9:17,Safe,Safe,Safe,Safe
W_002,7/24/2026 9:17,Safe,Safe,Safe,Safe
W_002,7/24/2026 9:17,Safe,Safe,Safe,Safe
W_002,7/24/2026 9:17,Safe,Safe,Safe,Safe
W_002,7/24/2026 9:17,Safe,Safe,Safe,Safe
W_002,7/24/2026 9:17,Safe,Safe,Safe,Safe
W_002,7/24/2026 9:17,Safe,Safe,Safe,Safe
W_002,7/24/2026 9:17,Safe,Safe,Safe,Safe
W_002,7/24/2026 9:17,Safe,Safe,Safe,Safe
W_002,7/24/2026 9:17,Safe,Safe,Safe,Safe
W_002,7/24/2026 9:17,Safe,Safe,Safe,Safe
W_002,7/24/2026 9:17,Safe,Safe,Safe,Safe
W_002,7/24/2026 9:17,Safe,Safe,Safe,Safe
W_002,7/24/2026 9:17,Safe,Safe,Safe,Safe
W_002,7/24/2026 9:17,Safe,Safe,Safe,Safe
W_002,7/24/2026 9:17,Safe,Safe,Safe,Safe
W_002,7/24/2026 9:17,Safe,Safe,Safe,Safe
W_002,7/24/2026 9:17,Safe,Safe,Safe,Safe
W_002,7/24/2026 9:17,Safe,Safe,Safe,Safe
W_002,7/24/2026 9:17,Safe,Safe,Safe,Safe
W_002,7/24/2026 9:17,Safe,Safe,Safe,Safe
W_002,7/24/2026 9:17,Safe,Safe,Safe,Safe
W_002,7/24/2026 9:17,Safe,Safe,Safe,Safe
W_002,7/24/2026 9:17,Safe,Safe,Safe,Safe
W_002,7/24/2026 9:17,Safe,Safe,Safe,Safe
W_002,7/24/2026 9:17,Safe,Safe,Safe,Safe
W_002,7/24/2026 9:17,Safe,Safe,Safe,Safe
W_002,7/24/2026 9:17,Safe,Safe,Safe,Safe
W_002,7/24/2026 9:17,Safe,Safe,Safe,Safe
W_002,7/24/2026 9:17,Safe,Safe,Safe,Safe
W_002,7/24/2026 9:17,Safe,Safe,Safe,Safe
W_002,7/24/2026 9:17,Safe,Safe,Safe,Safe
W_002,7/24/2026 9:17,Safe,Safe,Safe,Safe
W_002,7/24/2026 9:17,Safe,Safe,Safe,Safe
W_002,7/24/2026 9:17,Safe,Safe,Safe,Safe
W_002,7/24/2026 9:17,Safe,Safe,Safe,Safe
W_002,7/24/2026 9:17,Safe,Safe,Safe,Safe
W_002,7/24/2026 9:17,Safe,Safe,Safe,Safe
W_002,7/24/2026 9:17,Safe,Safe,Safe,Safe
W_002,7/24/2026 9:17,Safe,Safe,Safe,Safe
W_002,7/24/2026 9:17,Safe,Safe,Safe,Safe
W_002,7/24/2026 9:17,Safe,Safe,Safe,Safe
W_002,7/24/2026 9:17,Safe,Safe,Safe,Safe
W_002,7/24/2026 9:17,Safe,Safe,Safe,Safe
W_002,7/24/2026 9:17,Safe,Safe,Safe,Safe
W_002,7/24/2026 9:17,Safe,Safe,Safe,Safe
W_002,7/24/2026 9:17,Safe,Safe,Safe,Safe
W_002,7/24/2026 9:17,Safe,Safe,Safe,Safe
W_002,7/24/2026 9:17,Safe,Safe,Safe,Safe
W_002,7/24/2026 9:17,Safe,Safe,Safe,Safe
W_002,7/24/2026 9:17,Safe,Safe,Safe,Safe
W_002,7/24/2026 9:17,Safe,Safe,Safe,Safe
W_002,7/24/2026 9:17,Safe,Safe,Safe,Safe
W_002,7/24/2026 9:17,Safe,Safe,Safe,Safe
W_002,7/24/2026 9:18,Safe,Safe,Safe,Safe
W_002,7/24/2026 9:18,Safe,Safe,Safe,Safe
W_002,7/24/2026 9:18,Safe,Safe,Safe,Safe
W_002,7/24/2026 9:18,Safe,Safe,Safe,Safe
W_002,7/24/2026 9:18,Safe,Safe,Safe,Safe
W_002,7/24/2026 9:18,Safe,Safe,Safe,Safe
W_002,7/24/2026 9:18,Safe,Safe,Safe,Safe
W_002,7/24/2026 9:18,Safe,Safe,Safe,Safe
W_002,7/24/2026 9:18,Safe,Safe,Safe,Safe
W_002,7/24/2026 9:18,Safe,Safe,Safe,Safe
W_002,7/24/2026 9:18,Safe,Safe,Safe,Safe
W_002,7/24/2026 9:18,Safe,Safe,Safe,Safe
W_002,7/24/2026 9:18,Safe,Safe,Safe,Safe
W_002,7/24/2026 9:18,Safe,Safe,Safe,Safe
W_002,7/24/2026 9:18,Safe,Safe,Safe,Safe
W_002,7/24/2026 9:18,Safe,Safe,Safe,Safe
W_002,7/24/2026 9:18,Safe,Safe,Safe,Safe
W_002,7/24/2026 9:18,Safe,Safe,Safe,Safe
W_002,7/24/2026 9:18,Safe,Safe,Safe,Safe
W_002,7/24/2026 9:18,Safe,Safe,Safe,Safe
W_002,7/24/2026 9:18,Safe,Safe,Safe,Safe
W_002,7/24/2026 9:18,Safe,Safe,Safe,Safe
W_002,7/24/2026 9:18,Safe,Safe,Safe,Safe
W_002,7/24/2026 9:18,Safe,Safe,Safe,Safe
W_002,7/24/2026 9:18,Safe,Safe,Safe,Safe
W_002,7/24/2026 9:18,Safe,Safe,Safe,Safe
W_002,7/24/2026 9:18,Safe,Safe,Safe,Safe
W_002,7/24/2026 9:18,Safe,Safe,Safe,Safe
W_002,7/24/2026 9:18,Safe,Safe,Safe,Safe
W_002,7/24/2026 9:18,Safe,Safe,Safe,Safe
W_002,7/24/2026 9:18,Safe,Safe,Safe,Safe
W_002,7/24/2026 9:18,Safe,Safe,Safe,Safe
W_002,7/24/2026 9:18,Safe,Safe,Safe,Safe
W_002,7/24/2026 9:18,Safe,Safe,Safe,Safe
W_002,7/24/2026 9:18,Safe,Safe,Safe,Safe
W_002,7/24/2026 9:18,Safe,Safe,Safe,Safe
W_002,7/24/2026 9:18,Safe,Safe,Safe,Safe
W_002,7/24/2026 9:18,Safe,Safe,Safe,Safe
W_002,7/24/2026 9:18,Safe,Safe,Safe,Safe
W_002,7/24/2026 9:18,Safe,Safe,Safe,Safe
W_002,7/24/2026 9:18,Safe,Safe,Safe,Safe
W_002,7/24/2026 9:18,Safe,Safe,Safe,Safe
W_002,7/24/2026 9:18,Safe,Safe,Safe,Safe
W_002,7/24/2026 9:18,Safe,Safe,Safe,Safe
W_002,7/24/2026 9:18,Safe,Safe,Safe,Safe
W_002,7/24/2026 9:18,Safe,Safe,Safe,Safe
W_002,7/24/2026 9:18,Safe,Safe,Safe,Safe
W_002,7/24/2026 9:18,Safe,Safe,Safe,Safe
W_002,7/24/2026 9:18,Safe,Safe,Safe,Safe
W_002,7/24/2026 9:18,Safe,Safe,Safe,Safe
W_002,7/24/2026 9:18,Safe,Safe,Safe,Safe
W_002,7/24/2026 9:18,Safe,Safe,Safe,Safe
W_002,7/24/2026 9:18,Safe,Safe,Safe,Safe
W_002,7/24/2026 9:18,Safe,Safe,Safe,Safe
W_002,7/24/2026 9:18,Safe,Safe,Safe,Safe
W_002,7/24/2026 9:18,Safe,Safe,Safe,Safe
W_002,7/24/2026 9:18,Safe,Safe,Safe,Safe
W_002,7/24/2026 9:18,Safe,Safe,Safe,Safe
W_002,7/24/2026 9:18,Safe,Safe,Safe,Safe
W_002,7/24/2026 9:18,Safe,Safe,Safe,Safe
W_002,7/24/2026 9:19,Safe,Safe,Safe,Safe
W_002,7/24/2026 9:19,Safe,Safe,Safe,Safe
W_002,7/24/2026 9:19,Safe,Safe,Safe,Safe
W_002,7/24/2026 9:19,Safe,Safe,Safe,Safe
W_002,7/24/2026 9:19,Safe,Safe,Safe,Safe
W_002,7/24/2026 9:19,Safe,Safe,Safe,Safe
W_002,7/24/2026 9:19,Safe,Safe,Safe,Safe
W_002,7/24/2026 9:19,Safe,Safe,Safe,Safe
W_002,7/24/2026 9:19,Safe,Safe,Safe,Safe
W_002,7/24/2026 9:19,Safe,Safe,Safe,Safe
W_002,7/24/2026 9:19,Safe,Safe,Safe,Safe
W_002,7/24/2026 9:19,Safe,Safe,Safe,Safe
W_002,7/24/2026 9:19,Safe,Safe,Safe,Safe
W_002,7/24/2026 9:19,Safe,Safe,Safe,Safe
W_002,7/24/2026 9:19,Safe,Safe,Safe,Safe
W_002,7/24/2026 9:19,Safe,Safe,Safe,Safe
W_002,7/24/2026 9:19,Safe,Safe,Safe,Safe
W_002,7/24/2026 9:19,Safe,Safe,Safe,Safe
W_002,7/24/2026 9:19,Safe,Safe,Safe,Safe
W_002,7/24/2026 9:19,Safe,Safe,Safe,Safe
W_002,7/24/2026 9:19,Safe,Safe,Safe,Safe
W_002,7/24/2026 9:19,Safe,Safe,Safe,Safe
W_002,7/24/2026 9:19,Safe,Safe,Safe,Safe
W_002,7/24/2026 9:19,Safe,Safe,Safe,Safe
W_002,7/24/2026 9:19,Safe,Safe,Safe,Safe
W_002,7/24/2026 9:19,Safe,Safe,Safe,Safe
W_002,7/24/2026 9:19,Safe,Safe,Safe,Safe
W_002,7/24/2026 9:19,Safe,Safe,Safe,Safe
W_002,7/24/2026 9:19,Safe,Safe,Safe,Safe
W_002,7/24/2026 9:19,Safe,Safe,Safe,Safe
W_002,7/24/2026 9:19,Safe,Safe,Safe,Safe
W_002,7/24/2026 9:19,Safe,Safe,Safe,Safe
W_002,7/24/2026 9:19,Safe,Safe,Safe,Safe
W_002,7/24/2026 9:19,Safe,Safe,Safe,Safe
W_002,7/24/2026 9:19,Safe,Safe,Safe,Safe
W_002,7/24/2026 9:19,Safe,Safe,Safe,Safe
W_002,7/24/2026 9:19,Safe,Safe,Safe,Safe
W_002,7/24/2026 9:19,Safe,Safe,Safe,Safe
W_002,7/24/2026 9:19,Safe,Safe,Safe,Safe
W_002,7/24/2026 9:19,Safe,Safe,Safe,Safe
W_002,7/24/2026 9:19,Safe,Safe,Safe,Safe
W_002,7/24/2026 9:19,Safe,Safe,Safe,Safe
W_002,7/24/2026 9:19,Safe,Safe,Safe,Safe
W_002,7/24/2026 9:19,Safe,Safe,Safe,Safe
W_002,7/24/2026 9:19,Safe,Safe,Safe,Safe
W_002,7/24/2026 9:19,Safe,Safe,Safe,Safe
W_002,7/24/2026 9:19,Safe,Safe,Safe,Safe
W_002,7/24/2026 9:19,Safe,Safe,Safe,Safe
W_002,7/24/2026 9:19,Safe,Safe,Safe,Safe
W_002,7/24/2026 9:19,Safe,Safe,Safe,Safe
W_002,7/24/2026 9:19,Safe,Safe,Safe,Safe
W_002,7/24/2026 9:19,Safe,Safe,Safe,Safe
W_002,7/24/2026 9:19,Safe,Safe,Safe,Safe
W_002,7/24/2026 9:19,Safe,Safe,Safe,Safe
W_002,7/24/2026 9:19,Safe,Safe,Safe,Safe
W_002,7/24/2026 9:19,Safe,Safe,Safe,Safe
W_002,7/24/2026 9:19,Safe,Safe,Safe,Safe
W_002,7/24/2026 9:19,Safe,Safe,Safe,Safe
W_002,7/24/2026 9:19,Safe,Safe,Safe,Safe
W_002,7/24/2026 9:19,Safe,Safe,Safe,Safe
W_002,7/24/2026 9:20,Safe,Safe,Safe,Safe
W_002,7/24/2026 9:20,Safe,Safe,Safe,Safe
W_002,7/24/2026 9:20,Safe,Safe,Safe,Safe
W_002,7/24/2026 9:20,Safe,Safe,Safe,Safe
W_002,7/24/2026 9:20,Safe,Safe,Safe,Safe
W_002,7/24/2026 9:20,Safe,Safe,Safe,Safe
W_002,7/24/2026 9:20,Safe,Safe,Safe,Safe
W_002,7/24/2026 9:20,Safe,Safe,Safe,Safe
W_002,7/24/2026 9:20,Safe,Safe,Safe,Safe
W_002,7/24/2026 9:20,Safe,Safe,Safe,Safe
W_002,7/24/2026 9:20,Safe,Safe,Safe,Safe
W_002,7/24/2026 9:20,Safe,Safe,Safe,Safe
W_002,7/24/2026 9:20,Safe,Safe,Safe,Safe
W_002,7/24/2026 9:20,Safe,Safe,Safe,Safe
W_002,7/24/2026 9:20,Safe,Safe,Safe,Safe
W_002,7/24/2026 9:20,Safe,Safe,Safe,Safe
W_002,7/24/2026 9:20,Safe,Safe,Safe,Safe
W_002,7/24/2026 9:20,Safe,Safe,Safe,Safe
W_002,7/24/2026 9:20,Safe,Safe,Safe,Safe
W_002,7/24/2026 9:20,Safe,Safe,Safe,Safe
W_002,7/24/2026 9:20,Safe,Safe,Safe,Safe
W_002,7/24/2026 9:20,Safe,Safe,Safe,Safe
W_002,7/24/2026 9:20,Safe,Safe,Safe,Safe
W_002,7/24/2026 9:20,Safe,Safe,Safe,Safe
W_002,7/24/2026 9:20,Safe,Safe,Safe,Safe
W_002,7/24/2026 9:20,Safe,Safe,Safe,Safe
W_002,7/24/2026 9:20,Safe,Safe,Safe,Safe
W_002,7/24/2026 9:20,Safe,Safe,Safe,Safe
W_002,7/24/2026 9:20,Safe,Safe,Safe,Safe
W_002,7/24/2026 9:20,Safe,Safe,Safe,Safe
W_002,7/24/2026 9:20,Safe,Safe,Safe,Safe
W_002,7/24/2026 9:20,Safe,Safe,Safe,Safe
W_002,7/24/2026 9:20,Safe,Safe,Safe,Safe
W_002,7/24/2026 9:20,Safe,Safe,Safe,Safe
W_002,7/24/2026 9:20,Safe,Safe,Safe,Safe
W_002,7/24/2026 9:20,Safe,Safe,Safe,Safe
W_002,7/24/2026 9:20,Safe,Safe,Safe,Safe
W_002,7/24/2026 9:20,Safe,Safe,Safe,Safe
W_002,7/24/2026 9:20,Safe,Safe,Safe,Safe
W_002,7/24/2026 9:20,Safe,Safe,Safe,Safe
W_002,7/24/2026 9:20,Safe,Safe,Safe,Safe
W_002,7/24/2026 9:20,Safe,Safe,Safe,Safe
W_002,7/24/2026 9:20,Safe,Safe,Safe,Safe
W_002,7/24/2026 9:20,Safe,Safe,Safe,Safe
W_002,7/24/2026 9:20,Safe,Safe,Safe,Safe
W_002,7/24/2026 9:20,Safe,Safe,Safe,Safe
W_002,7/24/2026 9:20,Safe,Safe,Safe,Safe
W_002,7/24/2026 9:20,Safe,Safe,Safe,Safe
W_002,7/24/2026 9:20,Safe,Safe,Safe,Safe
W_002,7/24/2026 9:20,Safe,Safe,Safe,Safe
W_002,7/24/2026 9:20,Safe,Safe,Safe,Safe
W_002,7/24/2026 9:20,Safe,Safe,Safe,Safe
W_002,7/24/2026 9:20,Safe,Safe,Safe,Safe
W_002,7/24/2026 9:20,Safe,Safe,Safe,Safe
W_002,7/24/2026 9:20,Safe,Safe,Safe,Safe
W_002,7/24/2026 9:20,Safe,Safe,Safe,Safe
W_002,7/24/2026 9:20,Safe,Safe,Safe,Safe
W_002,7/24/2026 9:20,Safe,Safe,Safe,Safe
W_002,7/24/2026 9:20,Safe,Safe,Safe,Safe
W_002,7/24/2026 9:20,Safe,Safe,Safe,Safe
W_002,7/24/2026 9:21,Safe,Safe,Safe,Safe
W_002,7/24/2026 9:21,Safe,Safe,Safe,Safe
W_002,7/24/2026 9:21,Safe,Safe,Safe,Safe
W_002,7/24/2026 9:21,Safe,Safe,Safe,Safe
W_002,7/24/2026 9:21,Safe,Safe,Safe,Safe
W_002,7/24/2026 9:21,Safe,Safe,Safe,Safe
W_002,7/24/2026 9:21,Safe,Safe,Safe,Safe
W_002,7/24/2026 9:21,Safe,Safe,Safe,Safe
W_002,7/24/2026 9:21,Safe,Safe,Safe,Safe
W_002,7/24/2026 9:21,Safe,Safe,Safe,Safe
W_002,7/24/2026 9:21,Safe,Safe,Safe,Safe
W_002,7/24/2026 9:21,Safe,Safe,Safe,Safe
W_002,7/24/2026 9:21,Safe,Safe,Safe,Safe
W_002,7/24/2026 9:21,Safe,Safe,Safe,Safe
W_002,7/24/2026 9:21,Safe,Safe,Safe,Safe
W_002,7/24/2026 9:21,Safe,Safe,Safe,Safe
W_002,7/24/2026 9:21,Safe,Safe,Safe,Safe
W_002,7/24/2026 9:21,Safe,Safe,Safe,Safe
W_002,7/24/2026 9:21,Safe,Safe,Safe,Safe
W_002,7/24/2026 9:21,Safe,Safe,Safe,Safe
W_002,7/24/2026 9:21,Safe,Safe,Safe,Safe
W_002,7/24/2026 9:21,Safe,Safe,Safe,Safe
W_002,7/24/2026 9:21,Safe,Safe,Safe,Safe
W_002,7/24/2026 9:21,Safe,Safe,Safe,Safe
W_002,7/24/2026 9:21,Safe,Safe,Safe,Safe
W_002,7/24/2026 9:21,Safe,Safe,Safe,Safe
W_002,7/24/2026 9:22,Safe,Safe,Safe,Safe
W_002,7/24/2026 9:22,Safe,Safe,Safe,Safe
W_002,7/24/2026 9:22,Safe,Safe,Safe,Safe
W_002,7/24/2026 9:22,Safe,Safe,Safe,Safe
W_002,7/24/2026 9:22,Safe,Safe,Safe,Safe
W_002,7/24/2026 9:22,Safe,Safe,Safe,Safe
W_002,7/24/2026 9:22,Safe,Safe,Safe,Safe
W_002,7/24/2026 9:22,Safe,Safe,Safe,Safe
W_002,7/24/2026 9:22,Safe,Safe,Safe,Safe
W_002,7/24/2026 9:22,Safe,Safe,Safe,Safe
W_002,7/24/2026 9:22,Safe,Safe,Safe,Safe
W_002,7/24/2026 9:22,Safe,Safe,Safe,Safe
W_002,7/24/2026 9:22,Safe,Safe,Safe,Safe
W_002,7/24/2026 9:22,Safe,Safe,Safe,Safe
W_002,7/24/2026 9:22,Safe,Safe,Safe,Safe
W_002,7/24/2026 9:22,Safe,Safe,Safe,Safe
W_002,7/24/2026 9:22,Safe,Safe,Safe,Safe
W_002,7/24/2026 9:22,Safe,Safe,Safe,Safe
W_002,7/24/2026 9:22,Safe,Safe,Safe,Safe
W_002,7/24/2026 9:22,Safe,Safe,Safe,Safe
W_002,7/24/2026 9:22,Safe,Safe,Safe,Safe
W_002,7/24/2026 9:22,Safe,Safe,Safe,Safe
W_002,7/24/2026 9:22,Safe,Safe,Safe,Safe
W_002,7/24/2026 9:22,Safe,Safe,Safe,Safe
W_002,7/24/2026 9:22,Safe,Safe,Safe,Safe
W_002,7/24/2026 9:22,Safe,Safe,Safe,Safe
W_002,7/24/2026 9:22,Safe,Safe,Safe,Safe
W_002,7/24/2026 9:22,Safe,Safe,Safe,Safe
W_002,7/24/2026 9:22,Safe,Safe,Safe,Safe
W_002,7/24/2026 9:22,Safe,Safe,Safe,Safe
W_002,7/24/2026 9:22,Safe,Safe,Safe,Safe
W_002,7/24/2026 9:22,Safe,Safe,Safe,Safe
W_002,7/24/2026 9:22,Safe,Safe,Safe,Safe
W_002,7/24/2026 9:22,Safe,Safe,Safe,Safe
W_002,7/24/2026 9:22,Safe,Safe,Safe,Safe
W_002,7/24/2026 9:22,Safe,Safe,Safe,Safe
W_002,7/24/2026 9:22,Safe,Safe,Safe,Safe
W_002,7/24/2026 9:22,Safe,Safe,Safe,Safe
W_002,7/24/2026 9:22,Safe,Safe,Safe,Safe
W_002,7/24/2026 9:22,Safe,Safe,Safe,Safe
W_002,7/24/2026 9:22,Safe,Safe,Safe,Safe
W_002,7/24/2026 9:22,Safe,Safe,Safe,Safe
W_002,7/24/2026 9:22,Safe,Safe,Safe,Safe
W_002,7/24/2026 9:22,Safe,Safe,Safe,Safe
W_002,7/24/2026 9:22,Safe,Safe,Safe,Safe
W_002,7/24/2026 9:22,Safe,Safe,Safe,Safe
W_002,7/24/2026 9:22,Safe,Safe,Safe,Safe
W_002,7/24/2026 9:22,Safe,Safe,Safe,Safe
W_002,7/24/2026 9:22,Safe,Safe,Safe,Safe
W_002,7/24/2026 9:22,Safe,Safe,Safe,Safe
W_002,7/24/2026 9:22,Safe,Safe,Safe,Safe
W_002,7/24/2026 9:22,Safe,Safe,Safe,Safe
W_002,7/24/2026 9:22,Safe,Safe,Safe,Safe
W_002,7/24/2026 9:22,Safe,Safe,Safe,Safe
W_002,7/24/2026 9:22,Safe,Safe,Safe,Safe
W_002,7/24/2026 9:22,Safe,Safe,Safe,Safe
W_002,7/24/2026 9:22,Safe,Safe,Safe,Safe
W_002,7/24/2026 9:22,Safe,Safe,Safe,Safe
W_002,7/24/2026 9:22,Safe,Safe,Safe,Safe
W_002,7/24/2026 9:22,Safe,Safe,Safe,Safe
W_002,7/24/2026 9:23,Safe,Safe,Safe,Safe
W_002,7/24/2026 9:23,Safe,Safe,Safe,Safe
W_002,7/24/2026 9:23,Safe,Safe,Safe,Safe
W_002,7/24/2026 9:23,Safe,Safe,Safe,Safe
W_002,7/24/2026 9:23,Safe,Safe,Safe,Safe
W_002,7/24/2026 9:23,Safe,Safe,Safe,Safe
W_002,7/24/2026 9:23,Safe,Safe,Safe,Safe
W_002,7/24/2026 9:23,Safe,Safe,Safe,Safe
W_002,7/24/2026 9:23,Safe,Safe,Safe,Safe
W_002,7/24/2026 9:23,Safe,Safe,Safe,Safe
W_002,7/24/2026 9:23,Safe,Safe,Safe,Safe
W_002,7/24/2026 9:23,Safe,Safe,Safe,Safe
W_002,7/24/2026 9:23,Safe,Safe,Safe,Safe
W_002,7/24/2026 9:23,Safe,Safe,Safe,Safe
W_002,7/24/2026 9:23,Safe,Safe,Safe,Safe
W_002,7/24/2026 9:23,Safe,Safe,Safe,Safe
W_002,7/24/2026 9:23,Safe,Safe,Safe,Safe
W_002,7/24/2026 9:23,Safe,Safe,Safe,Safe
W_002,7/24/2026 9:23,Safe,Safe,Safe,Safe
W_002,7/24/2026 9:23,Safe,Safe,Safe,Safe
W_002,7/24/2026 9:23,Safe,Safe,Safe,Safe
W_002,7/24/2026 9:23,Safe,Safe,Safe,Safe
W_002,7/24/2026 9:23,Safe,Safe,Safe,Safe
W_002,7/24/2026 9:23,Safe,Safe,Safe,Safe
W_002,7/24/2026 9:23,Safe,Safe,Safe,Safe
W_002,7/24/2026 9:23,Safe,Safe,Safe,Safe
W_002,7/24/2026 9:23,Safe,Safe,Safe,Safe
W_002,7/24/2026 9:23,Safe,Safe,Safe,Safe
W_002,7/24/2026 9:23,Safe,Safe,Safe,Safe
W_002,7/24/2026 9:23,Safe,Safe,Safe,Safe
W_002,7/24/2026 9:23,Safe,Safe,Safe,Safe
W_002,7/24/2026 9:23,Safe,Safe,Safe,Safe
W_002,7/24/2026 9:23,Safe,Safe,Safe,Safe
W_002,7/24/2026 9:23,Safe,Safe,Safe,Safe
W_002,7/24/2026 9:23,Safe,Safe,Safe,Safe
W_002,7/24/2026 9:23,Safe,Safe,Safe,Safe
W_002,7/24/2026 9:23,Safe,Safe,Safe,Safe
W_002,7/24/2026 9:23,Safe,Safe,Safe,Safe
W_002,7/24/2026 9:23,Safe,Safe,Safe,Safe
W_002,7/24/2026 9:23,Safe,Safe,Safe,Safe
W_002,7/24/2026 9:23,Safe,Safe,Safe,Safe
W_002,7/24/2026 9:23,Safe,Safe,Safe,Safe
W_002,7/24/2026 9:23,Safe,Safe,Safe,Safe
W_002,7/24/2026 9:23,Safe,Safe,Safe,Safe
W_002,7/24/2026 9:23,Safe,Safe,Safe,Safe
W_002,7/24/2026 9:23,Safe,Safe,Safe,Safe
W_002,7/24/2026 9:23,Safe,Safe,Safe,Safe
W_002,7/24/2026 9:23,Safe,Safe,Safe,Safe
W_002,7/24/2026 9:23,Safe,Safe,Safe,Safe
W_002,7/24/2026 9:23,Safe,Safe,Safe,Safe
W_002,7/24/2026 9:23,Safe,Safe,Safe,Safe
W_002,7/24/2026 9:23,Safe,Safe,Safe,Safe
W_002,7/24/2026 9:23,Safe,Safe,Safe,Safe
W_002,7/24/2026 9:23,Safe,Safe,Safe,Safe
W_002,7/24/2026 9:23,Safe,Safe,Safe,Safe
W_002,7/24/2026 9:23,Safe,Safe,Safe,Safe
W_002,7/24/2026 9:23,Safe,Safe,Safe,Safe
W_002,7/24/2026 9:23,Safe,Safe,Safe,Safe
W_002,7/24/2026 9:23,Safe,Safe,Safe,Safe
W_002,7/24/2026 9:23,Safe,Safe,Safe,Safe
W_002,7/24/2026 9:24,Safe,Safe,Safe,Safe
W_002,7/24/2026 9:24,Safe,Safe,Safe,Safe
W_002,7/24/2026 9:24,Safe,Safe,Safe,Safe
W_002,7/24/2026 9:24,Safe,Safe,Safe,Safe
W_002,7/24/2026 9:24,Safe,Safe,Safe,Safe
W_002,7/24/2026 9:24,Safe,Safe,Safe,Safe
W_002,7/24/2026 9:24,Safe,Safe,Safe,Safe
W_002,7/24/2026 9:24,Safe,Safe,Safe,Safe
W_002,7/24/2026 9:24,Safe,Safe,Safe,Safe
W_002,7/24/2026 9:24,Safe,Safe,Safe,Safe
W_002,7/24/2026 9:24,Safe,Safe,Safe,Safe
W_002,7/24/2026 9:24,Safe,Safe,Safe,Safe
W_002,7/24/2026 9:24,Safe,Safe,Safe,Safe
W_002,7/24/2026 9:24,Safe,Safe,Safe,Safe
W_002,7/24/2026 9:24,Safe,Safe,Safe,Safe
W_002,7/24/2026 9:24,Safe,Safe,Safe,Safe
W_002,7/24/2026 9:24,Safe,Safe,Safe,Safe
W_002,7/24/2026 9:24,Safe,Safe,Safe,Safe
W_002,7/24/2026 9:24,Safe,Safe,Safe,Safe
W_002,7/24/2026 9:24,Safe,Safe,Safe,Safe
W_002,7/24/2026 9:24,Safe,Safe,Safe,Safe
W_002,7/24/2026 9:24,Safe,Safe,Safe,Safe
W_002,7/24/2026 9:24,Safe,Safe,Safe,Safe
W_002,7/24/2026 9:24,Safe,Safe,Safe,Safe
W_002,7/24/2026 9:24,Safe,Safe,Safe,Safe
W_002,7/24/2026 9:24,Safe,Safe,Safe,Safe
W_002,7/24/2026 9:24,Safe,Safe,Safe,Safe
W_002,7/24/2026 9:24,Safe,Safe,Safe,Safe
W_002,7/24/2026 9:24,Safe,Safe,Safe,Safe
W_002,7/24/2026 9:24,Safe,Safe,Safe,Safe
W_002,7/24/2026 9:24,Safe,Safe,Safe,Safe
W_002,7/24/2026 9:24,Safe,Safe,Safe,Safe
W_002,7/24/2026 9:24,Safe,Safe,Safe,Safe
W_002,7/24/2026 9:24,Safe,Safe,Safe,Safe
W_002,7/24/2026 9:24,Safe,Safe,Safe,Safe
W_002,7/24/2026 9:24,Safe,Safe,Safe,Safe
W_002,7/24/2026 9:24,Safe,Safe,Safe,Safe
W_002,7/24/2026 9:24,Safe,Safe,Safe,Safe
W_002,7/24/2026 9:24,Safe,Safe,Safe,Safe
W_002,7/24/2026 9:24,Safe,Safe,Safe,Safe
W_002,7/24/2026 9:24,Safe,Safe,Safe,Safe
W_002,7/24/2026 9:24,Safe,Safe,Safe,Safe
W_002,7/24/2026 9:24,Safe,Safe,Safe,Safe
W_002,7/24/2026 9:24,Safe,Safe,Safe,Safe
W_002,7/24/2026 9:24,Safe,Safe,Safe,Safe
W_002,7/24/2026 9:24,Safe,Safe,Safe,Safe
W_002,7/24/2026 9:24,Safe,Safe,Safe,Safe
W_002,7/24/2026 9:24,Safe,Safe,Safe,Safe
W_002,7/24/2026 9:24,Safe,Safe,Safe,Safe
W_002,7/24/2026 9:24,Safe,Safe,Safe,Safe
W_002,7/24/2026 9:24,Safe,Safe,Safe,Safe
W_002,7/24/2026 9:24,Safe,Safe,Safe,Safe
W_002,7/24/2026 9:24,Safe,Safe,Safe,Safe
W_002,7/24/2026 9:24,Safe,Safe,Safe,Safe
W_002,7/24/2026 9:24,Safe,Safe,Safe,Safe
W_002,7/24/2026 9:24,Safe,Safe,Safe,Safe
W_002,7/24/2026 9:24,Safe,Safe,Safe,Safe
W_002,7/24/2026 9:24,Safe,Safe,Safe,Safe
W_002,7/24/2026 9:24,Safe,Safe,Safe,Safe
W_002,7/24/2026 9:24,Safe,Safe,Safe,Safe
W_002,7/24/2026 9:25,Safe,Safe,Safe,Safe
W_002,7/24/2026 9:25,Safe,Safe,Safe,Safe
W_002,7/24/2026 9:25,Safe,Safe,Safe,Safe
W_002,7/24/2026 9:25,Safe,Safe,Safe,Safe
W_002,7/24/2026 9:25,Safe,Safe,Safe,Safe
W_002,7/24/2026 9:25,Safe,Safe,Safe,Safe
W_002,7/24/2026 9:25,Safe,Safe,Safe,Safe
W_002,7/24/2026 9:25,Safe,Safe,Safe,Safe
W_002,7/24/2026 9:25,Safe,Safe,Safe,Safe
W_002,7/24/2026 9:25,Safe,Safe,Safe,Safe
W_002,7/24/2026 9:25,Safe,Safe,Safe,Safe
W_002,7/24/2026 9:25,Safe,Safe,Safe,Safe
W_002,7/24/2026 9:25,Safe,Safe,Safe,Safe
W_002,7/24/2026 9:25,Safe,Safe,Safe,Safe
W_002,7/24/2026 9:25,Safe,Safe,Safe,Safe
W_002,7/24/2026 9:25,Safe,Safe,Safe,Safe
W_002,7/24/2026 9:25,Safe,Safe,Safe,Safe
W_002,7/24/2026 9:25,Safe,Safe,Safe,Safe
W_002,7/24/2026 9:25,Safe,Safe,Safe,Safe
W_002,7/24/2026 9:25,Safe,Safe,Safe,Safe
W_002,7/24/2026 9:25,Safe,Safe,Safe,Safe
W_002,7/24/2026 9:25,Safe,Safe,Safe,Safe
W_002,7/24/2026 9:25,Safe,Safe,Safe,Safe
W_002,7/24/2026 9:25,Safe,Safe,Safe,Safe
W_002,7/24/2026 9:25,Safe,Safe,Safe,Safe
W_002,7/24/2026 9:25,Safe,Safe,Safe,Safe
W_002,7/24/2026 9:25,Safe,Safe,Safe,Safe
W_002,7/24/2026 9:25,Safe,Safe,Safe,Safe
W_002,7/24/2026 9:25,Safe,Safe,Safe,Safe
W_002,7/24/2026 9:25,Safe,Safe,Safe,Safe
W_002,7/24/2026 9:25,Safe,Safe,Safe,Safe
W_002,7/24/2026 9:25,Safe,Safe,Safe,Safe
W_002,7/24/2026 9:25,Safe,Safe,Safe,Safe
W_002,7/24/2026 9:25,Safe,Safe,Safe,Safe
W_002,7/24/2026 9:25,Safe,Safe,Safe,Safe
W_002,7/24/2026 9:25,Safe,Safe,Safe,Safe
W_002,7/24/2026 9:25,Safe,Safe,Safe,Safe
W_002,7/24/2026 9:25,Safe,Safe,Safe,Safe
W_002,7/24/2026 9:25,Safe,Safe,Safe,Safe
W_002,7/24/2026 9:25,Safe,Safe,Safe,Safe
W_002,7/24/2026 9:25,Safe,Safe,Safe,Safe
W_002,7/24/2026 9:25,Safe,Safe,Safe,Safe
W_002,7/24/2026 9:25,Safe,Safe,Safe,Safe
W_002,7/24/2026 9:25,Safe,Safe,Safe,Safe
W_002,7/24/2026 9:25,Safe,Safe,Safe,Safe
W_002,7/24/2026 9:25,Safe,Safe,Safe,Safe
W_002,7/24/2026 9:25,Safe,Safe,Safe,Safe
W_002,7/24/2026 9:25,Safe,Safe,Safe,Safe
W_002,7/24/2026 9:25,Safe,Safe,Safe,Safe
W_002,7/24/2026 9:25,Safe,Safe,Safe,Safe
W_002,7/24/2026 9:25,Safe,Safe,Safe,Safe
W_002,7/24/2026 9:25,Safe,Safe,Safe,Safe
W_002,7/24/2026 9:25,Safe,Safe,Safe,Safe
W_002,7/24/2026 9:25,Safe,Safe,Safe,Safe
W_002,7/24/2026 9:25,Safe,Safe,Safe,Safe
W_002,7/24/2026 9:25,Safe,Safe,Safe,Safe
W_002,7/24/2026 9:25,Safe,Safe,Safe,Safe
W_002,7/24/2026 9:25,Safe,Safe,Safe,Safe
W_002,7/24/2026 9:25,Safe,Safe,Safe,Safe
W_002,7/24/2026 9:25,Safe,Safe,Safe,Safe
W_002,7/24/2026 9:26,Safe,Safe,Safe,Safe
W_002,7/24/2026 9:26,Safe,Safe,Safe,Safe
W_002,7/24/2026 9:26,Safe,Safe,Safe,Safe
W_002,7/24/2026 9:26,Safe,Safe,Safe,Safe
W_002,7/24/2026 9:26,Safe,Safe,Safe,Safe
W_002,7/24/2026 9:26,Safe,Safe,Safe,Safe
W_002,7/24/2026 9:26,Safe,Safe,Safe,Safe
W_002,7/24/2026 9:26,Safe,Safe,Safe,Safe
W_002,7/24/2026 9:26,Safe,Safe,Safe,Safe
W_002,7/24/2026 9:26,Safe,Safe,Safe,Safe
W_002,7/24/2026 9:26,Safe,Safe,Safe,Safe
W_002,7/24/2026 9:26,Safe,Safe,Safe,Safe
W_002,7/24/2026 9:26,Safe,Safe,Safe,Safe
W_002,7/24/2026 9:26,Safe,Safe,Safe,Safe
W_002,7/24/2026 9:26,Safe,Safe,Safe,Safe
W_002,7/24/2026 9:26,Safe,Safe,Safe,Safe
W_002,7/24/2026 9:26,Safe,Safe,Safe,Safe
W_002,7/24/2026 9:26,Safe,Safe,Safe,Safe
W_002,7/24/2026 9:26,Safe,Safe,Safe,Safe
W_002,7/24/2026 9:26,Safe,Safe,Safe,Safe
W_002,7/24/2026 9:26,Safe,Safe,Safe,Safe
W_002,7/24/2026 9:26,Safe,Safe,Safe,Safe
W_002,7/24/2026 9:26,Safe,Safe,Safe,Safe
W_002,7/24/2026 9:26,Safe,Safe,Safe,Safe
W_002,7/24/2026 9:26,Safe,Safe,Safe,Safe
W_002,7/24/2026 9:26,Safe,Safe,Safe,Safe
W_002,7/24/2026 9:26,Safe,Safe,Safe,Safe
W_002,7/24/2026 9:26,Safe,Safe,Safe,Safe
W_002,7/24/2026 9:26,Safe,Safe,Safe,Safe
W_002,7/24/2026 9:26,Safe,Safe,Safe,Safe
W_002,7/24/2026 9:26,Safe,Safe,Safe,Safe
W_002,7/24/2026 9:26,Safe,Safe,Safe,Safe
W_002,7/24/2026 9:26,Safe,Safe,Safe,Safe
W_002,7/24/2026 9:26,Safe,Safe,Safe,Safe
W_002,7/24/2026 9:26,Safe,Safe,Safe,Safe
W_002,7/24/2026 9:26,Safe,Safe,Safe,Safe
W_002,7/24/2026 9:26,Safe,Safe,Safe,Safe
W_002,7/24/2026 9:26,Safe,Safe,Safe,Safe
W_002,7/24/2026 9:26,Safe,Safe,Safe,Safe
W_002,7/24/2026 9:26,Safe,Safe,Safe,Safe
W_002,7/24/2026 9:26,Safe,Safe,Safe,Safe
W_002,7/24/2026 9:26,Safe,Safe,Safe,Safe
W_002,7/24/2026 9:26,Safe,Safe,Safe,Safe
W_002,7/24/2026 9:26,Safe,Safe,Safe,Safe
W_002,7/24/2026 9:26,Safe,Safe,Safe,Safe
W_002,7/24/2026 9:26,Safe,Safe,Safe,Safe
W_002,7/24/2026 9:26,Safe,Safe,Safe,Safe
W_002,7/24/2026 9:26,Safe,Safe,Safe,Safe
W_002,7/24/2026 9:26,Safe,Safe,Safe,Safe
W_002,7/24/2026 9:26,Safe,Safe,Safe,Safe
W_002,7/24/2026 9:26,Safe,Safe,Safe,Safe
W_002,7/24/2026 9:26,Safe,Safe,Safe,Safe
W_002,7/24/2026 9:26,Safe,Safe,Safe,Safe
W_002,7/24/2026 9:26,Safe,Safe,Safe,Safe
W_002,7/24/2026 9:26,Safe,Safe,Safe,Safe
W_002,7/24/2026 9:26,Safe,Safe,Safe,Safe
W_002,7/24/2026 9:26,Safe,Safe,Safe,Safe
W_002,7/24/2026 9:26,Safe,Safe,Safe,Safe
W_002,7/24/2026 9:26,Safe,Safe,Safe,Safe
W_002,7/24/2026 9:26,Safe,Safe,Safe,Safe
W_002,7/24/2026 9:27,Safe,Safe,Safe,Safe
W_002,7/24/2026 9:27,Safe,Safe,Safe,Safe
W_002,7/24/2026 9:27,Safe,Safe,Safe,Safe
W_002,7/24/2026 9:27,Safe,Safe,Safe,Safe
W_002,7/24/2026 9:27,Safe,Safe,Safe,Safe
W_002,7/24/2026 9:27,Safe,Safe,Safe,Safe
W_002,7/24/2026 9:27,Safe,Safe,Safe,Safe
W_002,7/24/2026 9:27,Safe,Safe,Safe,Safe
W_002,7/24/2026 9:27,Safe,Safe,Safe,Safe
W_002,7/24/2026 9:27,Safe,Safe,Safe,Safe
W_002,7/24/2026 9:27,Safe,Safe,Safe,Safe
W_002,7/24/2026 9:27,Safe,Safe,Safe,Safe
W_002,7/24/2026 9:27,Safe,Safe,Safe,Safe
W_002,7/24/2026 9:27,Safe,Safe,Safe,Safe
W_002,7/24/2026 9:27,Safe,Safe,Safe,Safe
W_002,7/24/2026 9:27,Safe,Safe,Safe,Safe
W_002,7/24/2026 9:27,Safe,Safe,Safe,Safe
W_002,7/24/2026 9:27,Safe,Safe,Safe,Safe
W_002,7/24/2026 9:27,Safe,Safe,Safe,Safe
W_002,7/24/2026 9:27,Safe,Safe,Safe,Safe
W_002,7/24/2026 9:27,Safe,Safe,Safe,Safe
W_002,7/24/2026 9:27,Safe,Safe,Safe,Safe
W_002,7/24/2026 9:27,Safe,Safe,Safe,Safe
W_002,7/24/2026 9:27,Safe,Safe,Safe,Safe
W_002,7/24/2026 9:27,Safe,Safe,Safe,Safe
W_002,7/24/2026 9:27,Safe,Safe,Safe,Safe
W_002,7/24/2026 9:27,Safe,Safe,Safe,Safe
W_002,7/24/2026 9:27,Safe,Safe,Safe,Safe
W_002,7/24/2026 9:27,Safe,Safe,Safe,Safe
W_002,7/24/2026 9:27,Safe,Safe,Safe,Safe
W_002,7/24/2026 9:27,Safe,Safe,Safe,Safe
W_002,7/24/2026 9:27,Safe,Safe,Safe,Safe
W_002,7/24/2026 9:27,Safe,Safe,Safe,Safe
W_002,7/24/2026 9:27,Safe,Safe,Safe,Safe
W_002,7/24/2026 9:27,Safe,Safe,Safe,Safe
W_002,7/24/2026 9:27,Safe,Safe,Safe,Safe
W_002,7/24/2026 9:27,Safe,Safe,Safe,Safe
W_002,7/24/2026 9:27,Safe,Safe,Safe,Safe
W_002,7/24/2026 9:27,Safe,Safe,Safe,Safe
W_002,7/24/2026 9:27,Safe,Safe,Safe,Safe
W_002,7/24/2026 9:27,Safe,Safe,Safe,Safe
W_002,7/24/2026 9:27,Safe,Safe,Safe,Safe
W_002,7/24/2026 9:27,Safe,Safe,Safe,Safe
W_002,7/24/2026 9:27,Safe,Safe,Safe,Safe
W_002,7/24/2026 9:27,Safe,Safe,Safe,Safe
W_002,7/24/2026 9:27,Safe,Safe,Safe,Safe
W_002,7/24/2026 9:27,Safe,Safe,Safe,Safe
W_002,7/24/2026 9:27,Safe,Safe,Safe,Safe
W_002,7/24/2026 9:27,Safe,Safe,Safe,Safe
W_002,7/24/2026 9:27,Safe,Safe,Safe,Safe
W_002,7/24/2026 9:27,Safe,Safe,Safe,Safe
W_002,7/24/2026 9:27,Safe,Safe,Safe,Safe
W_002,7/24/2026 9:27,Safe,Safe,Safe,Safe
W_002,7/24/2026 9:27,Safe,Safe,Safe,Safe
W_002,7/24/2026 9:27,Safe,Safe,Safe,Safe
W_002,7/24/2026 9:27,Safe,Safe,Safe,Safe
W_002,7/24/2026 9:27,Safe,Safe,Safe,Safe
W_002,7/24/2026 9:27,Safe,Safe,Safe,Safe
W_002,7/24/2026 9:27,Safe,Safe,Safe,Safe
W_002,7/24/2026 9:27,Safe,Safe,Safe,Safe
W_002,7/24/2026 9:28,Safe,Safe,Safe,Safe
W_002,7/24/2026 9:28,Safe,Safe,Safe,Safe
W_002,7/24/2026 9:28,Safe,Safe,Safe,Safe
W_002,7/24/2026 9:28,Safe,Safe,Safe,Safe
W_002,7/24/2026 9:28,Safe,Safe,Safe,Safe
W_002,7/24/2026 9:28,Safe,Safe,Safe,Safe
W_002,7/24/2026 9:28,Safe,Safe,Safe,Safe
W_002,7/24/2026 9:28,Safe,Safe,Safe,Safe
W_002,7/24/2026 9:28,Safe,Safe,Safe,Safe
W_002,7/24/2026 9:28,Safe,Safe,Safe,Safe
W_002,7/24/2026 9:28,Safe,Safe,Safe,Safe
W_002,7/24/2026 9:28,Safe,Safe,Safe,Safe
W_002,7/24/2026 9:28,Safe,Safe,Safe,Safe
W_002,7/24/2026 9:28,Safe,Safe,Safe,Safe
W_002,7/24/2026 9:28,Safe,Safe,Safe,Safe
W_002,7/24/2026 9:28,Safe,Safe,Safe,Safe
W_002,7/24/2026 9:28,Safe,Safe,Safe,Safe
W_002,7/24/2026 9:28,Safe,Safe,Safe,Safe
W_002,7/24/2026 9:28,Safe,Safe,Safe,Safe
W_002,7/24/2026 9:28,Safe,Safe,Safe,Safe
W_002,7/24/2026 9:28,Safe,Safe,Safe,Safe
W_002,7/24/2026 9:28,Safe,Safe,Safe,Safe
W_002,7/24/2026 9:28,Safe,Safe,Safe,Safe
W_002,7/24/2026 9:28,Safe,Safe,Safe,Safe
W_002,7/24/2026 9:28,Safe,Safe,Safe,Safe
W_002,7/24/2026 9:28,Safe,Safe,Safe,Safe
W_002,7/24/2026 9:28,Safe,Safe,Safe,Safe
W_002,7/24/2026 9:28,Safe,Safe,Safe,Safe
W_002,7/24/2026 9:28,Safe,Safe,Safe,Safe
W_002,7/24/2026 9:28,Safe,Safe,Safe,Safe
W_002,7/24/2026 9:28,Safe,Safe,Safe,Safe
W_002,7/24/2026 9:28,Safe,Safe,Safe,Safe
W_002,7/24/2026 9:28,Safe,Safe,Safe,Safe
W_002,7/24/2026 9:28,Safe,Safe,Safe,Safe
W_002,7/24/2026 9:28,Safe,Safe,Safe,Safe
W_002,7/24/2026 9:28,Safe,Safe,Safe,Safe
W_002,7/24/2026 9:28,Safe,Safe,Safe,Safe
W_002,7/24/2026 9:28,Safe,Safe,Safe,Safe
W_002,7/24/2026 9:28,Safe,Safe,Safe,Safe
W_002,7/24/2026 9:28,Safe,Safe,Safe,Safe
W_002,7/24/2026 9:28,Safe,Safe,Safe,Safe
W_002,7/24/2026 9:28,Safe,Safe,Safe,Safe
W_002,7/24/2026 9:28,Safe,Safe,Safe,Safe
W_002,7/24/2026 9:28,Safe,Safe,Safe,Safe
W_002,7/24/2026 9:28,Safe,Safe,Safe,Safe
W_002,7/24/2026 9:28,Safe,Safe,Safe,Safe
W_002,7/24/2026 9:28,Safe,Safe,Safe,Safe
W_002,7/24/2026 9:28,Safe,Safe,Safe,Safe
W_002,7/24/2026 9:28,Safe,Safe,Safe,Safe
W_002,7/24/2026 9:28,Safe,Safe,Safe,Safe
W_002,7/24/2026 9:28,Safe,Safe,Safe,Safe
W_002,7/24/2026 9:28,Safe,Safe,Safe,Safe
W_002,7/24/2026 9:28,Safe,Safe,Safe,Safe
W_002,7/24/2026 9:28,Safe,Safe,Safe,Safe
W_002,7/24/2026 9:28,Safe,Safe,Safe,Safe
W_002,7/24/2026 9:28,Safe,Safe,Safe,Safe
W_002,7/24/2026 9:28,Safe,Safe,Safe,Safe
W_002,7/24/2026 9:29,Safe,Safe,Safe,Safe
W_002,7/24/2026 9:29,Safe,Safe,Safe,Safe
W_002,7/24/2026 9:29,Safe,Safe,Safe,Safe
W_002,7/24/2026 9:29,Safe,Safe,Safe,Safe
W_002,7/24/2026 9:29,Safe,Safe,Safe,Safe
W_002,7/24/2026 9:29,Safe,Safe,Safe,Safe
W_002,7/24/2026 9:29,Safe,Safe,Safe,Safe
W_002,7/24/2026 9:29,Safe,Safe,Safe,Safe
W_002,7/24/2026 9:29,Safe,Safe,Safe,Safe
W_002,7/24/2026 9:29,Safe,Safe,Safe,Safe
W_002,7/24/2026 9:29,Safe,Safe,Safe,Safe
W_002,7/24/2026 9:29,Safe,Safe,Safe,Safe
W_002,7/24/2026 9:29,Safe,Safe,Safe,Safe
W_002,7/24/2026 9:29,Safe,Safe,Safe,Safe
W_002,7/24/2026 9:29,Safe,Safe,Safe,Safe
W_002,7/24/2026 9:29,Safe,Safe,Safe,Safe
W_002,7/24/2026 9:29,Safe,Safe,Safe,Safe
W_002,7/24/2026 9:29,Safe,Safe,Safe,Safe
W_002,7/24/2026 9:29,Safe,Safe,Safe,Safe
W_002,7/24/2026 9:29,Safe,Safe,Safe,Safe
W_002,7/24/2026 9:29,Safe,Safe,Safe,Safe
W_002,7/24/2026 9:29,Safe,Safe,Safe,Safe
W_002,7/24/2026 9:29,Warning,Safe,Safe,Safe
W_002,7/24/2026 9:29,Warning,Safe,Safe,Safe
W_002,7/24/2026 9:29,Warning,Safe,Safe,Safe
W_002,7/24/2026 9:29,Warning,Safe,Safe,Safe
W_002,7/24/2026 9:29,Warning,Safe,Safe,Safe
W_002,7/24/2026 9:29,Warning,Safe,Safe,Safe
W_002,7/24/2026 9:29,Warning,Safe,Safe,Safe
W_002,7/24/2026 9:29,Warning,Safe,Safe,Safe
W_002,7/24/2026 9:29,Warning,Safe,Safe,Safe
W_002,7/24/2026 9:29,Warning,Safe,Safe,Safe
W_002,7/24/2026 9:29,Warning,Safe,Safe,Safe
W_002,7/24/2026 9:29,Warning,Safe,Safe,Safe
W_002,7/24/2026 9:29,Warning,Safe,Safe,Safe
W_002,7/24/2026 9:29,Warning,Safe,Safe,Safe
W_002,7/24/2026 9:29,Warning,Safe,Safe,Safe
W_002,7/24/2026 9:29,Warning,Safe,Safe,Safe
W_002,7/24/2026 9:29,Warning,Safe,Safe,Safe
W_002,7/24/2026 9:29,Warning,Safe,Safe,Safe
W_002,7/24/2026 9:29,Warning,Safe,Safe,Safe
W_002,7/24/2026 9:29,Warning,Safe,Safe,Safe
W_002,7/24/2026 9:29,Warning,Safe,Safe,Safe
W_002,7/24/2026 9:29,Warning,Safe,Safe,Safe
W_002,7/24/2026 9:29,Safe,Safe,Safe,Safe
W_002,7/24/2026 9:29,Safe,Safe,Safe,Safe
W_002,7/24/2026 9:29,Safe,Safe,Safe,Safe
W_002,7/24/2026 9:29,Safe,Safe,Safe,Safe
W_002,7/24/2026 9:29,Safe,Safe,Safe,Safe
W_002,7/24/2026 9:29,Safe,Safe,Safe,Safe
W_002,7/24/2026 9:29,Safe,Safe,Safe,Safe
W_002,7/24/2026 9:29,Safe,Safe,Safe,Safe
W_002,7/24/2026 9:29,Safe,Safe,Safe,Safe
W_002,7/24/2026 9:29,Safe,Safe,Safe,Safe
W_002,7/24/2026 9:29,Safe,Safe,Safe,Safe
W_002,7/24/2026 9:29,Safe,Safe,Safe,Safe
W_002,7/24/2026 9:29,Safe,Safe,Safe,Safe
W_002,7/24/2026 9:29,Safe,Safe,Safe,Safe
W_002,7/24/2026 9:29,Safe,Safe,Safe,Safe
W_002,7/24/2026 9:29,Safe,Safe,Safe,Safe
W_002,7/24/2026 9:30,Safe,Safe,Safe,Safe
W_002,7/24/2026 9:30,Safe,Safe,Safe,Safe
W_002,7/24/2026 9:30,Safe,Safe,Safe,Safe
W_002,7/24/2026 9:30,Safe,Safe,Safe,Safe
W_002,7/24/2026 9:30,Safe,Safe,Safe,Safe
W_002,7/24/2026 9:30,Safe,Safe,Safe,Safe
W_002,7/24/2026 9:30,Safe,Safe,Safe,Safe
W_002,7/24/2026 9:30,Safe,Safe,Safe,Safe
W_002,7/24/2026 9:30,Safe,Safe,Safe,Safe
W_002,7/24/2026 9:30,Safe,Safe,Safe,Safe
W_002,7/24/2026 9:30,Safe,Safe,Safe,Safe
W_002,7/24/2026 9:30,Safe,Safe,Safe,Safe
W_002,7/24/2026 9:30,Safe,Safe,Safe,Safe
W_002,7/24/2026 9:30,Safe,Safe,Safe,Safe
W_002,7/24/2026 9:30,Safe,Safe,Safe,Safe
W_002,7/24/2026 9:30,Safe,Safe,Safe,Safe
W_002,7/24/2026 9:30,Safe,Safe,Safe,Safe
W_002,7/24/2026 9:30,Safe,Safe,Safe,Safe
W_002,7/24/2026 9:30,Safe,Safe,Safe,Safe
W_002,7/24/2026 9:30,Safe,Safe,Safe,Safe
W_002,7/24/2026 9:30,Safe,Safe,Safe,Safe
W_002,7/24/2026 9:30,Safe,Safe,Safe,Safe
W_002,7/24/2026 9:30,Safe,Safe,Safe,Safe
W_002,7/24/2026 9:30,Safe,Safe,Safe,Safe
W_002,7/24/2026 9:30,Safe,Safe,Safe,Safe
W_002,7/24/2026 9:30,Safe,Safe,Safe,Safe
W_002,7/24/2026 9:30,Safe,Safe,Safe,Safe
W_002,7/24/2026 9:30,Safe,Safe,Safe,Safe
W_002,7/24/2026 9:30,Safe,Safe,Safe,Safe
W_002,7/24/2026 9:30,Safe,Safe,Safe,Safe
W_002,7/24/2026 9:30,Safe,Safe,Safe,Safe
W_002,7/24/2026 9:30,Safe,Safe,Safe,Safe
W_002,7/24/2026 9:30,Safe,Safe,Safe,Safe
W_002,7/24/2026 9:30,Safe,Safe,Safe,Safe
W_002,7/24/2026 9:30,Safe,Safe,Safe,Safe
W_002,7/24/2026 9:30,Safe,Safe,Safe,Safe
W_002,7/24/2026 9:30,Safe,Safe,Safe,Safe
W_002,7/24/2026 9:30,Safe,Safe,Safe,Safe
W_002,7/24/2026 9:30,Safe,Safe,Safe,Safe
W_002,7/24/2026 9:30,Safe,Safe,Safe,Safe
W_002,7/24/2026 9:30,Safe,Safe,Safe,Safe
W_002,7/24/2026 9:30,Safe,Safe,Safe,Safe
W_002,7/24/2026 9:30,Safe,Safe,Safe,Safe
W_002,7/24/2026 9:30,Safe,Safe,Safe,Safe
W_002,7/24/2026 9:30,Safe,Safe,Safe,Safe
W_002,7/24/2026 9:30,Safe,Safe,Safe,Safe
W_002,7/24/2026 9:30,Safe,Safe,Safe,Safe
W_002,7/24/2026 9:30,Safe,Safe,Safe,Safe
W_002,7/24/2026 9:30,Safe,Safe,Safe,Safe
W_002,7/24/2026 9:30,Safe,Safe,Safe,Safe
W_002,7/24/2026 9:30,Safe,Safe,Safe,Safe
W_002,7/24/2026 9:30,Safe,Safe,Safe,Safe
W_002,7/24/2026 9:30,Safe,Safe,Safe,Safe
W_002,7/24/2026 9:30,Safe,Safe,Safe,Safe
W_002,7/24/2026 9:30,Safe,Safe,Safe,Safe
W_002,7/24/2026 9:30,Safe,Safe,Safe,Safe
W_002,7/24/2026 9:30,Safe,Safe,Safe,Safe
W_002,7/24/2026 9:30,Safe,Safe,Safe,Safe
W_002,7/24/2026 9:30,Safe,Safe,Safe,Safe
W_002,7/24/2026 9:30,Safe,Safe,Safe,Safe
W_002,7/24/2026 9:31,Safe,Safe,Safe,Safe
W_002,7/24/2026 9:31,Safe,Safe,Safe,Safe
W_002,7/24/2026 9:31,Safe,Safe,Safe,Safe
W_002,7/24/2026 9:31,Safe,Safe,Safe,Safe
W_002,7/24/2026 9:31,Safe,Safe,Safe,Safe
W_002,7/24/2026 9:31,Safe,Safe,Safe,Safe
W_002,7/24/2026 9:31,Safe,Safe,Safe,Safe
W_002,7/24/2026 9:31,Safe,Safe,Safe,Safe
W_002,7/24/2026 9:31,Safe,Safe,Safe,Safe
W_002,7/24/2026 9:31,Safe,Safe,Safe,Safe
W_002,7/24/2026 9:31,Safe,Safe,Safe,Safe
W_002,7/24/2026 9:31,Safe,Safe,Safe,Safe
W_002,7/24/2026 9:31,Safe,Safe,Safe,Safe
W_002,7/24/2026 9:31,Safe,Safe,Safe,Safe
W_002,7/24/2026 9:31,Safe,Safe,Safe,Safe
W_002,7/24/2026 9:31,Safe,Safe,Safe,Safe
W_002,7/24/2026 9:31,Safe,Safe,Safe,Safe
W_002,7/24/2026 9:31,Safe,Safe,Safe,Safe
W_002,7/24/2026 9:31,Safe,Safe,Safe,Safe
W_002,7/24/2026 9:31,Safe,Safe,Safe,Safe
W_002,7/24/2026 9:31,Safe,Safe,Safe,Safe
W_002,7/24/2026 9:31,Safe,Safe,Safe,Safe
W_002,7/24/2026 9:31,Safe,Safe,Safe,Safe
W_002,7/24/2026 9:31,Safe,Safe,Safe,Safe
W_002,7/24/2026 9:31,Safe,Safe,Safe,Safe
W_002,7/24/2026 9:31,Safe,Safe,Safe,Safe
W_002,7/24/2026 9:31,Safe,Safe,Safe,Safe
W_002,7/24/2026 9:31,Safe,Safe,Safe,Safe
W_002,7/24/2026 9:31,Safe,Safe,Safe,Safe
W_002,7/24/2026 9:31,Safe,Safe,Safe,Safe
W_002,7/24/2026 9:31,Safe,Safe,Safe,Safe
W_002,7/24/2026 9:31,Safe,Safe,Safe,Safe
W_002,7/24/2026 9:31,Safe,Safe,Safe,Safe
W_002,7/24/2026 9:31,Safe,Safe,Safe,Safe
W_002,7/24/2026 9:31,Safe,Safe,Safe,Safe
W_002,7/24/2026 9:31,Safe,Safe,Safe,Safe
W_002,7/24/2026 9:31,Safe,Safe,Safe,Safe
W_002,7/24/2026 9:31,Safe,Safe,Safe,Safe
W_002,7/24/2026 9:31,Safe,Safe,Safe,Safe
W_002,7/24/2026 9:31,Safe,Safe,Safe,Safe
W_002,7/24/2026 9:31,Safe,Safe,Safe,Safe
W_002,7/24/2026 9:31,Safe,Safe,Safe,Safe
W_002,7/24/2026 9:31,Safe,Safe,Safe,Safe
W_002,7/24/2026 9:31,Safe,Safe,Safe,Safe
W_002,7/24/2026 9:31,Safe,Safe,Safe,Safe
W_002,7/24/2026 9:31,Safe,Safe,Safe,Safe
W_002,7/24/2026 9:31,Safe,Safe,Safe,Safe
W_002,7/24/2026 9:31,Safe,Safe,Safe,Safe
W_002,7/24/2026 9:31,Safe,Safe,Safe,Safe
W_002,7/24/2026 9:31,Safe,Safe,Safe,Safe
W_002,7/24/2026 9:31,Safe,Safe,Safe,Safe
W_002,7/24/2026 9:31,Safe,Safe,Safe,Safe
W_002,7/24/2026 9:31,Safe,Safe,Safe,Safe
W_002,7/24/2026 9:31,Safe,Safe,Safe,Safe
W_002,7/24/2026 9:31,Safe,Safe,Safe,Safe
W_002,7/24/2026 9:31,Safe,Safe,Safe,Safe
W_002,7/24/2026 9:31,Safe,Safe,Safe,Safe
W_002,7/24/2026 9:31,Safe,Safe,Safe,Safe
W_002,7/24/2026 9:31,Safe,Safe,Safe,Safe
W_002,7/24/2026 9:31,Safe,Safe,Safe,Safe
W_002,7/24/2026 9:32,Safe,Safe,Safe,Safe
W_002,7/24/2026 9:32,Safe,Safe,Safe,Safe
W_002,7/24/2026 9:32,Safe,Safe,Safe,Safe
W_002,7/24/2026 9:32,Safe,Safe,Safe,Safe
W_002,7/24/2026 9:32,Safe,Safe,Safe,Safe
W_002,7/24/2026 9:32,Safe,Safe,Safe,Safe
W_002,7/24/2026 9:32,Safe,Safe,Safe,Safe
W_002,7/24/2026 9:32,Safe,Safe,Safe,Safe
W_002,7/24/2026 9:32,Safe,Safe,Safe,Safe
W_002,7/24/2026 9:32,Safe,Safe,Safe,Safe
W_002,7/24/2026 9:32,Safe,Safe,Safe,Safe
W_002,7/24/2026 9:32,Safe,Safe,Safe,Safe
W_002,7/24/2026 9:32,Safe,Safe,Safe,Safe
W_002,7/24/2026 9:32,Safe,Safe,Safe,Safe
W_002,7/24/2026 9:32,Safe,Safe,Safe,Safe
W_002,7/24/2026 9:32,Safe,Safe,Safe,Safe
W_002,7/24/2026 9:32,Safe,Safe,Safe,Safe
W_002,7/24/2026 9:32,Safe,Safe,Safe,Safe
W_002,7/24/2026 9:32,Safe,Safe,Safe,Safe
W_002,7/24/2026 9:32,Safe,Safe,Safe,Safe
W_002,7/24/2026 9:32,Safe,Safe,Safe,Safe
W_002,7/24/2026 9:32,Safe,Safe,Safe,Safe
W_002,7/24/2026 9:32,Safe,Safe,Safe,Safe
W_002,7/24/2026 9:32,Safe,Safe,Safe,Safe
W_002,7/24/2026 9:32,Safe,Safe,Safe,Safe
W_002,7/24/2026 9:32,Safe,Safe,Safe,Safe
W_002,7/24/2026 9:32,Safe,Safe,Safe,Safe
W_002,7/24/2026 9:32,Safe,Safe,Safe,Safe
W_002,7/24/2026 9:32,Safe,Safe,Safe,Safe
W_002,7/24/2026 9:32,Safe,Safe,Safe,Safe
W_002,7/24/2026 9:32,Safe,Safe,Safe,Safe
W_002,7/24/2026 9:32,Safe,Safe,Safe,Safe
W_002,7/24/2026 9:32,Safe,Safe,Safe,Safe
W_002,7/24/2026 9:32,Safe,Safe,Safe,Safe
W_002,7/24/2026 9:32,Safe,Safe,Safe,Safe
W_002,7/24/2026 9:32,Safe,Safe,Safe,Safe
W_002,7/24/2026 9:32,Safe,Safe,Safe,Safe
W_002,7/24/2026 9:32,Safe,Safe,Safe,Safe
W_002,7/24/2026 9:32,Safe,Safe,Safe,Safe
W_002,7/24/2026 9:32,Safe,Safe,Safe,Safe
W_002,7/24/2026 9:32,Safe,Safe,Safe,Safe
W_002,7/24/2026 9:32,Safe,Safe,Safe,Safe
W_002,7/24/2026 9:32,Safe,Safe,Safe,Safe
W_002,7/24/2026 9:32,Safe,Safe,Safe,Safe
W_002,7/24/2026 9:32,Safe,Safe,Safe,Safe
W_002,7/24/2026 9:32,Safe,Safe,Safe,Safe
W_002,7/24/2026 9:32,Safe,Safe,Safe,Safe
W_002,7/24/2026 9:32,Safe,Safe,Safe,Safe
W_002,7/24/2026 9:32,Safe,Safe,Safe,Safe
W_002,7/24/2026 9:32,Safe,Safe,Safe,Safe
W_002,7/24/2026 9:32,Safe,Safe,Safe,Safe
W_002,7/24/2026 9:32,Safe,Safe,Safe,Safe
W_002,7/24/2026 9:32,Safe,Safe,Safe,Safe
W_002,7/24/2026 9:32,Safe,Safe,Safe,Safe
W_002,7/24/2026 9:32,Safe,Safe,Safe,Safe
W_002,7/24/2026 9:32,Safe,Safe,Safe,Safe
W_002,7/24/2026 9:32,Safe,Safe,Safe,Safe
W_002,7/24/2026 9:32,Safe,Safe,Safe,Safe
W_002,7/24/2026 9:32,Safe,Safe,Safe,Safe
W_002,7/24/2026 9:32,Safe,Safe,Safe,Safe
W_002,7/24/2026 9:33,Safe,Safe,Safe,Safe
W_002,7/24/2026 9:33,Safe,Safe,Safe,Safe
W_002,7/24/2026 9:33,Safe,Safe,Safe,Safe
W_002,7/24/2026 9:33,Safe,Safe,Safe,Safe
W_002,7/24/2026 9:33,Safe,Safe,Safe,Safe
W_002,7/24/2026 9:33,Safe,Safe,Safe,Safe
W_002,7/24/2026 9:33,Safe,Safe,Safe,Safe
W_002,7/24/2026 9:33,Safe,Safe,Safe,Safe
W_002,7/24/2026 9:33,Safe,Safe,Safe,Safe
W_002,7/24/2026 9:33,Safe,Safe,Safe,Safe
W_002,7/24/2026 9:33,Safe,Safe,Safe,Safe
W_002,7/24/2026 9:33,Safe,Safe,Safe,Safe
W_002,7/24/2026 9:33,Safe,Safe,Safe,Safe
W_002,7/24/2026 9:33,Safe,Safe,Safe,Safe
W_002,7/24/2026 9:33,Safe,Safe,Safe,Safe
W_002,7/24/2026 9:33,Safe,Safe,Safe,Safe
W_002,7/24/2026 9:33,Safe,Safe,Safe,Safe
W_002,7/24/2026 9:33,Safe,Safe,Safe,Safe
W_002,7/24/2026 9:33,Safe,Safe,Safe,Safe
W_002,7/24/2026 9:33,Safe,Safe,Safe,Safe
W_002,7/24/2026 9:33,Safe,Safe,Safe,Safe
W_002,7/24/2026 9:33,Safe,Safe,Safe,Safe
W_002,7/24/2026 9:33,Safe,Safe,Safe,Safe
W_002,7/24/2026 9:33,Safe,Safe,Safe,Safe
W_002,7/24/2026 9:33,Safe,Safe,Safe,Safe
W_002,7/24/2026 9:33,Safe,Safe,Safe,Safe
W_002,7/24/2026 9:33,Safe,Safe,Safe,Safe
W_002,7/24/2026 9:33,Safe,Safe,Safe,Safe
W_002,7/24/2026 9:33,Safe,Safe,Safe,Safe
W_002,7/24/2026 9:33,Safe,Safe,Safe,Safe
W_002,7/24/2026 9:33,Safe,Safe,Safe,Safe
W_002,7/24/2026 9:33,Safe,Safe,Safe,Safe
W_002,7/24/2026 9:33,Safe,Safe,Safe,Safe
W_002,7/24/2026 9:33,Safe,Safe,Safe,Safe
W_002,7/24/2026 9:33,Safe,Safe,Safe,Safe
W_002,7/24/2026 9:33,Safe,Safe,Safe,Safe
W_002,7/24/2026 9:33,Safe,Safe,Safe,Safe
W_002,7/24/2026 9:33,Safe,Safe,Safe,Safe
W_002,7/24/2026 9:33,Safe,Safe,Safe,Safe
W_002,7/24/2026 9:33,Safe,Safe,Safe,Safe
W_002,7/24/2026 9:33,Safe,Safe,Safe,Safe
W_002,7/24/2026 9:33,Safe,Safe,Safe,Safe
W_002,7/24/2026 9:33,Safe,Safe,Safe,Safe
W_002,7/24/2026 9:33,Safe,Safe,Safe,Safe
W_002,7/24/2026 9:33,Safe,Safe,Safe,Safe
W_002,7/24/2026 9:33,Safe,Safe,Safe,Safe
W_002,7/24/2026 9:33,Safe,Safe,Safe,Safe
W_002,7/24/2026 9:33,Safe,Safe,Safe,Safe
W_002,7/24/2026 9:33,Safe,Safe,Safe,Safe
W_002,7/24/2026 9:33,Safe,Safe,Safe,Safe
W_002,7/24/2026 9:33,Safe,Safe,Safe,Safe
W_002,7/24/2026 9:33,Safe,Safe,Safe,Safe
W_002,7/24/2026 9:33,Safe,Safe,Safe,Safe
W_002,7/24/2026 9:33,Safe,Safe,Safe,Safe
W_002,7/24/2026 9:33,Safe,Safe,Safe,Safe
W_002,7/24/2026 9:33,Safe,Safe,Safe,Safe
W_002,7/24/2026 9:33,Safe,Safe,Safe,Safe
W_002,7/24/2026 9:33,Safe,Safe,Safe,Safe
W_002,7/24/2026 9:33,Safe,Safe,Safe,Safe
W_002,7/24/2026 9:33,Safe,Safe,Safe,Safe
W_002,7/24/2026 9:34,Safe,Safe,Safe,Safe
W_002,7/24/2026 9:34,Safe,Safe,Safe,Safe
W_002,7/24/2026 9:34,Safe,Safe,Safe,Safe
W_002,7/24/2026 9:34,Safe,Safe,Safe,Safe
W_002,7/24/2026 9:34,Safe,Safe,Safe,Safe
W_002,7/24/2026 9:34,Safe,Safe,Safe,Safe
W_002,7/24/2026 9:34,Safe,Safe,Safe,Safe
W_002,7/24/2026 9:34,Safe,Safe,Safe,Safe
W_002,7/24/2026 9:34,Safe,Safe,Safe,Safe
W_002,7/24/2026 9:34,Safe,Safe,Safe,Safe
W_002,7/24/2026 9:34,Safe,Safe,Safe,Safe
W_002,7/24/2026 9:34,Safe,Safe,Safe,Safe
W_002,7/24/2026 9:34,Safe,Safe,Safe,Safe
W_002,7/24/2026 9:34,Safe,Safe,Safe,Safe
W_002,7/24/2026 9:34,Safe,Safe,Safe,Safe
W_002,7/24/2026 9:34,Safe,Safe,Safe,Safe
W_002,7/24/2026 9:34,Safe,Safe,Safe,Safe
W_002,7/24/2026 9:34,Safe,Safe,Safe,Safe
W_002,7/24/2026 9:34,Safe,Safe,Safe,Safe
W_002,7/24/2026 9:34,Safe,Safe,Safe,Safe
W_002,7/24/2026 9:34,Safe,Safe,Safe,Safe
W_002,7/24/2026 9:34,Safe,Safe,Safe,Safe
W_002,7/24/2026 9:34,Safe,Safe,Safe,Safe
W_002,7/24/2026 9:34,Safe,Safe,Safe,Safe
W_002,7/24/2026 9:34,Safe,Safe,Safe,Safe
W_002,7/24/2026 9:34,Safe,Safe,Safe,Safe
W_002,7/24/2026 9:34,Safe,Safe,Safe,Safe
W_002,7/24/2026 9:34,Safe,Safe,Safe,Safe
W_002,7/24/2026 9:34,Safe,Safe,Safe,Safe
W_002,7/24/2026 9:34,Safe,Safe,Safe,Safe
W_002,7/24/2026 9:34,Safe,Safe,Safe,Safe
W_002,7/24/2026 9:34,Safe,Safe,Safe,Safe
W_002,7/24/2026 9:34,Safe,Safe,Safe,Safe
W_002,7/24/2026 9:34,Safe,Safe,Safe,Safe
W_002,7/24/2026 9:34,Safe,Safe,Safe,Safe
W_002,7/24/2026 9:34,Safe,Safe,Safe,Safe
W_002,7/24/2026 9:34,Safe,Safe,Safe,Safe
W_002,7/24/2026 9:34,Safe,Safe,Safe,Safe
W_002,7/24/2026 9:34,Safe,Safe,Safe,Safe
W_002,7/24/2026 9:34,Safe,Safe,Safe,Safe
W_002,7/24/2026 9:34,Safe,Safe,Safe,Safe
W_002,7/24/2026 9:34,Safe,Safe,Safe,Safe
W_002,7/24/2026 9:34,Safe,Safe,Safe,Safe
W_002,7/24/2026 9:34,Safe,Safe,Safe,Safe
W_002,7/24/2026 9:34,Safe,Safe,Safe,Safe
W_002,7/24/2026 9:34,Safe,Safe,Safe,Safe
W_002,7/24/2026 9:34,Safe,Safe,Safe,Safe
W_002,7/24/2026 9:34,Safe,Safe,Safe,Safe
W_002,7/24/2026 9:34,Safe,Safe,Safe,Safe
W_002,7/24/2026 9:34,Safe,Safe,Safe,Safe
W_002,7/24/2026 9:34,Safe,Safe,Safe,Safe
W_002,7/24/2026 9:34,Safe,Safe,Safe,Safe
W_002,7/24/2026 9:34,Safe,Safe,Safe,Safe
W_002,7/24/2026 9:34,Safe,Safe,Safe,Safe
W_002,7/24/2026 9:34,Safe,Safe,Safe,Safe
W_002,7/24/2026 9:34,Safe,Safe,Safe,Safe
W_002,7/24/2026 9:34,Safe,Safe,Safe,Safe
W_002,7/24/2026 9:34,Safe,Safe,Safe,Safe
W_002,7/24/2026 9:34,Safe,Safe,Safe,Safe
W_002,7/24/2026 9:34,Safe,Safe,Safe,Safe
W_002,7/24/2026 9:35,Safe,Safe,Safe,Safe
W_002,7/24/2026 9:35,Safe,Safe,Safe,Safe
W_002,7/24/2026 9:35,Safe,Safe,Safe,Safe
W_002,7/24/2026 9:35,Safe,Safe,Safe,Safe
W_002,7/24/2026 9:35,Safe,Safe,Safe,Safe
W_002,7/24/2026 9:35,Safe,Safe,Safe,Safe
W_002,7/24/2026 9:35,Safe,Safe,Safe,Safe
W_002,7/24/2026 9:35,Safe,Safe,Safe,Safe
W_002,7/24/2026 9:35,Safe,Safe,Safe,Safe
W_002,7/24/2026 9:35,Safe,Safe,Safe,Safe
W_002,7/24/2026 9:35,Safe,Safe,Safe,Safe
W_002,7/24/2026 9:35,Safe,Safe,Safe,Safe
W_002,7/24/2026 9:35,Safe,Safe,Safe,Safe
W_002,7/24/2026 9:35,Safe,Safe,Safe,Safe
W_002,7/24/2026 9:35,Safe,Safe,Safe,Safe
W_002,7/24/2026 9:35,Safe,Safe,Safe,Safe
W_002,7/24/2026 9:35,Safe,Safe,Safe,Safe
W_002,7/24/2026 9:35,Safe,Safe,Safe,Safe
W_002,7/24/2026 9:35,Safe,Safe,Safe,Safe
W_002,7/24/2026 9:35,Safe,Safe,Safe,Safe
W_002,7/24/2026 9:35,Safe,Safe,Safe,Safe
W_002,7/24/2026 9:35,Safe,Safe,Safe,Safe
W_002,7/24/2026 9:35,Safe,Safe,Safe,Safe
W_002,7/24/2026 9:35,Safe,Safe,Safe,Safe
W_002,7/24/2026 9:35,Safe,Safe,Safe,Safe
W_002,7/24/2026 9:35,Safe,Safe,Safe,Safe
W_002,7/24/2026 9:35,Safe,Safe,Safe,Safe
W_002,7/24/2026 9:35,Safe,Safe,Safe,Safe
W_002,7/24/2026 9:35,Safe,Safe,Safe,Safe
W_002,7/24/2026 9:35,Safe,Safe,Safe,Safe
W_002,7/24/2026 9:35,Safe,Safe,Safe,Safe
W_002,7/24/2026 9:35,Safe,Safe,Safe,Safe
W_002,7/24/2026 9:35,Safe,Safe,Safe,Safe
W_002,7/24/2026 9:35,Safe,Safe,Safe,Safe
W_002,7/24/2026 9:35,Safe,Safe,Safe,Safe
W_002,7/24/2026 9:35,Safe,Safe,Safe,Safe
W_002,7/24/2026 9:35,Safe,Safe,Safe,Safe
W_002,7/24/2026 9:35,Safe,Safe,Safe,Safe
W_002,7/24/2026 9:35,Safe,Safe,Safe,Safe
W_002,7/24/2026 9:35,Safe,Safe,Safe,Safe
W_002,7/24/2026 9:35,Safe,Safe,Safe,Safe
W_002,7/24/2026 9:35,Safe,Safe,Safe,Safe
W_002,7/24/2026 9:35,Safe,Safe,Safe,Safe
W_002,7/24/2026 9:35,Safe,Safe,Safe,Safe
W_002,7/24/2026 9:35,Safe,Safe,Safe,Safe
W_002,7/24/2026 9:35,Safe,Safe,Safe,Safe
W_002,7/24/2026 9:35,Safe,Safe,Safe,Safe
W_002,7/24/2026 9:35,Safe,Safe,Safe,Safe
W_002,7/24/2026 9:35,Safe,Safe,Safe,Safe
W_002,7/24/2026 9:35,Safe,Safe,Safe,Safe
W_002,7/24/2026 9:35,Safe,Safe,Safe,Safe
W_002,7/24/2026 9:35,Safe,Safe,Safe,Safe
W_002,7/24/2026 9:35,Safe,Safe,Safe,Safe
W_002,7/24/2026 9:35,Safe,Safe,Safe,Safe
W_002,7/24/2026 9:35,Safe,Safe,Safe,Safe
W_002,7/24/2026 9:35,Safe,Safe,Safe,Safe
W_002,7/24/2026 9:35,Safe,Safe,Safe,Safe
W_002,7/24/2026 9:35,Safe,Safe,Safe,Safe
W_002,7/24/2026 9:35,Safe,Safe,Safe,Safe
W_002,7/24/2026 9:35,Safe,Safe,Safe,Safe
W_002,7/24/2026 9:36,Safe,Safe,Safe,Safe
W_002,7/24/2026 9:36,Safe,Safe,Safe,Safe
W_002,7/24/2026 9:36,Safe,Safe,Safe,Safe
W_002,7/24/2026 9:36,Safe,Safe,Safe,Safe
W_002,7/24/2026 9:36,Safe,Safe,Safe,Safe
W_002,7/24/2026 9:36,Safe,Safe,Safe,Safe
W_002,7/24/2026 9:36,Safe,Safe,Safe,Safe
W_002,7/24/2026 9:36,Safe,Safe,Safe,Safe
W_002,7/24/2026 9:36,Safe,Safe,Safe,Safe
W_002,7/24/2026 9:36,Safe,Safe,Safe,Safe
W_002,7/24/2026 9:36,Safe,Safe,Safe,Safe
W_002,7/24/2026 9:36,Safe,Safe,Safe,Safe
W_002,7/24/2026 9:36,Safe,Safe,Safe,Safe
W_002,7/24/2026 9:36,Safe,Safe,Safe,Safe
W_002,7/24/2026 9:36,Safe,Safe,Safe,Safe
W_002,7/24/2026 9:36,Safe,Safe,Safe,Safe
W_002,7/24/2026 9:36,Safe,Safe,Safe,Safe
W_002,7/24/2026 9:36,Safe,Safe,Safe,Safe
W_002,7/24/2026 9:36,Safe,Safe,Safe,Safe
W_002,7/24/2026 9:36,Safe,Safe,Safe,Safe
W_002,7/24/2026 9:36,Safe,Safe,Safe,Safe
W_002,7/24/2026 9:36,Safe,Safe,Safe,Safe
W_002,7/24/2026 9:36,Safe,Safe,Safe,Safe
W_002,7/24/2026 9:36,Safe,Safe,Safe,Safe
W_002,7/24/2026 9:36,Safe,Safe,Safe,Safe
W_002,7/24/2026 9:36,Safe,Safe,Safe,Safe
W_002,7/24/2026 9:36,Safe,Safe,Safe,Safe
W_002,7/24/2026 9:36,Safe,Safe,Safe,Safe
W_002,7/24/2026 9:36,Safe,Safe,Safe,Safe
W_002,7/24/2026 9:36,Safe,Safe,Safe,Safe
W_002,7/24/2026 9:36,Safe,Safe,Safe,Safe
W_002,7/24/2026 9:36,Safe,Safe,Safe,Safe
W_002,7/24/2026 9:36,Safe,Safe,Safe,Safe
W_002,7/24/2026 9:36,Safe,Safe,Safe,Safe
W_002,7/24/2026 9:36,Safe,Safe,Safe,Safe
W_002,7/24/2026 9:36,Safe,Safe,Safe,Safe
W_002,7/24/2026 9:36,Safe,Safe,Safe,Safe
W_002,7/24/2026 9:36,Safe,Safe,Safe,Safe
W_002,7/24/2026 9:36,Safe,Safe,Safe,Safe
W_002,7/24/2026 9:36,Safe,Safe,Safe,Safe
W_002,7/24/2026 9:36,Safe,Safe,Safe,Safe
W_002,7/24/2026 9:36,Safe,Safe,Safe,Safe
W_002,7/24/2026 9:36,Safe,Safe,Safe,Safe
W_002,7/24/2026 9:36,Safe,Safe,Safe,Safe
W_002,7/24/2026 9:36,Safe,Safe,Safe,Safe
W_002,7/24/2026 9:36,Safe,Safe,Safe,Safe
W_002,7/24/2026 9:36,Safe,Safe,Safe,Safe
W_002,7/24/2026 9:36,Safe,Safe,Safe,Safe
W_002,7/24/2026 9:36,Safe,Safe,Safe,Safe
W_002,7/24/2026 9:36,Safe,Safe,Safe,Safe
W_002,7/24/2026 9:36,Safe,Safe,Safe,Safe
W_002,7/24/2026 9:36,Safe,Safe,Safe,Safe
W_002,7/24/2026 9:36,Safe,Safe,Safe,Safe
W_002,7/24/2026 9:36,Safe,Safe,Safe,Safe
W_002,7/24/2026 9:36,Safe,Safe,Safe,Safe
W_002,7/24/2026 9:36,Safe,Safe,Safe,Safe
W_002,7/24/2026 9:36,Safe,Safe,Safe,Safe
W_002,7/24/2026 9:36,Safe,Safe,Safe,Safe
W_002,7/24/2026 9:36,Safe,Safe,Safe,Safe
W_002,7/24/2026 9:36,Safe,Safe,Safe,Safe
W_002,7/24/2026 9:37,Safe,Safe,Safe,Safe
W_002,7/24/2026 9:37,Safe,Safe,Safe,Safe
W_002,7/24/2026 9:37,Safe,Safe,Safe,Safe
W_002,7/24/2026 9:37,Safe,Safe,Safe,Safe
W_002,7/24/2026 9:37,Safe,Safe,Safe,Safe
W_002,7/24/2026 9:37,Safe,Safe,Safe,Safe
W_002,7/24/2026 9:37,Safe,Safe,Safe,Safe
W_002,7/24/2026 9:37,Safe,Safe,Safe,Safe
W_002,7/24/2026 9:37,Safe,Safe,Safe,Safe
W_002,7/24/2026 9:37,Safe,Safe,Safe,Safe
W_002,7/24/2026 9:37,Safe,Safe,Safe,Safe
W_002,7/24/2026 9:37,Safe,Safe,Safe,Safe
W_002,7/24/2026 9:37,Safe,Safe,Safe,Safe
W_002,7/24/2026 9:37,Safe,Safe,Safe,Safe
W_002,7/24/2026 9:37,Safe,Safe,Safe,Safe
W_002,7/24/2026 9:37,Safe,Safe,Safe,Safe
W_002,7/24/2026 9:37,Safe,Safe,Safe,Safe
W_002,7/24/2026 9:37,Safe,Safe,Safe,Safe
W_002,7/24/2026 9:37,Safe,Safe,Safe,Safe
W_002,7/24/2026 9:37,Safe,Safe,Safe,Safe
W_002,7/24/2026 9:37,Safe,Safe,Safe,Safe
W_002,7/24/2026 9:37,Safe,Safe,Safe,Safe
W_002,7/24/2026 9:37,Safe,Safe,Safe,Safe
W_002,7/24/2026 9:37,Safe,Safe,Safe,Safe
W_002,7/24/2026 9:37,Safe,Safe,Safe,Safe
W_002,7/24/2026 9:37,Safe,Safe,Safe,Safe
W_002,7/24/2026 9:37,Safe,Safe,Safe,Safe
W_002,7/24/2026 9:37,Safe,Safe,Safe,Safe
W_002,7/24/2026 9:37,Safe,Safe,Safe,Safe
W_002,7/24/2026 9:37,Safe,Safe,Safe,Safe
W_002,7/24/2026 9:37,Safe,Safe,Safe,Safe
W_002,7/24/2026 9:37,Safe,Safe,Safe,Safe
W_002,7/24/2026 9:37,Safe,Safe,Safe,Safe
W_002,7/24/2026 9:37,Safe,Safe,Safe,Safe
W_002,7/24/2026 9:37,Safe,Safe,Safe,Safe
W_002,7/24/2026 9:37,Safe,Safe,Safe,Safe
W_002,7/24/2026 9:37,Safe,Safe,Safe,Safe
W_002,7/24/2026 9:37,Safe,Safe,Safe,Safe
W_002,7/24/2026 9:37,Safe,Safe,Safe,Safe
W_002,7/24/2026 9:37,Safe,Safe,Safe,Safe
W_002,7/24/2026 9:37,Safe,Safe,Safe,Safe
W_002,7/24/2026 9:37,Safe,Safe,Safe,Safe
W_002,7/24/2026 9:37,Safe,Safe,Safe,Safe
W_002,7/24/2026 9:37,Safe,Safe,Safe,Safe
W_002,7/24/2026 9:37,Safe,Safe,Safe,Safe
W_002,7/24/2026 9:37,Safe,Safe,Safe,Safe
W_002,7/24/2026 9:37,Safe,Safe,Safe,Safe
W_002,7/24/2026 9:37,Safe,Safe,Safe,Safe
W_002,7/24/2026 9:37,Safe,Safe,Safe,Safe
W_002,7/24/2026 9:37,Safe,Safe,Safe,Safe
W_002,7/24/2026 9:37,Safe,Safe,Safe,Safe
W_002,7/24/2026 9:37,Safe,Safe,Safe,Safe
W_002,7/24/2026 9:37,Safe,Safe,Safe,Safe
W_002,7/24/2026 9:37,Safe,Safe,Safe,Safe
W_002,7/24/2026 9:37,Safe,Safe,Safe,Safe
W_002,7/24/2026 9:37,Safe,Safe,Safe,Safe
W_002,7/24/2026 9:37,Safe,Safe,Safe,Safe
W_002,7/24/2026 9:37,Safe,Safe,Safe,Safe
W_002,7/24/2026 9:37,Safe,Safe,Safe,Safe
W_002,7/24/2026 9:37,Safe,Safe,Safe,Safe
W_002,7/24/2026 9:38,Safe,Safe,Safe,Safe
W_002,7/24/2026 9:38,Safe,Safe,Safe,Safe
W_002,7/24/2026 9:38,Safe,Safe,Safe,Safe
W_002,7/24/2026 9:38,Safe,Safe,Safe,Safe
W_002,7/24/2026 9:38,Safe,Safe,Safe,Safe
W_002,7/24/2026 9:38,Safe,Safe,Safe,Safe
W_002,7/24/2026 9:38,Safe,Safe,Safe,Safe
W_002,7/24/2026 9:38,Safe,Safe,Safe,Safe
W_002,7/24/2026 9:38,Safe,Safe,Safe,Safe
W_002,7/24/2026 9:38,Safe,Safe,Safe,Safe
W_002,7/24/2026 9:38,Safe,Safe,Safe,Safe
W_002,7/24/2026 9:38,Safe,Safe,Safe,Safe
W_002,7/24/2026 9:38,Safe,Safe,Safe,Safe
W_002,7/24/2026 9:38,Safe,Safe,Safe,Safe
W_002,7/24/2026 9:38,Safe,Safe,Safe,Safe
W_002,7/24/2026 9:38,Safe,Safe,Safe,Safe
W_002,7/24/2026 9:38,Safe,Safe,Safe,Safe
W_002,7/24/2026 9:38,Safe,Safe,Safe,Safe
W_002,7/24/2026 9:38,Safe,Safe,Safe,Safe
W_002,7/24/2026 9:38,Safe,Safe,Safe,Safe
W_002,7/24/2026 9:38,Safe,Safe,Safe,Safe
W_002,7/24/2026 9:38,Safe,Safe,Safe,Safe
W_002,7/24/2026 9:38,Safe,Safe,Safe,Safe
W_002,7/24/2026 9:38,Safe,Safe,Safe,Safe
W_002,7/24/2026 9:38,Safe,Safe,Safe,Safe
W_002,7/24/2026 9:38,Warning,Safe,Safe,Safe
W_002,7/24/2026 9:38,Warning,Safe,Safe,Safe
W_002,7/24/2026 9:38,Warning,Safe,Safe,Safe
W_002,7/24/2026 9:38,Warning,Safe,Safe,Safe
W_002,7/24/2026 9:38,Warning,Safe,Safe,Safe
W_002,7/24/2026 9:38,Warning,Safe,Safe,Safe
W_002,7/24/2026 9:38,Warning,Safe,Safe,Safe
W_002,7/24/2026 9:38,Warning,Safe,Safe,Safe
W_002,7/24/2026 9:38,Warning,Safe,Safe,Safe
W_002,7/24/2026 9:38,Warning,Safe,Safe,Safe
W_002,7/24/2026 9:38,Warning,Safe,Safe,Safe
W_002,7/24/2026 9:38,Warning,Safe,Safe,Safe
W_002,7/24/2026 9:38,Warning,Safe,Safe,Safe
W_002,7/24/2026 9:38,Warning,Safe,Safe,Safe
W_002,7/24/2026 9:38,Warning,Safe,Safe,Safe
W_002,7/24/2026 9:38,Warning,Safe,Safe,Safe
W_002,7/24/2026 9:38,Warning,Safe,Safe,Safe
W_002,7/24/2026 9:38,Warning,Safe,Safe,Safe
W_002,7/24/2026 9:38,Warning,Safe,Safe,Safe
W_002,7/24/2026 9:38,Warning,Safe,Safe,Safe
W_002,7/24/2026 9:38,Warning,Safe,Safe,Safe
W_002,7/24/2026 9:38,Safe,Safe,Safe,Safe
W_002,7/24/2026 9:38,Safe,Safe,Safe,Safe
W_002,7/24/2026 9:38,Safe,Safe,Safe,Safe
W_002,7/24/2026 9:38,Safe,Safe,Safe,Safe
W_002,7/24/2026 9:38,Safe,Safe,Safe,Safe
W_002,7/24/2026 9:38,Safe,Safe,Safe,Safe
W_002,7/24/2026 9:38,Safe,Safe,Safe,Safe
W_002,7/24/2026 9:38,Safe,Safe,Safe,Safe
W_002,7/24/2026 9:38,Safe,Safe,Safe,Safe
W_002,7/24/2026 9:38,Safe,Safe,Safe,Safe
W_002,7/24/2026 9:38,Safe,Safe,Safe,Safe
W_002,7/24/2026 9:38,Safe,Safe,Safe,Safe
W_002,7/24/2026 9:38,Safe,Safe,Safe,Safe
W_002,7/24/2026 9:38,Safe,Safe,Safe,Safe
W_002,7/24/2026 9:39,Safe,Safe,Safe,Safe
W_002,7/24/2026 9:39,Safe,Safe,Safe,Safe
W_002,7/24/2026 9:39,Safe,Safe,Safe,Safe
W_002,7/24/2026 9:39,Safe,Safe,Safe,Safe
W_002,7/24/2026 9:39,Safe,Safe,Safe,Safe
W_002,7/24/2026 9:39,Safe,Safe,Safe,Safe
W_002,7/24/2026 9:39,Safe,Safe,Safe,Safe
W_002,7/24/2026 9:39,Safe,Safe,Safe,Safe
W_002,7/24/2026 9:39,Safe,Safe,Safe,Safe
W_002,7/24/2026 9:39,Safe,Safe,Safe,Safe
W_002,7/24/2026 9:39,Safe,Safe,Safe,Safe
W_002,7/24/2026 9:39,Safe,Safe,Safe,Safe
W_002,7/24/2026 9:39,Safe,Safe,Safe,Safe
W_002,7/24/2026 9:39,Safe,Safe,Safe,Safe
W_002,7/24/2026 9:39,Safe,Safe,Safe,Safe
W_002,7/24/2026 9:39,Safe,Safe,Safe,Safe
W_002,7/24/2026 9:39,Safe,Safe,Safe,Safe
W_002,7/24/2026 9:39,Safe,Safe,Safe,Safe
W_002,7/24/2026 9:39,Safe,Safe,Safe,Safe
W_002,7/24/2026 9:39,Safe,Safe,Safe,Safe
W_002,7/24/2026 9:39,Safe,Safe,Safe,Safe
W_002,7/24/2026 9:39,Safe,Safe,Safe,Safe
W_002,7/24/2026 9:39,Safe,Safe,Safe,Safe
W_002,7/24/2026 9:39,Safe,Safe,Safe,Safe
W_002,7/24/2026 9:39,Safe,Safe,Safe,Safe
W_002,7/24/2026 9:39,Safe,Safe,Safe,Safe
W_002,7/24/2026 9:39,Safe,Safe,Safe,Safe
W_002,7/24/2026 9:39,Safe,Safe,Safe,Safe
W_002,7/24/2026 9:39,Safe,Safe,Safe,Safe
W_002,7/24/2026 9:39,Safe,Safe,Safe,Safe
W_002,7/24/2026 9:39,Safe,Safe,Safe,Safe
W_002,7/24/2026 9:39,Safe,Safe,Safe,Safe
W_002,7/24/2026 9:39,Safe,Safe,Safe,Safe
W_002,7/24/2026 9:39,Safe,Safe,Safe,Safe
W_002,7/24/2026 9:39,Safe,Safe,Safe,Safe
W_002,7/24/2026 9:39,Safe,Safe,Safe,Safe
W_002,7/24/2026 9:39,Safe,Safe,Safe,Safe
W_002,7/24/2026 9:39,Safe,Safe,Safe,Safe
W_002,7/24/2026 9:39,Safe,Safe,Safe,Safe
W_002,7/24/2026 9:39,Safe,Safe,Safe,Safe
W_002,7/24/2026 9:39,Safe,Safe,Safe,Safe
W_002,7/24/2026 9:39,Safe,Safe,Safe,Safe
W_002,7/24/2026 9:39,Safe,Safe,Safe,Safe
W_002,7/24/2026 9:39,Safe,Safe,Safe,Safe
W_002,7/24/2026 9:39,Safe,Safe,Safe,Safe
W_002,7/24/2026 9:39,Safe,Safe,Safe,Safe
W_002,7/24/2026 9:39,Safe,Safe,Safe,Safe
W_002,7/24/2026 9:39,Safe,Safe,Safe,Safe
W_002,7/24/2026 9:39,Safe,Safe,Safe,Safe
W_002,7/24/2026 9:39,Safe,Safe,Safe,Safe
W_002,7/24/2026 9:39,Safe,Safe,Safe,Safe
W_002,7/24/2026 9:39,Safe,Safe,Safe,Safe
W_002,7/24/2026 9:39,Safe,Safe,Safe,Safe
W_002,7/24/2026 9:39,Safe,Safe,Safe,Safe
W_002,7/24/2026 9:39,Safe,Safe,Safe,Safe
W_002,7/24/2026 9:39,Safe,Safe,Safe,Safe
W_002,7/24/2026 9:39,Safe,Safe,Safe,Safe
W_002,7/24/2026 9:39,Safe,Safe,Safe,Safe
W_002,7/24/2026 9:39,Safe,Safe,Safe,Safe
W_002,7/24/2026 9:39,Safe,Safe,Safe,Safe
W_002,7/24/2026 9:40,Safe,Safe,Safe,Safe
W_002,7/24/2026 9:40,Safe,Safe,Safe,Safe
W_002,7/24/2026 9:40,Safe,Safe,Safe,Safe
W_002,7/24/2026 9:40,Safe,Safe,Safe,Safe
W_002,7/24/2026 9:40,Safe,Safe,Safe,Safe
W_002,7/24/2026 9:40,Safe,Safe,Safe,Safe
W_002,7/24/2026 9:40,Safe,Safe,Safe,Safe
W_002,7/24/2026 9:40,Safe,Safe,Safe,Safe
W_002,7/24/2026 9:40,Safe,Safe,Safe,Safe
W_002,7/24/2026 9:40,Safe,Safe,Safe,Safe
W_002,7/24/2026 9:40,Safe,Safe,Safe,Safe
W_002,7/24/2026 9:40,Safe,Safe,Safe,Safe
W_002,7/24/2026 9:40,Safe,Safe,Safe,Safe
W_002,7/24/2026 9:40,Safe,Safe,Safe,Safe
W_002,7/24/2026 9:40,Safe,Safe,Safe,Safe
W_002,7/24/2026 9:40,Safe,Safe,Safe,Safe
W_002,7/24/2026 9:40,Safe,Safe,Safe,Safe
W_002,7/24/2026 9:40,Safe,Safe,Safe,Safe
W_002,7/24/2026 9:40,Safe,Safe,Safe,Safe
W_002,7/24/2026 9:40,Safe,Safe,Safe,Safe
W_002,7/24/2026 9:40,Safe,Safe,Safe,Safe
W_002,7/24/2026 9:40,Safe,Safe,Safe,Safe
W_002,7/24/2026 9:40,Safe,Safe,Safe,Safe
W_002,7/24/2026 9:40,Safe,Safe,Safe,Safe
W_002,7/24/2026 9:40,Safe,Safe,Safe,Safe
W_002,7/24/2026 9:40,Safe,Safe,Safe,Safe
W_002,7/24/2026 9:40,Safe,Safe,Safe,Safe
W_002,7/24/2026 9:40,Safe,Safe,Safe,Safe
W_002,7/24/2026 9:40,Safe,Safe,Safe,Safe
W_002,7/24/2026 9:40,Safe,Safe,Safe,Safe
W_002,7/24/2026 9:40,Safe,Safe,Safe,Safe
W_002,7/24/2026 9:40,Safe,Safe,Safe,Safe
W_002,7/24/2026 9:40,Safe,Safe,Safe,Safe
W_002,7/24/2026 9:40,Safe,Safe,Safe,Safe
W_002,7/24/2026 9:40,Safe,Safe,Safe,Safe
W_002,7/24/2026 9:40,Safe,Safe,Safe,Safe
W_002,7/24/2026 9:40,Safe,Safe,Safe,Safe
W_002,7/24/2026 9:40,Safe,Safe,Safe,Safe
W_002,7/24/2026 9:40,Safe,Safe,Safe,Safe
W_002,7/24/2026 9:40,Safe,Safe,Safe,Safe
W_002,7/24/2026 9:40,Safe,Safe,Safe,Safe
W_002,7/24/2026 9:40,Safe,Safe,Safe,Safe
W_002,7/24/2026 9:40,Safe,Safe,Safe,Safe
W_002,7/24/2026 9:40,Safe,Safe,Safe,Safe
W_002,7/24/2026 9:40,Safe,Safe,Safe,Safe
W_002,7/24/2026 9:40,Safe,Safe,Safe,Safe
W_002,7/24/2026 9:40,Safe,Safe,Safe,Safe
W_002,7/24/2026 9:40,Safe,Safe,Safe,Safe
W_002,7/24/2026 9:40,Safe,Safe,Safe,Safe
W_002,7/24/2026 9:40,Safe,Safe,Safe,Safe
W_002,7/24/2026 9:40,Safe,Safe,Safe,Safe
W_002,7/24/2026 9:40,Safe,Safe,Safe,Safe
W_002,7/24/2026 9:40,Safe,Safe,Safe,Safe
W_002,7/24/2026 9:40,Safe,Safe,Safe,Safe
W_002,7/24/2026 9:40,Safe,Safe,Safe,Safe
W_002,7/24/2026 9:40,Safe,Safe,Safe,Safe
W_002,7/24/2026 9:40,Safe,Safe,Safe,Safe
W_002,7/24/2026 9:40,Safe,Safe,Safe,Safe
W_002,7/24/2026 9:40,Safe,Safe,Safe,Safe
W_002,7/24/2026 9:41,Safe,Safe,Safe,Safe
W_002,7/24/2026 9:41,Safe,Safe,Safe,Safe
W_002,7/24/2026 9:41,Safe,Safe,Safe,Safe
W_002,7/24/2026 9:41,Safe,Safe,Safe,Safe
W_002,7/24/2026 9:41,Safe,Safe,Safe,Safe
W_002,7/24/2026 9:41,Safe,Safe,Safe,Safe
W_002,7/24/2026 9:41,Safe,Safe,Safe,Safe
W_002,7/24/2026 9:41,Safe,Safe,Safe,Safe
W_002,7/24/2026 9:41,Safe,Safe,Safe,Safe
W_002,7/24/2026 9:41,Safe,Safe,Safe,Safe
W_002,7/24/2026 9:41,Safe,Safe,Safe,Safe
W_002,7/24/2026 9:41,Safe,Safe,Safe,Safe
W_002,7/24/2026 9:41,Safe,Safe,Safe,Safe
W_002,7/24/2026 9:41,Safe,Safe,Safe,Safe
W_002,7/24/2026 9:41,Safe,Safe,Safe,Safe
W_002,7/24/2026 9:41,Safe,Safe,Safe,Safe
W_002,7/24/2026 9:41,Safe,Safe,Safe,Safe
W_002,7/24/2026 9:41,Safe,Safe,Safe,Safe
W_002,7/24/2026 9:41,Safe,Safe,Safe,Safe
W_002,7/24/2026 9:41,Safe,Safe,Safe,Safe
W_002,7/24/2026 9:41,Safe,Safe,Safe,Safe
W_002,7/24/2026 9:41,Safe,Safe,Safe,Safe
W_002,7/24/2026 9:41,Safe,Safe,Safe,Safe
W_002,7/24/2026 9:41,Safe,Safe,Safe,Safe
W_002,7/24/2026 9:41,Safe,Safe,Safe,Safe
W_002,7/24/2026 9:41,Safe,Safe,Safe,Safe
W_002,7/24/2026 9:41,Safe,Safe,Safe,Safe
W_002,7/24/2026 9:41,Safe,Safe,Safe,Safe
W_002,7/24/2026 9:41,Safe,Safe,Safe,Safe
W_002,7/24/2026 9:41,Safe,Safe,Safe,Safe
W_002,7/24/2026 9:41,Safe,Safe,Safe,Safe
W_002,7/24/2026 9:41,Safe,Safe,Safe,Safe
W_002,7/24/2026 9:41,Safe,Safe,Safe,Safe
W_002,7/24/2026 9:41,Safe,Safe,Safe,Safe
W_002,7/24/2026 9:41,Safe,Safe,Safe,Safe
W_002,7/24/2026 9:41,Safe,Safe,Safe,Safe
W_002,7/24/2026 9:41,Safe,Safe,Safe,Safe
W_002,7/24/2026 9:41,Safe,Safe,Safe,Safe
W_002,7/24/2026 9:41,Safe,Safe,Safe,Safe
W_002,7/24/2026 9:41,Safe,Safe,Safe,Safe
W_002,7/24/2026 9:41,Safe,Safe,Safe,Safe
W_002,7/24/2026 9:42,Safe,Safe,Safe,Safe
W_002,7/24/2026 9:42,Safe,Safe,Safe,Safe
W_002,7/24/2026 9:42,Safe,Safe,Safe,Safe
W_002,7/24/2026 9:42,Safe,Safe,Safe,Safe
W_002,7/24/2026 9:42,Safe,Safe,Safe,Safe
W_002,7/24/2026 9:42,Safe,Safe,Safe,Safe
W_002,7/24/2026 9:42,Safe,Safe,Safe,Safe
W_002,7/24/2026 9:42,Safe,Safe,Safe,Safe
W_002,7/24/2026 9:42,Safe,Safe,Safe,Safe
W_002,7/24/2026 9:42,Safe,Safe,Safe,Safe
W_002,7/24/2026 9:42,Safe,Safe,Safe,Safe
W_002,7/24/2026 9:42,Safe,Safe,Safe,Safe
W_002,7/24/2026 9:42,Safe,Safe,Safe,Safe
W_002,7/24/2026 9:42,Safe,Safe,Safe,Safe
W_002,7/24/2026 9:42,Safe,Safe,Safe,Safe
W_002,7/24/2026 9:42,Safe,Safe,Safe,Safe
W_002,7/24/2026 9:42,Safe,Safe,Safe,Safe
W_002,7/24/2026 9:42,Safe,Safe,Safe,Safe
W_002,7/24/2026 9:42,Safe,Safe,Safe,Safe
W_002,7/24/2026 9:42,Safe,Safe,Safe,Safe
W_002,7/24/2026 9:42,Safe,Safe,Safe,Safe
W_002,7/24/2026 9:42,Safe,Safe,Safe,Safe
W_002,7/24/2026 9:42,Safe,Safe,Safe,Safe
W_002,7/24/2026 9:42,Safe,Safe,Safe,Safe
W_002,7/24/2026 9:42,Safe,Safe,Safe,Safe
W_002,7/24/2026 9:42,Safe,Safe,Safe,Safe
W_002,7/24/2026 9:42,Safe,Safe,Safe,Safe
W_002,7/24/2026 9:42,Safe,Safe,Safe,Safe
W_002,7/24/2026 9:42,Safe,Safe,Safe,Safe
W_002,7/24/2026 9:42,Safe,Safe,Safe,Safe
W_002,7/24/2026 9:42,Safe,Safe,Safe,Safe
W_002,7/24/2026 9:42,Safe,Safe,Safe,Safe
W_002,7/24/2026 9:42,Safe,Safe,Safe,Safe
W_002,7/24/2026 9:42,Safe,Safe,Safe,Safe
W_002,7/24/2026 9:42,Safe,Safe,Safe,Safe
W_002,7/24/2026 9:42,Safe,Safe,Safe,Safe
W_002,7/24/2026 9:42,Safe,Safe,Safe,Safe
W_002,7/24/2026 9:42,Safe,Safe,Safe,Safe
W_002,7/24/2026 9:42,Safe,Safe,Safe,Safe
W_002,7/24/2026 9:42,Safe,Safe,Safe,Safe
W_002,7/24/2026 9:42,Safe,Safe,Safe,Safe
W_002,7/24/2026 9:42,Safe,Safe,Safe,Safe
W_002,7/24/2026 9:42,Safe,Safe,Safe,Safe
W_002,7/24/2026 9:42,Safe,Safe,Safe,Safe
W_002,7/24/2026 9:42,Safe,Safe,Safe,Safe
W_002,7/24/2026 9:42,Safe,Safe,Safe,Safe
W_002,7/24/2026 9:42,Safe,Safe,Safe,Safe
W_002,7/24/2026 9:42,Safe,Safe,Safe,Safe
W_002,7/24/2026 9:42,Safe,Safe,Safe,Safe
W_002,7/24/2026 9:42,Safe,Safe,Safe,Safe
W_002,7/24/2026 9:42,Safe,Safe,Safe,Safe
W_002,7/24/2026 9:42,Safe,Safe,Safe,Safe
W_002,7/24/2026 9:42,Safe,Safe,Safe,Safe
W_002,7/24/2026 9:42,Safe,Safe,Safe,Safe
W_002,7/24/2026 9:42,Safe,Safe,Safe,Safe
W_002,7/24/2026 9:42,Safe,Safe,Safe,Safe
W_002,7/24/2026 9:42,Safe,Safe,Safe,Safe
W_002,7/24/2026 9:42,Safe,Safe,Safe,Safe
W_002,7/24/2026 9:42,Safe,Safe,Safe,Safe
W_002,7/24/2026 9:42,Safe,Safe,Safe,Safe
W_002,7/24/2026 9:43,Safe,Safe,Safe,Safe
W_002,7/24/2026 9:43,Safe,Safe,Safe,Safe
W_002,7/24/2026 9:43,Safe,Safe,Safe,Safe
W_002,7/24/2026 9:43,Safe,Safe,Safe,Safe
W_002,7/24/2026 9:43,Safe,Safe,Safe,Safe
W_002,7/24/2026 9:43,Safe,Safe,Safe,Safe
W_002,7/24/2026 9:43,Safe,Safe,Safe,Safe
W_002,7/24/2026 9:43,Safe,Safe,Safe,Safe
W_002,7/24/2026 9:43,Safe,Safe,Safe,Safe
W_002,7/24/2026 9:43,Safe,Safe,Safe,Safe
W_002,7/24/2026 9:43,Safe,Safe,Safe,Safe
W_002,7/24/2026 9:43,Safe,Safe,Safe,Safe
W_002,7/24/2026 9:43,Safe,Safe,Safe,Safe
W_002,7/24/2026 9:43,Safe,Safe,Safe,Safe
W_002,7/24/2026 9:43,Safe,Safe,Safe,Safe
W_002,7/24/2026 9:43,Safe,Safe,Safe,Safe
W_002,7/24/2026 9:43,Safe,Safe,Safe,Safe
W_002,7/24/2026 9:43,Safe,Safe,Safe,Safe
W_002,7/24/2026 9:43,Safe,Safe,Safe,Safe
W_002,7/24/2026 9:43,Safe,Safe,Safe,Safe
W_002,7/24/2026 9:43,Safe,Safe,Safe,Safe
W_002,7/24/2026 9:43,Safe,Safe,Safe,Safe
W_002,7/24/2026 9:43,Safe,Safe,Safe,Safe
W_002,7/24/2026 9:43,Safe,Safe,Safe,Safe
W_002,7/24/2026 9:43,Safe,Safe,Safe,Safe
W_002,7/24/2026 9:43,Safe,Safe,Safe,Safe
W_002,7/24/2026 9:43,Safe,Safe,Safe,Safe
W_002,7/24/2026 9:43,Safe,Safe,Safe,Safe
W_002,7/24/2026 9:43,Safe,Safe,Safe,Safe
W_002,7/24/2026 9:43,Safe,Safe,Safe,Safe
W_002,7/24/2026 9:43,Safe,Safe,Safe,Safe
W_002,7/24/2026 9:43,Safe,Safe,Safe,Safe
W_002,7/24/2026 9:43,Safe,Safe,Safe,Safe
W_002,7/24/2026 9:43,Safe,Safe,Safe,Safe
W_002,7/24/2026 9:43,Safe,Safe,Safe,Safe
W_002,7/24/2026 9:43,Safe,Safe,Safe,Safe
W_002,7/24/2026 9:43,Safe,Safe,Safe,Safe
W_002,7/24/2026 9:43,Safe,Safe,Safe,Safe
W_002,7/24/2026 9:43,Safe,Safe,Safe,Safe
W_002,7/24/2026 9:43,Safe,Safe,Safe,Safe
W_002,7/24/2026 9:43,Safe,Safe,Safe,Safe
W_002,7/24/2026 9:43,Safe,Safe,Safe,Safe
W_002,7/24/2026 9:43,Safe,Safe,Safe,Safe
W_002,7/24/2026 9:43,Safe,Safe,Safe,Safe
W_002,7/24/2026 9:43,Safe,Safe,Safe,Safe
W_002,7/24/2026 9:43,Safe,Safe,Safe,Safe
W_002,7/24/2026 9:43,Safe,Safe,Safe,Safe
W_002,7/24/2026 9:43,Safe,Safe,Safe,Safe
W_002,7/24/2026 9:43,Safe,Safe,Safe,Safe
W_002,7/24/2026 9:43,Safe,Safe,Safe,Safe
W_002,7/24/2026 9:43,Safe,Safe,Safe,Safe
W_002,7/24/2026 9:43,Safe,Safe,Safe,Safe
W_002,7/24/2026 9:43,Safe,Safe,Safe,Safe
W_002,7/24/2026 9:43,Safe,Safe,Safe,Safe
W_002,7/24/2026 9:43,Safe,Safe,Safe,Safe
W_002,7/24/2026 9:43,Safe,Safe,Safe,Safe
W_002,7/24/2026 9:43,Safe,Safe,Safe,Safe
W_002,7/24/2026 9:43,Safe,Safe,Safe,Safe
W_002,7/24/2026 9:43,Safe,Safe,Safe,Safe
W_002,7/24/2026 9:43,Safe,Safe,Safe,Safe
W_002,7/24/2026 9:44,Safe,Safe,Safe,Safe
W_002,7/24/2026 9:44,Safe,Safe,Safe,Safe
W_002,7/24/2026 9:44,Safe,Safe,Safe,Safe
W_002,7/24/2026 9:44,Safe,Safe,Safe,Safe
W_002,7/24/2026 9:44,Safe,Safe,Safe,Safe
W_002,7/24/2026 9:44,Safe,Safe,Safe,Safe
W_002,7/24/2026 9:44,Safe,Safe,Safe,Safe
W_002,7/24/2026 9:44,Safe,Safe,Safe,Safe
W_002,7/24/2026 9:44,Safe,Safe,Safe,Safe
W_002,7/24/2026 9:44,Safe,Safe,Safe,Safe
W_002,7/24/2026 9:44,Safe,Safe,Safe,Safe
W_002,7/24/2026 9:44,Safe,Safe,Safe,Safe
W_002,7/24/2026 9:44,Safe,Safe,Safe,Safe
W_002,7/24/2026 9:44,Safe,Safe,Safe,Safe
W_002,7/24/2026 9:44,Safe,Safe,Safe,Safe
W_002,7/24/2026 9:44,Safe,Safe,Safe,Safe
W_002,7/24/2026 9:44,Safe,Safe,Safe,Safe
W_002,7/24/2026 9:44,Safe,Safe,Safe,Safe
W_002,7/24/2026 9:44,Safe,Safe,Safe,Safe
W_002,7/24/2026 9:44,Safe,Safe,Safe,Safe
W_002,7/24/2026 9:44,Safe,Safe,Safe,Safe
W_002,7/24/2026 9:44,Safe,Safe,Safe,Safe
W_002,7/24/2026 9:44,Safe,Safe,Safe,Safe
W_002,7/24/2026 9:44,Safe,Safe,Safe,Safe
W_002,7/24/2026 9:44,Safe,Safe,Safe,Safe
W_002,7/24/2026 9:44,Safe,Safe,Safe,Safe
W_002,7/24/2026 9:44,Safe,Safe,Safe,Safe
W_002,7/24/2026 9:44,Safe,Safe,Safe,Safe
W_002,7/24/2026 9:44,Safe,Safe,Safe,Safe
W_002,7/24/2026 9:44,Safe,Safe,Safe,Safe
W_002,7/24/2026 9:44,Safe,Safe,Safe,Safe
W_002,7/24/2026 9:44,Safe,Safe,Safe,Safe
W_002,7/24/2026 9:44,Safe,Safe,Safe,Safe
W_002,7/24/2026 9:44,Safe,Safe,Safe,Safe
W_002,7/24/2026 9:44,Safe,Safe,Safe,Safe
W_002,7/24/2026 9:44,Safe,Safe,Safe,Safe
W_002,7/24/2026 9:44,Safe,Safe,Safe,Safe
W_002,7/24/2026 9:44,Safe,Safe,Safe,Safe
W_002,7/24/2026 9:44,Safe,Safe,Safe,Safe
W_002,7/24/2026 9:44,Safe,Safe,Safe,Safe
W_002,7/24/2026 9:44,Safe,Safe,Safe,Safe
W_002,7/24/2026 9:44,Safe,Safe,Safe,Safe
W_002,7/24/2026 9:44,Safe,Safe,Safe,Safe
W_002,7/24/2026 9:44,Safe,Safe,Safe,Safe
W_002,7/24/2026 9:44,Safe,Safe,Safe,Safe
W_002,7/24/2026 9:44,Safe,Safe,Safe,Safe
W_002,7/24/2026 9:44,Safe,Safe,Safe,Safe
W_002,7/24/2026 9:44,Safe,Safe,Safe,Safe
W_002,7/24/2026 9:44,Safe,Safe,Safe,Safe
W_002,7/24/2026 9:44,Safe,Safe,Safe,Safe
W_002,7/24/2026 9:44,Safe,Safe,Safe,Safe
W_002,7/24/2026 9:44,Safe,Safe,Safe,Safe
W_002,7/24/2026 9:44,Safe,Safe,Safe,Safe
W_002,7/24/2026 9:44,Safe,Safe,Safe,Safe
W_002,7/24/2026 9:44,Safe,Safe,Safe,Safe
W_002,7/24/2026 9:44,Safe,Safe,Safe,Safe
W_002,7/24/2026 9:44,Safe,Safe,Safe,Safe
W_002,7/24/2026 9:44,Safe,Safe,Safe,Safe
W_002,7/24/2026 9:44,Safe,Safe,Safe,Safe
W_002,7/24/2026 9:44,Safe,Safe,Safe,Safe
W_002,7/24/2026 9:45,Safe,Safe,Safe,Safe
W_002,7/24/2026 9:45,Safe,Safe,Safe,Safe
W_002,7/24/2026 9:45,Safe,Safe,Safe,Safe
W_002,7/24/2026 9:45,Safe,Safe,Safe,Safe
W_002,7/24/2026 9:45,Safe,Safe,Safe,Safe
W_002,7/24/2026 9:45,Safe,Safe,Safe,Safe
W_002,7/24/2026 9:45,Safe,Safe,Safe,Safe
W_002,7/24/2026 9:45,Safe,Safe,Safe,Safe
W_002,7/24/2026 9:45,Safe,Safe,Safe,Safe
W_002,7/24/2026 9:45,Safe,Safe,Safe,Safe
W_002,7/24/2026 9:45,Safe,Safe,Safe,Safe
W_002,7/24/2026 9:45,Safe,Safe,Safe,Safe
W_002,7/24/2026 9:45,Safe,Safe,Safe,Safe
W_002,7/24/2026 9:45,Safe,Safe,Safe,Safe
W_002,7/24/2026 9:45,Safe,Safe,Safe,Safe
W_002,7/24/2026 9:45,Safe,Safe,Safe,Safe
W_002,7/24/2026 9:45,Safe,Safe,Safe,Safe
W_002,7/24/2026 9:45,Safe,Safe,Safe,Safe
W_002,7/24/2026 9:45,Safe,Safe,Safe,Safe
W_002,7/24/2026 9:45,Safe,Safe,Safe,Safe
W_002,7/24/2026 9:45,Safe,Safe,Safe,Safe
W_002,7/24/2026 9:45,Safe,Safe,Safe,Safe
W_002,7/24/2026 9:45,Safe,Safe,Safe,Safe
W_002,7/24/2026 9:45,Safe,Safe,Safe,Safe
W_002,7/24/2026 9:45,Safe,Safe,Safe,Safe
W_002,7/24/2026 9:45,Safe,Safe,Safe,Safe
W_002,7/24/2026 9:45,Safe,Safe,Safe,Safe
W_002,7/24/2026 9:45,Safe,Safe,Safe,Safe
W_002,7/24/2026 9:45,Safe,Safe,Safe,Safe
W_002,7/24/2026 9:45,Safe,Safe,Safe,Safe
W_002,7/24/2026 9:45,Safe,Safe,Safe,Safe
W_002,7/24/2026 9:45,Safe,Safe,Safe,Safe
W_002,7/24/2026 9:45,Safe,Safe,Safe,Safe
W_002,7/24/2026 9:45,Safe,Safe,Safe,Safe
W_002,7/24/2026 9:45,Safe,Safe,Safe,Safe
W_002,7/24/2026 9:45,Safe,Safe,Safe,Safe
W_002,7/24/2026 9:45,Safe,Safe,Safe,Safe
W_002,7/24/2026 9:45,Safe,Safe,Safe,Safe
W_002,7/24/2026 9:45,Safe,Safe,Safe,Safe
W_002,7/24/2026 9:45,Safe,Safe,Safe,Safe
W_002,7/24/2026 9:45,Safe,Safe,Safe,Safe
W_002,7/24/2026 9:45,Safe,Safe,Safe,Safe
W_002,7/24/2026 9:45,Safe,Safe,Safe,Safe
W_002,7/24/2026 9:45,Safe,Safe,Safe,Safe
W_002,7/24/2026 9:45,Safe,Safe,Safe,Safe
W_002,7/24/2026 9:45,Safe,Safe,Safe,Safe
W_002,7/24/2026 9:45,Safe,Safe,Safe,Safe
W_002,7/24/2026 9:45,Safe,Safe,Safe,Safe
W_002,7/24/2026 9:45,Safe,Safe,Safe,Safe
W_002,7/24/2026 9:45,Safe,Safe,Safe,Safe
W_002,7/24/2026 9:45,Safe,Safe,Safe,Safe
W_002,7/24/2026 9:45,Safe,Safe,Safe,Safe
W_002,7/24/2026 9:45,Safe,Safe,Safe,Safe
W_002,7/24/2026 9:45,Safe,Safe,Safe,Safe
W_002,7/24/2026 9:45,Safe,Safe,Safe,Safe
W_002,7/24/2026 9:45,Safe,Safe,Safe,Safe
W_002,7/24/2026 9:45,Safe,Safe,Safe,Safe
W_002,7/24/2026 9:45,Safe,Safe,Safe,Safe
W_002,7/24/2026 9:45,Safe,Safe,Safe,Safe
W_002,7/24/2026 9:46,Safe,Safe,Safe,Safe
W_002,7/24/2026 9:46,Safe,Safe,Safe,Safe
W_002,7/24/2026 9:46,Safe,Safe,Safe,Safe
W_002,7/24/2026 9:46,Safe,Safe,Safe,Safe
W_002,7/24/2026 9:46,Safe,Safe,Safe,Safe
W_002,7/24/2026 9:46,Safe,Safe,Safe,Safe
W_002,7/24/2026 9:46,Safe,Safe,Safe,Safe
W_002,7/24/2026 9:46,Safe,Safe,Safe,Safe
W_002,7/24/2026 9:46,Safe,Safe,Safe,Safe
W_002,7/24/2026 9:46,Safe,Safe,Safe,Safe
W_002,7/24/2026 9:46,Safe,Safe,Safe,Safe
W_002,7/24/2026 9:46,Safe,Safe,Safe,Safe
W_002,7/24/2026 9:46,Safe,Safe,Safe,Safe
W_002,7/24/2026 9:46,Safe,Safe,Safe,Safe
W_002,7/24/2026 9:46,Safe,Safe,Safe,Safe
W_002,7/24/2026 9:46,Safe,Safe,Safe,Safe
W_002,7/24/2026 9:46,Safe,Safe,Safe,Safe
W_002,7/24/2026 9:46,Safe,Safe,Safe,Safe
W_002,7/24/2026 9:46,Safe,Safe,Safe,Safe
W_002,7/24/2026 9:46,Safe,Safe,Safe,Safe
W_002,7/24/2026 9:46,Safe,Safe,Safe,Safe
W_002,7/24/2026 9:46,Safe,Safe,Safe,Safe
W_002,7/24/2026 9:46,Safe,Safe,Safe,Safe
W_002,7/24/2026 9:46,Safe,Safe,Safe,Safe
W_002,7/24/2026 9:46,Safe,Safe,Safe,Safe
W_002,7/24/2026 9:46,Safe,Safe,Safe,Safe
W_002,7/24/2026 9:46,Safe,Safe,Safe,Safe
W_002,7/24/2026 9:46,Safe,Safe,Safe,Safe
W_002,7/24/2026 9:46,Safe,Safe,Safe,Safe
W_002,7/24/2026 9:46,Safe,Safe,Safe,Safe
W_002,7/24/2026 9:46,Safe,Safe,Safe,Safe
W_002,7/24/2026 9:46,Safe,Safe,Safe,Safe
W_002,7/24/2026 9:46,Warning,Safe,Safe,Safe
W_002,7/24/2026 9:46,Warning,Safe,Safe,Safe
W_002,7/24/2026 9:46,Warning,Safe,Safe,Safe
W_002,7/24/2026 9:46,Warning,Safe,Safe,Safe
W_002,7/24/2026 9:46,Warning,Safe,Safe,Safe
W_002,7/24/2026 9:46,Warning,Safe,Safe,Safe
W_002,7/24/2026 9:46,Warning,Safe,Safe,Safe
W_002,7/24/2026 9:46,Warning,Safe,Safe,Safe
W_002,7/24/2026 9:46,Warning,Safe,Safe,Safe
W_002,7/24/2026 9:46,Warning,Safe,Safe,Warning
W_002,7/24/2026 9:46,Warning,Safe,Safe,Safe
W_002,7/24/2026 9:46,Warning,Safe,Safe,Safe
W_002,7/24/2026 9:46,Warning,Safe,Safe,Warning
W_002,7/24/2026 9:46,Warning,Safe,Safe,Warning
W_002,7/24/2026 9:46,Warning,Safe,Safe,Warning
W_002,7/24/2026 9:46,Warning,Critical,Safe,Warning
W_002,7/24/2026 9:46,Warning,Safe,Safe,Warning
W_002,7/24/2026 9:46,Warning,Safe,Safe,Warning
W_002,7/24/2026 9:46,Warning,Safe,Safe,Warning
W_002,7/24/2026 9:46,Warning,Safe,Safe,Warning
W_002,7/24/2026 9:46,Warning,Safe,Safe,Warning
W_002,7/24/2026 9:46,Warning,Safe,Safe,Warning
W_002,7/24/2026 9:46,Warning,Safe,Safe,Safe
W_002,7/24/2026 9:46,Warning,Safe,Safe,Warning
W_002,7/24/2026 9:46,Warning,Critical,Safe,Warning
W_002,7/24/2026 9:46,Warning,Critical,Safe,Warning
W_002,7/24/2026 9:46,Warning,Critical,Safe,Warning
W_002,7/24/2026 9:46,Warning,Critical,Safe,Warning
W_002,7/24/2026 9:47,Warning,Critical,Safe,Warning
W_002,7/24/2026 9:47,Warning,Safe,Safe,Warning
W_002,7/24/2026 9:47,Warning,Critical,Safe,Warning
W_002,7/24/2026 9:47,Warning,Critical,Safe,Warning
W_002,7/24/2026 9:47,Warning,Critical,Safe,Warning
W_002,7/24/2026 9:47,Warning,Safe,Safe,Warning
W_002,7/24/2026 9:47,Warning,Safe,Safe,Warning
W_002,7/24/2026 9:47,Warning,Safe,Safe,Warning
W_002,7/24/2026 9:47,Warning,Safe,Safe,Warning
W_002,7/24/2026 9:47,Warning,Critical,Safe,Warning
W_002,7/24/2026 9:47,Warning,Critical,Safe,Warning
W_002,7/24/2026 9:47,Warning,Safe,Safe,Warning
W_002,7/24/2026 9:47,Warning,Critical,Safe,Warning
W_002,7/24/2026 9:47,Warning,Critical,Safe,Warning
W_002,7/24/2026 9:47,Warning,Critical,Safe,Warning
W_002,7/24/2026 9:47,Warning,Critical,Safe,Warning
W_002,7/24/2026 9:47,Warning,Critical,Safe,Warning
W_002,7/24/2026 9:47,Warning,Safe,Safe,Warning
W_002,7/24/2026 9:47,Warning,Critical,Safe,Warning
W_002,7/24/2026 9:47,Warning,Critical,Safe,Warning
W_002,7/24/2026 9:47,Warning,Critical,Safe,Warning
W_002,7/24/2026 9:47,Warning,Critical,Safe,Warning
W_002,7/24/2026 9:47,Warning,Critical,Safe,Warning
W_002,7/24/2026 9:47,Warning,Critical,Safe,Warning
W_002,7/24/2026 9:47,Warning,Critical,Safe,Warning
W_002,7/24/2026 9:47,Warning,Critical,Safe,Warning
W_002,7/24/2026 9:47,Warning,Critical,Safe,Warning
W_002,7/24/2026 9:47,Warning,Critical,Safe,Warning
W_002,7/24/2026 9:47,Warning,Critical,Safe,Warning
W_002,7/24/2026 9:47,Warning,Critical,Safe,Warning
W_002,7/24/2026 9:47,Warning,Critical,Safe,Warning
W_002,7/24/2026 9:47,Warning,Critical,Safe,Warning
W_002,7/24/2026 9:47,Warning,Critical,Safe,Warning
W_002,7/24/2026 9:47,Warning,Critical,Safe,Warning
W_002,7/24/2026 9:47,Warning,Critical,Safe,Warning
W_002,7/24/2026 9:47,Warning,Critical,Safe,Warning
W_002,7/24/2026 9:47,Warning,Critical,Safe,Warning
W_002,7/24/2026 9:47,Warning,Critical,Safe,Warning
W_002,7/24/2026 9:47,Warning,Critical,Safe,Warning
W_002,7/24/2026 9:47,Warning,Critical,Safe,Warning
W_002,7/24/2026 9:47,Warning,Critical,Safe,Warning
W_002,7/24/2026 9:47,Warning,Critical,Safe,Warning
W_002,7/24/2026 9:47,Warning,Critical,Safe,Warning
W_002,7/24/2026 9:47,Warning,Critical,Safe,Warning
W_002,7/24/2026 9:47,Warning,Critical,Safe,Warning
W_002,7/24/2026 9:47,Warning,Critical,Safe,Warning
W_002,7/24/2026 9:47,Warning,Critical,Safe,Warning
W_002,7/24/2026 9:47,Warning,Critical,Safe,Warning
W_002,7/24/2026 9:47,Warning,Critical,Safe,Warning
W_002,7/24/2026 9:47,Warning,Critical,Safe,Warning
W_002,7/24/2026 9:47,Warning,Critical,Safe,Warning
W_002,7/24/2026 9:47,Warning,Critical,Safe,Warning
W_002,7/24/2026 9:47,Warning,Critical,Safe,Warning
W_002,7/24/2026 9:47,Warning,Critical,Safe,Warning
W_002,7/24/2026 9:47,Warning,Critical,Safe,Warning
W_002,7/24/2026 9:47,Warning,Critical,Safe,Warning
W_002,7/24/2026 9:47,Warning,Critical,Safe,Warning
W_002,7/24/2026 9:47,Warning,Critical,Safe,Warning
W_002,7/24/2026 9:47,Warning,Critical,Safe,Warning
W_002,7/24/2026 9:47,Warning,Critical,Safe,Warning
W_002,7/24/2026 9:48,Warning,Critical,Safe,Warning
W_002,7/24/2026 9:48,Warning,Critical,Safe,Warning
W_002,7/24/2026 9:48,Warning,Critical,Safe,Warning
W_002,7/24/2026 9:48,Warning,Critical,Safe,Warning
W_002,7/24/2026 9:48,Warning,Critical,Safe,Warning
W_002,7/24/2026 9:48,Warning,Critical,Safe,Warning
W_002,7/24/2026 9:48,Warning,Critical,Safe,Warning
W_002,7/24/2026 9:48,Warning,Critical,Safe,Warning
W_002,7/24/2026 9:48,Warning,Critical,Warning,Warning
W_002,7/24/2026 9:48,Warning,Critical,Safe,Warning
W_002,7/24/2026 9:48,Warning,Critical,Safe,Warning
W_002,7/24/2026 9:48,Warning,Critical,Safe,Warning
W_002,7/24/2026 9:48,Warning,Critical,Warning,Warning
W_002,7/24/2026 9:48,Warning,Critical,Warning,Warning
W_002,7/24/2026 9:48,Warning,Critical,Safe,Warning
W_002,7/24/2026 9:48,Warning,Critical,Warning,Warning
W_002,7/24/2026 9:48,Warning,Critical,Warning,Warning
W_002,7/24/2026 9:48,Warning,Critical,Warning,Warning
W_002,7/24/2026 9:48,Warning,Critical,Warning,Warning
W_002,7/24/2026 9:48,Warning,Critical,Warning,Warning
W_002,7/24/2026 9:48,Warning,Critical,Warning,Warning
W_002,7/24/2026 9:48,Warning,Critical,Warning,Warning
W_002,7/24/2026 9:48,Warning,Critical,Warning,Warning
W_002,7/24/2026 9:48,Warning,Critical,Warning,Warning
W_002,7/24/2026 9:48,Warning,Critical,Warning,Warning
W_002,7/24/2026 9:48,Warning,Critical,Warning,Warning
W_002,7/24/2026 9:48,Warning,Critical,Warning,Warning
W_002,7/24/2026 9:48,Warning,Critical,Warning,Warning
W_002,7/24/2026 9:48,Warning,Critical,Warning,Warning
W_002,7/24/2026 9:48,Warning,Critical,Warning,Warning
W_002,7/24/2026 9:48,Warning,Critical,Warning,Warning
W_002,7/24/2026 9:48,Warning,Critical,Warning,Warning
W_002,7/24/2026 9:48,Warning,Critical,Warning,Warning
W_002,7/24/2026 9:48,Warning,Critical,Warning,Warning
W_002,7/24/2026 9:48,Warning,Critical,Warning,Warning
W_002,7/24/2026 9:48,Warning,Critical,Warning,Warning
W_002,7/24/2026 9:48,Warning,Critical,Warning,Warning
W_002,7/24/2026 9:48,Warning,Critical,Warning,Warning
W_002,7/24/2026 9:48,Warning,Critical,Warning,Warning
W_002,7/24/2026 9:48,Warning,Critical,Warning,Warning
W_002,7/24/2026 9:48,Warning,Critical,Warning,Warning
W_002,7/24/2026 9:48,Warning,Critical,Warning,Warning
W_002,7/24/2026 9:48,Warning,Critical,Warning,Warning
W_002,7/24/2026 9:48,Warning,Critical,Warning,Warning
W_002,7/24/2026 9:48,Warning,Critical,Warning,Warning
W_002,7/24/2026 9:48,Warning,Critical,Warning,Warning
W_002,7/24/2026 9:48,Warning,Critical,Warning,Warning
W_002,7/24/2026 9:48,Warning,Critical,Warning,Warning
W_002,7/24/2026 9:48,Warning,Critical,Warning,Warning
W_002,7/24/2026 9:48,Warning,Critical,Warning,Warning
W_002,7/24/2026 9:48,Warning,Critical,Warning,Warning
W_002,7/24/2026 9:48,Warning,Critical,Warning,Warning
W_002,7/24/2026 9:48,Warning,Critical,Warning,Warning
W_002,7/24/2026 9:48,Warning,Critical,Warning,Warning
W_002,7/24/2026 9:48,Warning,Critical,Warning,Warning
W_002,7/24/2026 9:48,Warning,Critical,Warning,Warning
W_002,7/24/2026 9:48,Warning,Critical,Warning,Warning
W_002,7/24/2026 9:48,Warning,Critical,Warning,Warning
W_002,7/24/2026 9:48,Warning,Critical,Warning,Warning
W_002,7/24/2026 9:48,Warning,Critical,Warning,Warning
W_002,7/24/2026 9:49,Warning,Critical,Warning,Warning
W_002,7/24/2026 9:49,Warning,Critical,Warning,Warning
W_002,7/24/2026 9:49,Warning,Critical,Warning,Warning
W_002,7/24/2026 9:49,Warning,Critical,Warning,Warning
W_002,7/24/2026 9:49,Warning,Critical,Warning,Warning
W_002,7/24/2026 9:49,Warning,Critical,Warning,Warning
W_002,7/24/2026 9:49,Warning,Critical,Warning,Warning
W_002,7/24/2026 9:49,Warning,Critical,Warning,Warning
W_002,7/24/2026 9:49,Warning,Critical,Warning,Warning
W_002,7/24/2026 9:49,Warning,Critical,Warning,Warning
W_002,7/24/2026 9:49,Warning,Critical,Warning,Warning
W_002,7/24/2026 9:49,Warning,Critical,Warning,Warning
W_002,7/24/2026 9:49,Warning,Critical,Warning,Warning
W_002,7/24/2026 9:49,Warning,Critical,Warning,Warning
W_002,7/24/2026 9:49,Warning,Critical,Warning,Warning
W_002,7/24/2026 9:49,Warning,Critical,Warning,Warning
W_002,7/24/2026 9:49,Warning,Critical,Warning,Warning
W_002,7/24/2026 9:49,Warning,Critical,Warning,Warning
W_002,7/24/2026 9:49,Warning,Critical,Warning,Warning
W_002,7/24/2026 9:49,Warning,Critical,Warning,Warning
W_002,7/24/2026 9:49,Warning,Critical,Warning,Warning
W_002,7/24/2026 9:49,Warning,Critical,Warning,Warning
W_002,7/24/2026 9:49,Warning,Critical,Warning,Warning
W_002,7/24/2026 9:49,Warning,Critical,Warning,Warning
W_002,7/24/2026 9:49,Warning,Critical,Warning,Warning
W_002,7/24/2026 9:49,Warning,Critical,Warning,Warning
W_002,7/24/2026 9:49,Warning,Critical,Warning,Warning
W_002,7/24/2026 9:49,Warning,Critical,Warning,Warning
W_002,7/24/2026 9:49,Warning,Critical,Warning,Warning
W_002,7/24/2026 9:49,Warning,Critical,Warning,Warning
W_002,7/24/2026 9:49,Warning,Critical,Warning,Warning
W_002,7/24/2026 9:49,Warning,Critical,Warning,Warning
W_002,7/24/2026 9:49,Warning,Critical,Warning,Warning
W_002,7/24/2026 9:49,Warning,Critical,Warning,Warning
W_002,7/24/2026 9:49,Warning,Critical,Warning,Warning
W_002,7/24/2026 9:49,Warning,Critical,Warning,Warning
W_002,7/24/2026 9:49,Warning,Critical,Warning,Warning
W_002,7/24/2026 9:49,Warning,Critical,Warning,Warning
W_002,7/24/2026 9:49,Warning,Critical,Warning,Warning
W_002,7/24/2026 9:49,Warning,Critical,Warning,Warning
W_002,7/24/2026 9:49,Warning,Critical,Warning,Warning
W_002,7/24/2026 9:49,Warning,Critical,Warning,Warning
W_002,7/24/2026 9:49,Warning,Critical,Warning,Warning
W_002,7/24/2026 9:49,Warning,Critical,Warning,Warning
W_002,7/24/2026 9:49,Warning,Critical,Warning,Warning
W_002,7/24/2026 9:49,Warning,Critical,Warning,Warning
W_002,7/24/2026 9:49,Warning,Critical,Warning,Warning
W_002,7/24/2026 9:49,Warning,Critical,Warning,Warning
W_002,7/24/2026 9:49,Warning,Critical,Warning,Warning
W_002,7/24/2026 9:49,Warning,Critical,Warning,Warning
W_002,7/24/2026 9:49,Warning,Critical,Warning,Warning
W_002,7/24/2026 9:49,Warning,Critical,Warning,Warning
W_002,7/24/2026 9:49,Warning,Critical,Warning,Warning
W_002,7/24/2026 9:49,Warning,Critical,Warning,Warning
W_002,7/24/2026 9:49,Warning,Critical,Warning,Warning
W_002,7/24/2026 9:49,Warning,Critical,Warning,Warning
W_002,7/24/2026 9:49,Warning,Critical,Warning,Warning
W_002,7/24/2026 9:49,Warning,Critical,Warning,Warning
W_002,7/24/2026 9:49,Warning,Critical,Warning,Warning
W_002,7/24/2026 9:49,Warning,Critical,Warning,Warning
W_002,7/24/2026 9:50,Warning,Critical,Warning,Warning
W_002,7/24/2026 9:50,Warning,Critical,Warning,Warning
W_002,7/24/2026 9:50,Warning,Critical,Warning,Warning
W_002,7/24/2026 9:50,Warning,Critical,Warning,Warning
W_002,7/24/2026 9:50,Warning,Critical,Warning,Warning
W_002,7/24/2026 9:50,Warning,Critical,Warning,Warning
W_002,7/24/2026 9:50,Warning,Critical,Warning,Warning
W_002,7/24/2026 9:50,Warning,Critical,Warning,Warning
W_002,7/24/2026 9:50,Warning,Critical,Warning,Warning
W_002,7/24/2026 9:50,Warning,Critical,Warning,Warning
W_002,7/24/2026 9:50,Warning,Critical,Warning,Warning
W_002,7/24/2026 9:50,Warning,Critical,Warning,Warning
W_002,7/24/2026 9:50,Warning,Critical,Warning,Warning
W_002,7/24/2026 9:50,Warning,Critical,Warning,Warning
W_002,7/24/2026 9:50,Warning,Critical,Warning,Warning
W_002,7/24/2026 9:50,Warning,Critical,Warning,Warning
W_002,7/24/2026 9:50,Warning,Critical,Warning,Warning
W_002,7/24/2026 9:50,Warning,Critical,Warning,Warning
W_002,7/24/2026 9:50,Warning,Critical,Warning,Warning
W_002,7/24/2026 9:50,Warning,Critical,Warning,Warning
W_002,7/24/2026 9:50,Warning,Critical,Warning,Warning
W_002,7/24/2026 9:50,Warning,Critical,Warning,Warning
W_002,7/24/2026 9:50,Warning,Critical,Warning,Warning
W_002,7/24/2026 9:50,Warning,Critical,Warning,Warning
W_002,7/24/2026 9:50,Warning,Critical,Warning,Warning
W_002,7/24/2026 9:50,Warning,Critical,Warning,Warning
W_002,7/24/2026 9:50,Warning,Critical,Warning,Warning
W_002,7/24/2026 9:50,Warning,Critical,Warning,Warning
W_002,7/24/2026 9:50,Warning,Critical,Warning,Warning
W_002,7/24/2026 9:50,Warning,Critical,Warning,Warning
W_002,7/24/2026 9:50,Warning,Critical,Warning,Warning
W_002,7/24/2026 9:50,Warning,Critical,Warning,Warning
W_002,7/24/2026 9:50,Warning,Critical,Warning,Warning
W_002,7/24/2026 9:50,Warning,Critical,Warning,Warning
W_002,7/24/2026 9:50,Warning,Critical,Warning,Warning
W_002,7/24/2026 9:50,Warning,Critical,Warning,Warning
W_002,7/24/2026 9:50,Warning,Critical,Warning,Warning
W_002,7/24/2026 9:50,Warning,Critical,Warning,Warning
W_002,7/24/2026 9:50,Warning,Critical,Warning,Warning
W_002,7/24/2026 9:50,Warning,Critical,Warning,Warning
W_002,7/24/2026 9:50,Warning,Critical,Warning,Warning
W_002,7/24/2026 9:50,Warning,Critical,Warning,Warning
W_002,7/24/2026 9:50,Warning,Critical,Warning,Warning
W_002,7/24/2026 9:50,Warning,Critical,Warning,Warning
W_002,7/24/2026 9:50,Warning,Critical,Warning,Warning
W_002,7/24/2026 9:50,Warning,Critical,Warning,Warning
W_002,7/24/2026 9:50,Warning,Critical,Warning,Warning
W_002,7/24/2026 9:50,Warning,Critical,Warning,Warning
W_002,7/24/2026 9:50,Warning,Critical,Warning,Warning
W_002,7/24/2026 9:50,Warning,Critical,Warning,Warning
W_002,7/24/2026 9:50,Warning,Critical,Warning,Warning
W_002,7/24/2026 9:50,Warning,Critical,Warning,Warning
W_002,7/24/2026 9:50,Warning,Critical,Warning,Warning
W_002,7/24/2026 9:50,Warning,Critical,Warning,Warning
W_002,7/24/2026 9:50,Warning,Critical,Warning,Warning
W_002,7/24/2026 9:50,Warning,Critical,Warning,Warning
W_002,7/24/2026 9:50,Warning,Critical,Warning,Warning
W_002,7/24/2026 9:50,Warning,Critical,Warning,Warning
W_002,7/24/2026 9:50,Warning,Critical,Warning,Warning
W_002,7/24/2026 9:50,Warning,Critical,Warning,Warning
W_002,7/24/2026 9:51,Warning,Critical,Warning,Warning
W_002,7/24/2026 9:51,Warning,Critical,Warning,Warning
W_002,7/24/2026 9:51,Warning,Critical,Warning,Warning
W_002,7/24/2026 9:51,Warning,Critical,Warning,Warning
W_002,7/24/2026 9:51,Warning,Critical,Warning,Warning
W_002,7/24/2026 9:51,Warning,Critical,Warning,Warning
W_002,7/24/2026 9:51,Warning,Critical,Warning,Warning
W_002,7/24/2026 9:51,Warning,Critical,Warning,Warning
W_002,7/24/2026 9:51,Warning,Critical,Warning,Warning
W_002,7/24/2026 9:51,Warning,Critical,Warning,Warning
W_002,7/24/2026 9:51,Warning,Critical,Warning,Warning
W_002,7/24/2026 9:51,Warning,Critical,Warning,Warning
W_002,7/24/2026 9:51,Warning,Critical,Warning,Warning
W_002,7/24/2026 9:51,Warning,Critical,Warning,Warning
W_002,7/24/2026 9:51,Warning,Critical,Warning,Warning
W_002,7/24/2026 9:51,Warning,Critical,Warning,Warning
W_002,7/24/2026 9:51,Warning,Critical,Warning,Warning
W_002,7/24/2026 9:51,Warning,Critical,Warning,Warning
W_002,7/24/2026 9:51,Warning,Critical,Warning,Warning
W_002,7/24/2026 9:51,Warning,Critical,Warning,Warning
W_002,7/24/2026 9:51,Warning,Critical,Warning,Warning
W_002,7/24/2026 9:51,Warning,Critical,Warning,Warning
W_002,7/24/2026 9:51,Warning,Critical,Warning,Warning
W_002,7/24/2026 9:51,Warning,Critical,Warning,Warning
W_002,7/24/2026 9:51,Warning,Critical,Warning,Warning
W_002,7/24/2026 9:51,Warning,Critical,Warning,Warning
W_002,7/24/2026 9:51,Warning,Critical,Warning,Warning
W_002,7/24/2026 9:51,Warning,Critical,Warning,Warning
W_002,7/24/2026 9:51,Warning,Critical,Warning,Warning
W_002,7/24/2026 9:51,Warning,Critical,Warning,Warning
W_002,7/24/2026 9:51,Warning,Critical,Warning,Warning
W_002,7/24/2026 9:51,Warning,Critical,Warning,Warning
W_002,7/24/2026 9:51,Warning,Critical,Warning,Warning
W_002,7/24/2026 9:51,Warning,Critical,Warning,Warning
W_002,7/24/2026 9:51,Warning,Safe,Warning,Warning
W_002,7/24/2026 9:51,Warning,Safe,Warning,Warning
W_002,7/24/2026 9:51,Warning,Safe,Warning,Warning
W_002,7/24/2026 9:51,Warning,Critical,Warning,Warning
W_002,7/24/2026 9:51,Warning,Safe,Warning,Warning
W_002,7/24/2026 9:51,Warning,Safe,Warning,Warning
W_002,7/24/2026 9:51,Warning,Safe,Warning,Warning
W_002,7/24/2026 9:51,Warning,Safe,Warning,Warning
W_002,7/24/2026 9:51,Warning,Safe,Warning,Warning
W_002,7/24/2026 9:51,Warning,Safe,Warning,Warning
W_002,7/24/2026 9:51,Warning,Safe,Warning,Warning
W_002,7/24/2026 9:51,Warning,Safe,Warning,Warning
W_002,7/24/2026 9:51,Warning,Safe,Warning,Warning
W_002,7/24/2026 9:51,Warning,Safe,Warning,Warning
W_002,7/24/2026 9:51,Warning,Safe,Warning,Warning
W_002,7/24/2026 9:51,Warning,Safe,Warning,Warning
W_002,7/24/2026 9:51,Warning,Safe,Warning,Warning
W_002,7/24/2026 9:51,Warning,Safe,Warning,Warning
W_002,7/24/2026 9:51,Warning,Safe,Warning,Warning
W_002,7/24/2026 9:51,Warning,Safe,Warning,Warning
W_002,7/24/2026 9:51,Warning,Safe,Warning,Warning
W_002,7/24/2026 9:51,Warning,Safe,Warning,Warning
W_002,7/24/2026 9:51,Warning,Safe,Warning,Warning
W_002,7/24/2026 9:51,Warning,Safe,Warning,Warning
W_002,7/24/2026 9:51,Warning,Safe,Warning,Warning
W_002,7/24/2026 9:51,Warning,Safe,Warning,Warning
W_002,7/24/2026 9:52,Warning,Safe,Warning,Warning
W_002,7/24/2026 9:52,Warning,Safe,Warning,Warning
W_002,7/24/2026 9:52,Warning,Safe,Warning,Warning
W_002,7/24/2026 9:52,Warning,Safe,Warning,Warning
W_002,7/24/2026 9:52,Warning,Safe,Warning,Warning
W_002,7/24/2026 9:52,Warning,Safe,Warning,Warning
W_002,7/24/2026 9:52,Warning,Safe,Warning,Warning
W_002,7/24/2026 9:52,Warning,Safe,Warning,Warning
W_002,7/24/2026 9:52,Warning,Safe,Warning,Warning
W_002,7/24/2026 9:52,Warning,Safe,Warning,Warning
W_002,7/24/2026 9:52,Warning,Safe,Warning,Warning
W_002,7/24/2026 9:52,Warning,Safe,Warning,Warning
W_002,7/24/2026 9:52,Warning,Safe,Warning,Warning
W_002,7/24/2026 9:52,Warning,Safe,Warning,Warning
W_002,7/24/2026 9:52,Warning,Safe,Warning,Warning
W_002,7/24/2026 9:52,Warning,Safe,Warning,Warning
W_002,7/24/2026 9:52,Warning,Safe,Warning,Warning
W_002,7/24/2026 9:52,Warning,Safe,Warning,Warning
W_002,7/24/2026 9:52,Warning,Safe,Warning,Warning
W_002,7/24/2026 9:52,Warning,Safe,Warning,Warning
W_002,7/24/2026 9:52,Warning,Safe,Warning,Warning
W_002,7/24/2026 9:52,Warning,Safe,Warning,Warning
W_002,7/24/2026 9:52,Warning,Safe,Warning,Warning
W_002,7/24/2026 9:52,Warning,Safe,Warning,Warning
W_002,7/24/2026 9:52,Warning,Safe,Warning,Warning
W_002,7/24/2026 9:52,Warning,Safe,Warning,Warning
W_002,7/24/2026 9:52,Warning,Safe,Warning,Warning
W_002,7/24/2026 9:52,Warning,Safe,Warning,Warning
W_002,7/24/2026 9:52,Warning,Safe,Warning,Warning
W_002,7/24/2026 9:52,Warning,Safe,Warning,Warning
W_002,7/24/2026 9:52,Warning,Safe,Warning,Warning
W_002,7/24/2026 9:52,Warning,Safe,Warning,Warning
W_002,7/24/2026 9:52,Warning,Safe,Warning,Warning
W_002,7/24/2026 9:52,Warning,Safe,Warning,Warning
W_002,7/24/2026 9:52,Warning,Safe,Warning,Warning
W_002,7/24/2026 9:52,Warning,Safe,Warning,Warning
W_002,7/24/2026 9:52,Warning,Safe,Warning,Warning
W_002,7/24/2026 9:52,Warning,Safe,Warning,Warning
W_002,7/24/2026 9:52,Warning,Safe,Warning,Warning
W_002,7/24/2026 9:52,Warning,Safe,Warning,Warning
W_002,7/24/2026 9:52,Warning,Safe,Warning,Warning
W_002,7/24/2026 9:52,Warning,Safe,Warning,Warning
W_002,7/24/2026 9:52,Warning,Safe,Warning,Warning
W_002,7/24/2026 9:52,Warning,Safe,Warning,Warning
W_002,7/24/2026 9:52,Warning,Safe,Warning,Warning
W_002,7/24/2026 9:52,Warning,Safe,Warning,Warning
W_002,7/24/2026 9:52,Warning,Safe,Warning,Warning
W_002,7/24/2026 9:52,Warning,Safe,Warning,Warning
W_002,7/24/2026 9:52,Warning,Safe,Warning,Warning
W_002,7/24/2026 9:52,Warning,Safe,Warning,Warning
W_002,7/24/2026 9:52,Warning,Safe,Warning,Warning
W_002,7/24/2026 9:52,Warning,Safe,Warning,Warning
W_002,7/24/2026 9:52,Warning,Safe,Warning,Warning
W_002,7/24/2026 9:52,Warning,Safe,Warning,Warning
W_002,7/24/2026 9:52,Warning,Safe,Warning,Warning
W_002,7/24/2026 9:52,Warning,Safe,Warning,Warning
W_002,7/24/2026 9:52,Warning,Safe,Warning,Warning
W_002,7/24/2026 9:52,Warning,Safe,Warning,Warning
W_002,7/24/2026 9:52,Warning,Safe,Warning,Warning
W_002,7/24/2026 9:52,Warning,Safe,Warning,Warning
W_002,7/24/2026 9:53,Warning,Safe,Warning,Warning
W_002,7/24/2026 9:53,Warning,Safe,Warning,Warning
W_002,7/24/2026 9:53,Warning,Safe,Warning,Warning
W_002,7/24/2026 9:53,Warning,Safe,Warning,Warning
W_002,7/24/2026 9:53,Warning,Safe,Warning,Warning
W_002,7/24/2026 9:53,Warning,Safe,Warning,Warning
W_002,7/24/2026 9:53,Warning,Critical,Warning,Warning
W_002,7/24/2026 9:53,Warning,Safe,Warning,Warning
W_002,7/24/2026 9:53,Warning,Safe,Warning,Warning
W_002,7/24/2026 9:53,Warning,Safe,Warning,Warning
W_002,7/24/2026 9:53,Warning,Safe,Warning,Warning
W_002,7/24/2026 9:53,Warning,Safe,Warning,Warning
W_002,7/24/2026 9:53,Warning,Safe,Warning,Warning
W_002,7/24/2026 9:53,Warning,Safe,Warning,Warning
W_002,7/24/2026 9:53,Warning,Safe,Warning,Warning
W_002,7/24/2026 9:53,Warning,Safe,Warning,Warning
W_002,7/24/2026 9:53,Warning,Safe,Warning,Warning
W_002,7/24/2026 9:53,Warning,Safe,Warning,Warning
W_002,7/24/2026 9:53,Warning,Safe,Warning,Warning
W_002,7/24/2026 9:53,Warning,Safe,Warning,Warning
W_002,7/24/2026 9:53,Warning,Safe,Warning,Warning
W_002,7/24/2026 9:53,Warning,Safe,Warning,Warning
W_002,7/24/2026 9:53,Warning,Safe,Warning,Warning
W_002,7/24/2026 9:53,Warning,Safe,Warning,Warning
W_002,7/24/2026 9:53,Warning,Safe,Warning,Warning
W_002,7/24/2026 9:53,Warning,Safe,Warning,Warning
W_002,7/24/2026 9:53,Warning,Safe,Warning,Warning
W_002,7/24/2026 9:53,Warning,Safe,Warning,Warning
W_002,7/24/2026 9:53,Warning,Safe,Warning,Warning
W_002,7/24/2026 9:53,Warning,Safe,Warning,Warning
W_002,7/24/2026 9:53,Warning,Safe,Warning,Warning
W_002,7/24/2026 9:53,Warning,Safe,Warning,Warning
W_002,7/24/2026 9:53,Warning,Safe,Warning,Warning
W_002,7/24/2026 9:53,Warning,Safe,Warning,Warning
W_002,7/24/2026 9:53,Warning,Safe,Warning,Warning
W_002,7/24/2026 9:53,Warning,Critical,Warning,Warning
W_002,7/24/2026 9:53,Warning,Critical,Warning,Warning
W_002,7/24/2026 9:53,Warning,Critical,Warning,Warning
W_002,7/24/2026 9:53,Warning,Critical,Warning,Warning
W_002,7/24/2026 9:53,Warning,Critical,Warning,Warning
W_002,7/24/2026 9:53,Warning,Critical,Warning,Warning
W_002,7/24/2026 9:53,Warning,Safe,Warning,Warning
W_002,7/24/2026 9:53,Warning,Safe,Warning,Warning
W_002,7/24/2026 9:53,Warning,Critical,Warning,Warning
W_002,7/24/2026 9:53,Warning,Critical,Warning,Warning
W_002,7/24/2026 9:53,Warning,Critical,Warning,Warning
W_002,7/24/2026 9:53,Warning,Safe,Warning,Warning
W_002,7/24/2026 9:53,Warning,Safe,Warning,Warning
W_002,7/24/2026 9:53,Warning,Safe,Warning,Warning
W_002,7/24/2026 9:53,Warning,Safe,Warning,Warning
W_002,7/24/2026 9:53,Warning,Critical,Warning,Warning
W_002,7/24/2026 9:53,Warning,Safe,Warning,Warning
W_002,7/24/2026 9:53,Warning,Critical,Warning,Warning
W_002,7/24/2026 9:53,Warning,Safe,Warning,Warning
W_002,7/24/2026 9:53,Warning,Critical,Warning,Warning
W_002,7/24/2026 9:53,Warning,Critical,Warning,Warning
W_002,7/24/2026 9:53,Warning,Critical,Warning,Warning
W_002,7/24/2026 9:53,Warning,Safe,Warning,Warning
W_002,7/24/2026 9:53,Warning,Warning,Warning,Warning
W_002,7/24/2026 9:53,Warning,Safe,Warning,Warning
W_002,7/24/2026 9:54,Warning,Warning,Warning,Warning
W_002,7/24/2026 9:54,Warning,Safe,Warning,Warning
W_002,7/24/2026 9:54,Warning,Safe,Warning,Warning
W_002,7/24/2026 9:54,Warning,Safe,Warning,Warning
W_002,7/24/2026 9:54,Warning,Safe,Warning,Warning
W_002,7/24/2026 9:54,Warning,Safe,Warning,Warning
W_002,7/24/2026 9:54,Warning,Safe,Warning,Warning
W_002,7/24/2026 9:54,Warning,Safe,Warning,Warning
W_002,7/24/2026 9:54,Warning,Safe,Warning,Warning
W_002,7/24/2026 9:54,Warning,Safe,Warning,Warning
W_002,7/24/2026 9:54,Warning,Safe,Warning,Warning
W_002,7/24/2026 9:54,Warning,Safe,Warning,Warning
W_002,7/24/2026 9:54,Warning,Safe,Warning,Warning
W_002,7/24/2026 9:54,Warning,Safe,Warning,Warning
W_002,7/24/2026 9:54,Warning,Safe,Warning,Warning
W_002,7/24/2026 9:54,Warning,Safe,Warning,Warning
W_002,7/24/2026 9:54,Warning,Safe,Warning,Warning
W_002,7/24/2026 9:54,Warning,Safe,Warning,Warning
W_002,7/24/2026 9:54,Warning,Safe,Warning,Warning
W_002,7/24/2026 9:54,Warning,Safe,Warning,Warning
W_002,7/24/2026 9:54,Warning,Safe,Warning,Warning
W_002,7/24/2026 9:54,Warning,Safe,Warning,Warning
W_002,7/24/2026 9:54,Warning,Safe,Warning,Warning
W_002,7/24/2026 9:54,Warning,Safe,Warning,Warning
W_002,7/24/2026 9:54,Warning,Safe,Warning,Warning
W_002,7/24/2026 9:54,Warning,Safe,Warning,Warning
W_002,7/24/2026 9:54,Warning,Safe,Warning,Warning
W_002,7/24/2026 9:54,Warning,Safe,Warning,Warning
W_002,7/24/2026 9:54,Warning,Safe,Warning,Warning
W_002,7/24/2026 9:54,Warning,Safe,Warning,Warning
W_002,7/24/2026 9:54,Warning,Safe,Warning,Warning
W_002,7/24/2026 9:54,Warning,Safe,Warning,Warning
W_002,7/24/2026 9:54,Warning,Safe,Warning,Warning
W_002,7/24/2026 9:54,Warning,Safe,Warning,Warning
W_002,7/24/2026 9:54,Warning,Safe,Warning,Warning
W_002,7/24/2026 9:54,Warning,Safe,Warning,Warning
W_002,7/24/2026 9:54,Warning,Safe,Warning,Warning
W_002,7/24/2026 9:54,Warning,Safe,Warning,Warning
W_002,7/24/2026 9:54,Warning,Safe,Warning,Warning
W_002,7/24/2026 9:54,Warning,Safe,Warning,Warning
W_002,7/24/2026 9:54,Warning,Safe,Warning,Warning
W_002,7/24/2026 9:54,Warning,Safe,Warning,Warning
W_002,7/24/2026 9:54,Warning,Safe,Warning,Warning
W_002,7/24/2026 9:54,Warning,Safe,Warning,Warning
W_002,7/24/2026 9:54,Warning,Safe,Warning,Warning
W_002,7/24/2026 9:54,Warning,Safe,Warning,Warning
W_002,7/24/2026 9:54,Warning,Safe,Warning,Warning
W_002,7/24/2026 9:54,Warning,Safe,Warning,Warning
W_002,7/24/2026 9:54,Warning,Safe,Warning,Warning
W_002,7/24/2026 9:54,Warning,Safe,Warning,Warning
W_002,7/24/2026 9:54,Warning,Safe,Warning,Warning
W_002,7/24/2026 9:54,Warning,Safe,Warning,Warning
W_002,7/24/2026 9:54,Warning,Safe,Warning,Warning
W_002,7/24/2026 9:54,Warning,Safe,Warning,Warning
W_002,7/24/2026 9:54,Warning,Safe,Warning,Warning
W_002,7/24/2026 9:54,Warning,Critical,Warning,Warning
W_002,7/24/2026 9:54,Warning,Safe,Warning,Warning
W_002,7/24/2026 9:54,Warning,Safe,Warning,Warning
W_002,7/24/2026 9:54,Warning,Safe,Warning,Warning
W_002,7/24/2026 9:54,Warning,Safe,Warning,Warning
W_002,7/24/2026 9:55,Warning,Safe,Warning,Warning
W_002,7/24/2026 9:55,Warning,Safe,Warning,Warning
W_002,7/24/2026 9:55,Warning,Safe,Warning,Warning
W_002,7/24/2026 9:55,Warning,Safe,Warning,Warning
W_002,7/24/2026 9:55,Warning,Safe,Warning,Warning
W_002,7/24/2026 9:55,Warning,Safe,Warning,Warning
W_002,7/24/2026 9:55,Warning,Safe,Warning,Warning
W_002,7/24/2026 9:55,Warning,Safe,Warning,Warning
W_002,7/24/2026 9:55,Warning,Safe,Warning,Warning
W_002,7/24/2026 9:55,Warning,Safe,Warning,Warning
W_002,7/24/2026 9:55,Warning,Safe,Warning,Warning
W_002,7/24/2026 9:55,Warning,Safe,Warning,Warning
W_002,7/24/2026 9:55,Warning,Safe,Warning,Warning
W_002,7/24/2026 9:55,Warning,Safe,Warning,Warning
W_002,7/24/2026 9:55,Warning,Safe,Warning,Warning
W_002,7/24/2026 9:55,Warning,Safe,Warning,Warning
W_002,7/24/2026 9:55,Warning,Safe,Warning,Warning
W_002,7/24/2026 9:55,Warning,Safe,Warning,Warning
W_002,7/24/2026 9:55,Warning,Safe,Warning,Warning
W_002,7/24/2026 9:55,Warning,Safe,Warning,Warning
W_002,7/24/2026 9:55,Warning,Safe,Warning,Warning
W_002,7/24/2026 9:55,Warning,Safe,Warning,Warning
W_002,7/24/2026 9:55,Warning,Safe,Warning,Warning
W_002,7/24/2026 9:55,Warning,Safe,Warning,Warning
W_002,7/24/2026 9:55,Warning,Safe,Warning,Warning
W_002,7/24/2026 9:55,Warning,Safe,Warning,Warning
W_002,7/24/2026 9:55,Warning,Safe,Warning,Warning
W_002,7/24/2026 9:55,Warning,Safe,Warning,Warning
W_002,7/24/2026 9:55,Warning,Safe,Warning,Warning
W_002,7/24/2026 9:55,Warning,Safe,Warning,Warning
W_002,7/24/2026 9:55,Warning,Safe,Warning,Warning
W_002,7/24/2026 9:55,Warning,Safe,Warning,Warning
W_002,7/24/2026 9:55,Warning,Safe,Warning,Warning
W_002,7/24/2026 9:55,Warning,Safe,Warning,Warning
W_002,7/24/2026 9:55,Warning,Safe,Warning,Warning
W_002,7/24/2026 9:55,Warning,Safe,Warning,Warning
W_002,7/24/2026 9:55,Warning,Safe,Warning,Warning
W_002,7/24/2026 9:55,Warning,Safe,Warning,Warning
W_002,7/24/2026 9:55,Warning,Safe,Warning,Warning
W_002,7/24/2026 9:55,Warning,Safe,Warning,Warning
W_002,7/24/2026 9:55,Warning,Safe,Warning,Warning
W_002,7/24/2026 9:55,Warning,Safe,Warning,Warning
W_002,7/24/2026 9:55,Warning,Safe,Warning,Warning
W_002,7/24/2026 9:55,Warning,Safe,Warning,Warning
W_002,7/24/2026 9:55,Warning,Safe,Warning,Warning
W_002,7/24/2026 9:55,Warning,Safe,Warning,Warning
W_002,7/24/2026 9:55,Warning,Safe,Warning,Warning
W_002,7/24/2026 9:55,Warning,Safe,Warning,Warning
W_002,7/24/2026 9:55,Warning,Safe,Warning,Warning
W_002,7/24/2026 9:55,Warning,Safe,Warning,Warning
W_002,7/24/2026 9:55,Warning,Safe,Warning,Warning
W_002,7/24/2026 9:55,Warning,Safe,Warning,Warning
W_002,7/24/2026 9:55,Warning,Safe,Warning,Warning
W_002,7/24/2026 9:55,Warning,Safe,Warning,Warning
W_002,7/24/2026 9:55,Warning,Safe,Warning,Warning
W_002,7/24/2026 9:55,Warning,Safe,Warning,Warning
W_002,7/24/2026 9:55,Warning,Safe,Warning,Warning
W_002,7/24/2026 9:55,Warning,Safe,Warning,Warning
W_002,7/24/2026 9:55,Warning,Safe,Warning,Warning
W_002,7/24/2026 9:55,Warning,Safe,Warning,Warning
W_002,7/24/2026 9:56,Warning,Safe,Warning,Warning
W_002,7/24/2026 9:56,Warning,Safe,Warning,Warning
W_002,7/24/2026 9:56,Warning,Safe,Warning,Warning
W_002,7/24/2026 9:56,Warning,Safe,Warning,Warning
W_002,7/24/2026 9:56,Warning,Safe,Warning,Warning
W_002,7/24/2026 9:56,Warning,Safe,Warning,Warning
W_002,7/24/2026 9:56,Warning,Safe,Warning,Warning
W_002,7/24/2026 9:56,Warning,Safe,Warning,Warning
W_002,7/24/2026 9:56,Warning,Safe,Warning,Warning
W_002,7/24/2026 9:56,Warning,Safe,Warning,Warning
W_002,7/24/2026 9:56,Warning,Safe,Warning,Warning
W_002,7/24/2026 9:56,Warning,Safe,Warning,Warning
W_002,7/24/2026 9:56,Warning,Safe,Warning,Warning
W_002,7/24/2026 9:56,Warning,Safe,Warning,Warning
W_002,7/24/2026 9:56,Warning,Safe,Warning,Warning
W_002,7/24/2026 9:56,Warning,Safe,Warning,Warning
W_002,7/24/2026 9:56,Warning,Safe,Warning,Warning
W_002,7/24/2026 9:56,Warning,Safe,Warning,Warning
W_002,7/24/2026 9:56,Warning,Safe,Warning,Warning
W_002,7/24/2026 9:56,Warning,Safe,Warning,Warning
W_002,7/24/2026 9:56,Warning,Safe,Warning,Warning
W_002,7/24/2026 9:56,Warning,Safe,Warning,Warning
W_002,7/24/2026 9:56,Warning,Safe,Warning,Warning
W_002,7/24/2026 9:56,Warning,Safe,Warning,Warning
W_002,7/24/2026 9:56,Warning,Safe,Warning,Warning
W_002,7/24/2026 9:56,Warning,Safe,Warning,Warning
W_002,7/24/2026 9:56,Warning,Safe,Warning,Warning
W_002,7/24/2026 9:56,Warning,Safe,Warning,Warning
W_002,7/24/2026 9:56,Warning,Safe,Warning,Warning
W_002,7/24/2026 9:56,Warning,Safe,Warning,Warning
W_002,7/24/2026 9:56,Warning,Safe,Warning,Warning
W_002,7/24/2026 9:56,Warning,Safe,Warning,Warning
W_002,7/24/2026 9:56,Warning,Safe,Warning,Warning
W_002,7/24/2026 9:56,Warning,Safe,Warning,Warning
W_002,7/24/2026 9:56,Warning,Safe,Warning,Warning
W_002,7/24/2026 9:56,Warning,Safe,Warning,Warning
W_002,7/24/2026 9:56,Warning,Safe,Warning,Warning
W_002,7/24/2026 9:56,Warning,Warning,Warning,Warning
W_002,7/24/2026 9:56,Warning,Safe,Warning,Warning
W_002,7/24/2026 9:56,Warning,Safe,Warning,Warning
W_002,7/24/2026 9:56,Warning,Safe,Warning,Warning
W_002,7/24/2026 9:56,Warning,Warning,Warning,Warning
W_002,7/24/2026 9:56,Warning,Warning,Warning,Warning
W_002,7/24/2026 9:56,Warning,Safe,Warning,Warning
W_002,7/24/2026 9:56,Warning,Warning,Warning,Warning
W_002,7/24/2026 9:56,Warning,Warning,Warning,Warning
W_002,7/24/2026 9:56,Warning,Safe,Warning,Warning
W_002,7/24/2026 9:56,Warning,Warning,Warning,Warning
W_002,7/24/2026 9:56,Warning,Safe,Warning,Warning
W_002,7/24/2026 9:56,Warning,Warning,Warning,Warning
W_002,7/24/2026 9:56,Warning,Warning,Warning,Warning
W_002,7/24/2026 9:56,Warning,Warning,Warning,Warning
W_002,7/24/2026 9:56,Warning,Warning,Warning,Warning
W_002,7/24/2026 9:56,Warning,Warning,Warning,Warning
W_002,7/24/2026 9:56,Warning,Warning,Warning,Warning
W_002,7/24/2026 9:56,Warning,Warning,Warning,Warning
W_002,7/24/2026 9:56,Warning,Warning,Warning,Warning
W_002,7/24/2026 9:56,Warning,Warning,Warning,Warning
W_002,7/24/2026 9:56,Warning,Warning,Warning,Warning
W_002,7/24/2026 9:56,Warning,Warning,Warning,Warning
W_002,7/24/2026 9:57,Warning,Warning,Warning,Warning
W_002,7/24/2026 9:57,Warning,Warning,Warning,Warning
W_002,7/24/2026 9:57,Warning,Warning,Warning,Warning
W_002,7/24/2026 9:57,Warning,Warning,Warning,Warning
W_002,7/24/2026 9:57,Warning,Warning,Warning,Warning
W_002,7/24/2026 9:57,Warning,Warning,Warning,Warning
W_002,7/24/2026 9:57,Warning,Warning,Warning,Warning
W_002,7/24/2026 9:57,Warning,Warning,Warning,Warning
W_002,7/24/2026 9:57,Warning,Warning,Warning,Warning
W_002,7/24/2026 9:57,Warning,Warning,Warning,Warning
W_002,7/24/2026 9:57,Warning,Warning,Warning,Warning
W_002,7/24/2026 9:57,Warning,Warning,Warning,Warning
W_002,7/24/2026 9:57,Warning,Warning,Warning,Warning
W_002,7/24/2026 9:57,Warning,Warning,Warning,Warning
W_002,7/24/2026 9:57,Warning,Warning,Warning,Warning
W_002,7/24/2026 9:57,Warning,Warning,Warning,Warning
W_002,7/24/2026 9:57,Warning,Warning,Warning,Warning
W_002,7/24/2026 9:57,Warning,Safe,Warning,Warning
W_002,7/24/2026 9:57,Warning,Warning,Warning,Warning
W_002,7/24/2026 9:57,Warning,Warning,Warning,Warning
W_002,7/24/2026 9:57,Warning,Warning,Warning,Warning
W_002,7/24/2026 9:57,Warning,Warning,Warning,Warning
W_002,7/24/2026 9:57,Warning,Warning,Warning,Warning
W_002,7/24/2026 9:57,Warning,Warning,Warning,Warning
W_002,7/24/2026 9:57,Warning,Warning,Warning,Warning
W_002,7/24/2026 9:57,Warning,Warning,Warning,Warning
W_002,7/24/2026 9:57,Warning,Warning,Warning,Warning
W_002,7/24/2026 9:57,Warning,Warning,Warning,Warning
W_002,7/24/2026 9:57,Warning,Warning,Warning,Warning
W_002,7/24/2026 9:57,Warning,Warning,Warning,Warning
W_002,7/24/2026 9:57,Warning,Warning,Warning,Warning
W_002,7/24/2026 9:57,Warning,Warning,Warning,Warning
W_002,7/24/2026 9:57,Warning,Warning,Warning,Warning
W_002,7/24/2026 9:57,Warning,Warning,Warning,Warning
W_002,7/24/2026 9:57,Warning,Warning,Warning,Warning
W_002,7/24/2026 9:57,Warning,Warning,Warning,Warning
W_002,7/24/2026 9:57,Warning,Warning,Warning,Warning
W_002,7/24/2026 9:57,Warning,Warning,Warning,Warning
W_002,7/24/2026 9:57,Warning,Warning,Warning,Warning
W_002,7/24/2026 9:57,Warning,Warning,Warning,Warning
W_002,7/24/2026 9:57,Warning,Warning,Warning,Warning
W_002,7/24/2026 9:57,Warning,Warning,Warning,Warning
W_002,7/24/2026 9:57,Warning,Warning,Warning,Warning
W_002,7/24/2026 9:57,Warning,Warning,Warning,Warning
W_002,7/24/2026 9:57,Warning,Warning,Warning,Warning
W_002,7/24/2026 9:57,Warning,Warning,Warning,Warning
W_002,7/24/2026 9:57,Warning,Warning,Warning,Warning
W_002,7/24/2026 9:57,Warning,Warning,Warning,Warning
W_002,7/24/2026 9:57,Warning,Warning,Warning,Warning
W_002,7/24/2026 9:57,Warning,Warning,Warning,Warning
W_002,7/24/2026 9:57,Warning,Warning,Warning,Warning
W_002,7/24/2026 9:57,Warning,Warning,Warning,Warning
W_002,7/24/2026 9:57,Warning,Warning,Warning,Warning
W_002,7/24/2026 9:57,Warning,Warning,Warning,Warning
W_002,7/24/2026 9:57,Warning,Warning,Warning,Warning
W_002,7/24/2026 9:57,Warning,Warning,Warning,Warning
W_002,7/24/2026 9:57,Warning,Warning,Warning,Warning
W_002,7/24/2026 9:57,Warning,Warning,Warning,Warning
W_002,7/24/2026 9:57,Warning,Warning,Warning,Warning
W_002,7/24/2026 9:57,Warning,Warning,Warning,Warning
W_002,7/24/2026 9:58,Warning,Warning,Warning,Warning
W_002,7/24/2026 9:58,Warning,Warning,Warning,Warning
W_002,7/24/2026 9:58,Warning,Warning,Warning,Warning
W_002,7/24/2026 9:58,Warning,Warning,Warning,Warning
W_002,7/24/2026 9:58,Warning,Warning,Warning,Warning
W_002,7/24/2026 9:58,Warning,Warning,Warning,Warning
W_002,7/24/2026 9:58,Warning,Warning,Warning,Warning
W_002,7/24/2026 9:58,Warning,Warning,Warning,Warning
W_002,7/24/2026 9:58,Warning,Warning,Warning,Warning
W_002,7/24/2026 9:58,Warning,Warning,Warning,Warning
W_002,7/24/2026 9:58,Warning,Warning,Warning,Warning
W_002,7/24/2026 9:58,Warning,Warning,Warning,Warning
W_002,7/24/2026 9:58,Warning,Warning,Warning,Warning
W_002,7/24/2026 9:58,Warning,Warning,Warning,Warning
W_002,7/24/2026 9:58,Warning,Warning,Warning,Warning
W_002,7/24/2026 9:58,Warning,Warning,Warning,Warning
W_002,7/24/2026 9:58,Warning,Warning,Warning,Warning
W_002,7/24/2026 9:58,Warning,Warning,Warning,Warning
W_002,7/24/2026 9:58,Warning,Warning,Warning,Warning
W_002,7/24/2026 9:58,Warning,Warning,Warning,Warning
W_002,7/24/2026 9:58,Warning,Warning,Warning,Warning
W_002,7/24/2026 9:58,Warning,Warning,Warning,Warning
W_002,7/24/2026 9:58,Warning,Warning,Warning,Warning
W_002,7/24/2026 9:58,Warning,Warning,Warning,Warning
W_002,7/24/2026 9:58,Warning,Warning,Warning,Warning
W_002,7/24/2026 9:58,Warning,Warning,Warning,Warning
W_002,7/24/2026 9:58,Warning,Warning,Warning,Warning
W_002,7/24/2026 9:58,Warning,Warning,Warning,Warning
W_002,7/24/2026 9:58,Warning,Warning,Warning,Warning
W_002,7/24/2026 9:58,Warning,Warning,Warning,Warning
W_002,7/24/2026 9:58,Warning,Warning,Warning,Warning
W_002,7/24/2026 9:58,Warning,Warning,Warning,Warning
W_002,7/24/2026 9:58,Warning,Warning,Warning,Warning
W_002,7/24/2026 9:58,Warning,Warning,Warning,Warning
W_002,7/24/2026 9:58,Warning,Warning,Warning,Warning
W_002,7/24/2026 9:58,Warning,Warning,Warning,Warning
W_002,7/24/2026 9:58,Warning,Warning,Warning,Warning
W_002,7/24/2026 9:58,Warning,Warning,Warning,Warning
W_002,7/24/2026 9:58,Warning,Warning,Warning,Warning
W_002,7/24/2026 9:58,Warning,Warning,Warning,Warning
W_002,7/24/2026 9:58,Warning,Warning,Warning,Warning
W_002,7/24/2026 9:58,Warning,Warning,Warning,Warning
W_002,7/24/2026 9:58,Warning,Warning,Warning,Warning
W_002,7/24/2026 9:58,Warning,Warning,Warning,Warning
W_002,7/24/2026 9:58,Warning,Warning,Warning,Warning
W_002,7/24/2026 9:58,Warning,Warning,Warning,Warning
W_002,7/24/2026 9:58,Warning,Warning,Warning,Warning
W_002,7/24/2026 9:58,Warning,Warning,Warning,Warning
W_002,7/24/2026 9:58,Warning,Warning,Warning,Warning
W_002,7/24/2026 9:58,Warning,Warning,Warning,Warning
W_002,7/24/2026 9:58,Warning,Warning,Warning,Warning
W_002,7/24/2026 9:58,Warning,Warning,Warning,Warning
W_002,7/24/2026 9:58,Warning,Warning,Warning,Warning
W_002,7/24/2026 9:58,Warning,Warning,Warning,Warning
W_002,7/24/2026 9:58,Warning,Warning,Warning,Warning
W_002,7/24/2026 9:58,Warning,Warning,Warning,Warning
W_002,7/24/2026 9:58,Warning,Warning,Warning,Warning
W_002,7/24/2026 9:58,Warning,Warning,Warning,Warning
W_002,7/24/2026 9:58,Warning,Warning,Warning,Warning
W_002,7/24/2026 9:58,Warning,Warning,Warning,Warning
W_002,7/24/2026 9:59,Warning,Warning,Warning,Warning
W_002,7/24/2026 9:59,Warning,Warning,Warning,Warning
W_002,7/24/2026 9:59,Warning,Warning,Warning,Warning
W_002,7/24/2026 9:59,Warning,Warning,Warning,Warning
W_002,7/24/2026 9:59,Warning,Warning,Warning,Warning
W_002,7/24/2026 9:59,Warning,Warning,Warning,Warning
W_002,7/24/2026 9:59,Warning,Warning,Warning,Warning
W_002,7/24/2026 9:59,Warning,Warning,Warning,Warning
W_002,7/24/2026 9:59,Warning,Warning,Warning,Warning
W_002,7/24/2026 9:59,Warning,Warning,Warning,Warning
W_002,7/24/2026 9:59,Warning,Warning,Warning,Warning
W_002,7/24/2026 9:59,Warning,Warning,Warning,Warning
W_002,7/24/2026 9:59,Warning,Warning,Warning,Warning
W_002,7/24/2026 9:59,Warning,Warning,Warning,Warning
W_002,7/24/2026 9:59,Warning,Warning,Warning,Warning
W_002,7/24/2026 9:59,Warning,Warning,Warning,Warning
W_002,7/24/2026 9:59,Warning,Warning,Warning,Warning
W_002,7/24/2026 9:59,Warning,Warning,Warning,Warning
W_002,7/24/2026 9:59,Warning,Warning,Warning,Warning
W_002,7/24/2026 9:59,Warning,Warning,Warning,Warning
W_002,7/24/2026 9:59,Warning,Warning,Warning,Warning
W_002,7/24/2026 9:59,Warning,Warning,Warning,Warning
W_002,7/24/2026 9:59,Warning,Warning,Warning,Warning
W_002,7/24/2026 9:59,Warning,Warning,Warning,Warning
W_002,7/24/2026 9:59,Warning,Warning,Warning,Warning
W_002,7/24/2026 9:59,Warning,Warning,Warning,Warning
W_002,7/24/2026 9:59,Warning,Warning,Warning,Warning
W_002,7/24/2026 9:59,Warning,Warning,Warning,Warning
W_002,7/24/2026 9:59,Warning,Warning,Warning,Warning
W_002,7/24/2026 9:59,Warning,Warning,Warning,Warning
W_002,7/24/2026 9:59,Warning,Warning,Warning,Warning
W_002,7/24/2026 9:59,Warning,Warning,Warning,Warning
W_002,7/24/2026 9:59,Warning,Warning,Warning,Warning
W_002,7/24/2026 9:59,Warning,Warning,Warning,Warning
W_002,7/24/2026 9:59,Warning,Warning,Warning,Warning
W_002,7/24/2026 9:59,Warning,Warning,Warning,Warning
W_002,7/24/2026 9:59,Warning,Warning,Warning,Warning
W_002,7/24/2026 9:59,Warning,Warning,Warning,Warning
W_002,7/24/2026 9:59,Warning,Warning,Warning,Warning
W_002,7/24/2026 9:59,Warning,Warning,Warning,Warning
W_002,7/24/2026 9:59,Warning,Warning,Warning,Warning
W_002,7/24/2026 9:59,Warning,Warning,Warning,Warning
W_002,7/24/2026 9:59,Warning,Warning,Warning,Warning
W_002,7/24/2026 9:59,Warning,Warning,Warning,Warning
W_002,7/24/2026 9:59,Warning,Warning,Warning,Warning
W_002,7/24/2026 9:59,Warning,Warning,Warning,Warning
W_002,7/24/2026 9:59,Warning,Warning,Warning,Warning
W_002,7/24/2026 9:59,Warning,Warning,Warning,Warning
W_002,7/24/2026 9:59,Warning,Warning,Warning,Warning
W_002,7/24/2026 9:59,Warning,Warning,Warning,Warning
W_002,7/24/2026 9:59,Warning,Warning,Warning,Warning
W_002,7/24/2026 9:59,Warning,Warning,Warning,Warning
W_002,7/24/2026 9:59,Warning,Warning,Warning,Warning
W_002,7/24/2026 9:59,Warning,Warning,Warning,Warning
W_002,7/24/2026 9:59,Warning,Warning,Warning,Warning
W_002,7/24/2026 9:59,Warning,Warning,Warning,Warning
W_002,7/24/2026 9:59,Warning,Warning,Warning,Warning
W_002,7/24/2026 9:59,Warning,Warning,Warning,Warning
W_002,7/24/2026 9:59,Warning,Warning,Warning,Warning
W_002,7/24/2026 9:59,Warning,Warning,Warning,Warning
W_002,7/24/2026 10:00,Warning,Warning,Warning,Warning
W_002,7/24/2026 10:00,Warning,Warning,Warning,Warning
W_002,7/24/2026 10:00,Warning,Warning,Warning,Warning
W_002,7/24/2026 10:00,Warning,Warning,Warning,Warning
W_002,7/24/2026 10:00,Warning,Warning,Warning,Warning
W_002,7/24/2026 10:00,Warning,Warning,Warning,Warning
W_002,7/24/2026 10:00,Warning,Warning,Warning,Warning
W_002,7/24/2026 10:00,Warning,Warning,Warning,Warning
W_002,7/24/2026 10:00,Warning,Warning,Warning,Warning
W_002,7/24/2026 10:00,Warning,Warning,Warning,Warning
W_002,7/24/2026 10:00,Warning,Warning,Warning,Warning
W_002,7/24/2026 10:00,Warning,Warning,Warning,Warning
W_002,7/24/2026 10:00,Warning,Warning,Warning,Warning
W_002,7/24/2026 10:00,Warning,Warning,Warning,Warning
W_002,7/24/2026 10:00,Warning,Warning,Warning,Warning
W_002,7/24/2026 10:00,Warning,Warning,Warning,Warning
W_002,7/24/2026 10:00,Warning,Warning,Warning,Warning
W_002,7/24/2026 10:00,Warning,Warning,Warning,Warning
W_002,7/24/2026 10:00,Warning,Warning,Warning,Warning
W_002,7/24/2026 10:00,Warning,Warning,Warning,Warning
W_002,7/24/2026 10:00,Warning,Warning,Warning,Warning
W_002,7/24/2026 10:00,Warning,Warning,Warning,Warning
W_002,7/24/2026 10:00,Warning,Warning,Warning,Warning
W_002,7/24/2026 10:00,Warning,Warning,Warning,Warning
W_002,7/24/2026 10:00,Warning,Warning,Warning,Warning
W_002,7/24/2026 10:00,Warning,Warning,Warning,Warning
W_002,7/24/2026 10:00,Warning,Warning,Warning,Warning
W_002,7/24/2026 10:00,Warning,Warning,Warning,Warning
W_002,7/24/2026 10:00,Warning,Warning,Warning,Warning
W_002,7/24/2026 10:00,Warning,Warning,Warning,Warning
W_002,7/24/2026 10:00,Warning,Warning,Warning,Warning
W_002,7/24/2026 10:00,Warning,Warning,Warning,Warning
W_002,7/24/2026 10:00,Warning,Warning,Warning,Warning
W_002,7/24/2026 10:00,Warning,Warning,Warning,Warning
W_002,7/24/2026 10:00,Warning,Warning,Warning,Warning
W_002,7/24/2026 10:00,Warning,Warning,Warning,Warning
W_002,7/24/2026 10:00,Warning,Warning,Warning,Warning
W_002,7/24/2026 10:00,Warning,Warning,Warning,Warning
W_002,7/24/2026 10:00,Warning,Warning,Warning,Warning
W_002,7/24/2026 10:00,Warning,Warning,Warning,Warning
W_002,7/24/2026 10:00,Warning,Warning,Warning,Warning
W_002,7/24/2026 10:00,Warning,Warning,Warning,Warning
W_002,7/24/2026 10:00,Warning,Warning,Warning,Warning
W_002,7/24/2026 10:00,Warning,Warning,Warning,Warning
W_002,7/24/2026 10:00,Warning,Warning,Warning,Warning
W_002,7/24/2026 10:00,Warning,Warning,Warning,Warning
W_002,7/24/2026 10:00,Warning,Warning,Warning,Warning
W_002,7/24/2026 10:00,Warning,Warning,Warning,Warning
W_002,7/24/2026 10:00,Warning,Warning,Warning,Warning
W_002,7/24/2026 10:00,Warning,Warning,Warning,Warning
W_002,7/24/2026 10:00,Warning,Warning,Warning,Warning
W_002,7/24/2026 10:00,Warning,Warning,Warning,Warning
W_002,7/24/2026 10:00,Warning,Warning,Warning,Warning
W_002,7/24/2026 10:00,Warning,Warning,Warning,Warning
W_002,7/24/2026 10:00,Warning,Warning,Warning,Warning
W_002,7/24/2026 10:00,Warning,Warning,Warning,Warning
W_002,7/24/2026 10:00,Warning,Warning,Warning,Warning
W_002,7/24/2026 10:00,Warning,Warning,Warning,Warning
W_002,7/24/2026 10:00,Warning,Warning,Warning,Warning
W_002,7/24/2026 10:00,Warning,Warning,Warning,Warning
W_002,7/24/2026 10:01,Warning,Warning,Warning,Warning
W_002,7/24/2026 10:01,Warning,Warning,Warning,Warning
W_002,7/24/2026 10:01,Warning,Warning,Warning,Warning
W_002,7/24/2026 10:01,Warning,Warning,Warning,Warning
W_002,7/24/2026 10:01,Warning,Warning,Warning,Warning
W_002,7/24/2026 10:01,Warning,Warning,Warning,Warning
W_002,7/24/2026 10:01,Warning,Warning,Warning,Warning
W_002,7/24/2026 10:01,Warning,Warning,Warning,Warning
W_002,7/24/2026 10:01,Warning,Warning,Warning,Warning
W_002,7/24/2026 10:01,Warning,Warning,Warning,Warning
W_002,7/24/2026 10:01,Warning,Warning,Warning,Warning
W_002,7/24/2026 10:01,Warning,Warning,Warning,Warning
W_002,7/24/2026 10:01,Warning,Warning,Warning,Warning
W_002,7/24/2026 10:01,Warning,Warning,Warning,Warning
W_002,7/24/2026 10:01,Warning,Warning,Warning,Warning
W_002,7/24/2026 10:01,Warning,Warning,Warning,Warning
W_002,7/24/2026 10:01,Warning,Warning,Warning,Warning
W_002,7/24/2026 10:01,Warning,Warning,Warning,Warning
W_002,7/24/2026 10:01,Warning,Warning,Warning,Warning
W_002,7/24/2026 10:01,Warning,Warning,Warning,Warning
W_002,7/24/2026 10:01,Warning,Warning,Warning,Warning
W_002,7/24/2026 10:01,Warning,Warning,Warning,Warning
W_002,7/24/2026 10:01,Warning,Warning,Warning,Warning
W_002,7/24/2026 10:01,Warning,Warning,Warning,Warning
W_002,7/24/2026 10:01,Warning,Warning,Warning,Warning
W_002,7/24/2026 10:01,Warning,Warning,Warning,Warning
W_002,7/24/2026 10:01,Warning,Warning,Warning,Warning
W_002,7/24/2026 10:01,Warning,Warning,Warning,Warning
W_002,7/24/2026 10:01,Warning,Warning,Warning,Warning
W_002,7/24/2026 10:01,Warning,Warning,Warning,Warning
W_002,7/24/2026 10:01,Warning,Warning,Warning,Warning
W_002,7/24/2026 10:01,Warning,Warning,Warning,Warning
W_002,7/24/2026 10:01,Warning,Warning,Warning,Warning
W_002,7/24/2026 10:01,Warning,Warning,Warning,Warning
W_002,7/24/2026 10:01,Warning,Warning,Warning,Warning
W_002,7/24/2026 10:01,Warning,Warning,Warning,Warning
W_002,7/24/2026 10:01,Warning,Warning,Warning,Warning
W_002,7/24/2026 10:01,Warning,Warning,Warning,Warning
W_002,7/24/2026 10:01,Warning,Warning,Warning,Warning
W_002,7/24/2026 10:01,Warning,Warning,Warning,Warning
W_002,7/24/2026 10:01,Warning,Warning,Warning,Warning
W_002,7/24/2026 10:01,Warning,Warning,Warning,Warning
W_002,7/24/2026 10:01,Warning,Warning,Warning,Warning
W_002,7/24/2026 10:01,Warning,Warning,Warning,Warning
W_002,7/24/2026 10:01,Warning,Warning,Warning,Warning
W_002,7/24/2026 10:01,Warning,Warning,Warning,Warning
W_002,7/24/2026 10:01,Warning,Warning,Warning,Warning
W_002,7/24/2026 10:01,Warning,Warning,Warning,Warning
W_002,7/24/2026 10:01,Warning,Warning,Warning,Warning
W_002,7/24/2026 10:01,Warning,Warning,Warning,Warning
W_002,7/24/2026 10:01,Warning,Warning,Warning,Warning
W_002,7/24/2026 10:01,Warning,Warning,Warning,Warning
W_002,7/24/2026 10:01,Warning,Warning,Warning,Warning
W_002,7/24/2026 10:01,Warning,Warning,Warning,Warning
W_002,7/24/2026 10:01,Warning,Warning,Warning,Warning
W_002,7/24/2026 10:01,Warning,Warning,Warning,Warning
W_002,7/24/2026 10:01,Warning,Warning,Warning,Warning
W_002,7/24/2026 10:01,Warning,Warning,Warning,Warning
W_002,7/24/2026 10:01,Warning,Warning,Warning,Warning
W_002,7/24/2026 10:01,Warning,Warning,Warning,Warning
W_002,7/24/2026 10:02,Warning,Warning,Warning,Warning
W_002,7/24/2026 10:02,Warning,Warning,Warning,Warning
W_002,7/24/2026 10:02,Warning,Warning,Warning,Warning
W_002,7/24/2026 10:02,Warning,Warning,Warning,Warning
W_002,7/24/2026 10:02,Warning,Warning,Warning,Warning
W_002,7/24/2026 10:02,Warning,Warning,Warning,Warning
W_002,7/24/2026 10:02,Warning,Warning,Warning,Warning
W_002,7/24/2026 10:02,Warning,Warning,Warning,Warning
W_002,7/24/2026 10:02,Warning,Warning,Warning,Warning
W_002,7/24/2026 10:02,Warning,Warning,Warning,Warning
W_002,7/24/2026 10:02,Warning,Warning,Warning,Warning
W_002,7/24/2026 10:02,Warning,Warning,Warning,Warning
W_002,7/24/2026 10:02,Warning,Warning,Warning,Warning
W_002,7/24/2026 10:02,Warning,Warning,Warning,Warning
W_002,7/24/2026 10:02,Warning,Warning,Warning,Warning
W_002,7/24/2026 10:02,Warning,Warning,Warning,Warning
W_002,7/24/2026 10:02,Warning,Warning,Warning,Warning
W_002,7/24/2026 10:02,Warning,Warning,Warning,Warning
W_002,7/24/2026 10:02,Warning,Warning,Warning,Warning
W_002,7/24/2026 10:02,Warning,Warning,Warning,Warning
W_002,7/24/2026 10:02,Warning,Warning,Warning,Warning
W_002,7/24/2026 10:02,Warning,Warning,Warning,Warning
W_002,7/24/2026 10:02,Warning,Warning,Warning,Warning
W_002,7/24/2026 10:02,Warning,Warning,Warning,Warning
W_002,7/24/2026 10:02,Warning,Warning,Warning,Warning
W_002,7/24/2026 10:02,Warning,Warning,Warning,Warning
W_002,7/24/2026 10:02,Warning,Warning,Warning,Warning
W_002,7/24/2026 10:02,Warning,Warning,Warning,Warning
W_002,7/24/2026 10:02,Warning,Warning,Warning,Warning
W_002,7/24/2026 10:02,Warning,Warning,Warning,Warning
W_002,7/24/2026 10:02,Warning,Warning,Warning,Warning
W_002,7/24/2026 10:02,Warning,Warning,Warning,Warning
W_002,7/24/2026 10:02,Warning,Warning,Warning,Warning
W_002,7/24/2026 10:02,Warning,Warning,Warning,Warning
W_002,7/24/2026 10:02,Warning,Warning,Warning,Warning
W_002,7/24/2026 10:02,Warning,Warning,Warning,Warning
W_002,7/24/2026 10:02,Warning,Warning,Warning,Warning
W_002,7/24/2026 10:02,Warning,Warning,Warning,Warning
W_002,7/24/2026 10:02,Warning,Warning,Warning,Warning
W_002,7/24/2026 10:02,Warning,Warning,Warning,Warning
W_002,7/24/2026 10:02,Warning,Warning,Warning,Warning
W_002,7/24/2026 10:02,Warning,Warning,Warning,Warning
W_002,7/24/2026 10:02,Warning,Warning,Warning,Warning
W_002,7/24/2026 10:02,Warning,Warning,Warning,Warning
W_002,7/24/2026 10:02,Warning,Warning,Warning,Warning
W_002,7/24/2026 10:02,Warning,Warning,Warning,Warning
W_002,7/24/2026 10:02,Warning,Warning,Warning,Warning
W_002,7/24/2026 10:02,Warning,Warning,Warning,Warning
W_002,7/24/2026 10:02,Warning,Warning,Warning,Warning
W_002,7/24/2026 10:02,Warning,Warning,Warning,Warning
W_002,7/24/2026 10:02,Warning,Warning,Warning,Warning
W_002,7/24/2026 10:02,Warning,Warning,Warning,Warning
W_002,7/24/2026 10:02,Warning,Warning,Warning,Warning
W_002,7/24/2026 10:02,Warning,Warning,Warning,Warning
W_002,7/24/2026 10:02,Warning,Warning,Warning,Warning
W_002,7/24/2026 10:02,Warning,Warning,Warning,Warning
W_002,7/24/2026 10:02,Warning,Warning,Warning,Warning
W_002,7/24/2026 10:02,Warning,Warning,Warning,Warning
W_002,7/24/2026 10:02,Warning,Warning,Warning,Warning
W_002,7/24/2026 10:02,Warning,Warning,Warning,Warning
W_002,7/24/2026 10:03,Warning,Warning,Warning,Warning
W_002,7/24/2026 10:03,Warning,Warning,Warning,Warning
W_002,7/24/2026 10:03,Warning,Warning,Warning,Warning
W_002,7/24/2026 10:03,Warning,Warning,Warning,Warning
W_002,7/24/2026 10:03,Warning,Warning,Warning,Warning
W_002,7/24/2026 10:03,Warning,Warning,Warning,Warning
W_002,7/24/2026 10:03,Warning,Warning,Warning,Warning
W_002,7/24/2026 10:03,Warning,Warning,Warning,Warning
W_002,7/24/2026 10:03,Warning,Warning,Warning,Warning
W_002,7/24/2026 10:03,Warning,Warning,Warning,Warning
W_002,7/24/2026 10:03,Warning,Warning,Warning,Warning
W_002,7/24/2026 10:03,Warning,Warning,Warning,Warning
W_002,7/24/2026 10:03,Warning,Warning,Warning,Warning
W_002,7/24/2026 10:03,Warning,Warning,Warning,Warning
W_002,7/24/2026 10:03,Warning,Warning,Warning,Warning
W_002,7/24/2026 10:03,Warning,Warning,Warning,Warning
W_002,7/24/2026 10:03,Warning,Warning,Warning,Warning
W_002,7/24/2026 10:03,Warning,Warning,Warning,Warning
W_002,7/24/2026 10:03,Warning,Warning,Warning,Warning
W_002,7/24/2026 10:03,Warning,Warning,Warning,Warning
W_002,7/24/2026 10:03,Warning,Warning,Warning,Warning
W_002,7/24/2026 10:03,Warning,Warning,Warning,Warning
W_002,7/24/2026 10:03,Warning,Warning,Warning,Warning
W_002,7/24/2026 10:03,Warning,Warning,Warning,Warning
W_002,7/24/2026 10:03,Warning,Warning,Warning,Warning
W_002,7/24/2026 10:03,Warning,Warning,Warning,Warning
W_002,7/24/2026 10:03,Warning,Warning,Warning,Warning
W_002,7/24/2026 10:03,Warning,Warning,Warning,Warning
W_002,7/24/2026 10:03,Warning,Warning,Warning,Warning
W_002,7/24/2026 10:03,Warning,Warning,Warning,Warning
W_002,7/24/2026 10:03,Warning,Warning,Warning,Warning
W_002,7/24/2026 10:03,Warning,Warning,Warning,Warning
W_002,7/24/2026 10:03,Warning,Warning,Warning,Warning
W_002,7/24/2026 10:03,Warning,Warning,Warning,Warning
W_002,7/24/2026 10:03,Warning,Warning,Warning,Warning
W_002,7/24/2026 10:03,Warning,Warning,Warning,Warning
W_002,7/24/2026 10:03,Warning,Warning,Warning,Warning
W_002,7/24/2026 10:03,Warning,Warning,Warning,Warning
W_002,7/24/2026 10:03,Warning,Warning,Warning,Warning
W_002,7/24/2026 10:03,Warning,Warning,Warning,Warning
W_002,7/24/2026 10:03,Warning,Warning,Warning,Warning
W_002,7/24/2026 10:03,Warning,Warning,Warning,Warning
W_002,7/24/2026 10:03,Warning,Warning,Warning,Warning
W_002,7/24/2026 10:03,Warning,Warning,Warning,Warning
W_002,7/24/2026 10:03,Warning,Warning,Warning,Warning
W_002,7/24/2026 10:03,Warning,Warning,Warning,Warning
W_002,7/24/2026 10:03,Warning,Warning,Warning,Warning
W_002,7/24/2026 10:03,Warning,Warning,Warning,Warning
W_002,7/24/2026 10:03,Warning,Warning,Warning,Warning
W_002,7/24/2026 10:03,Warning,Warning,Warning,Warning
W_002,7/24/2026 10:03,Warning,Warning,Warning,Warning
W_002,7/24/2026 10:03,Warning,Warning,Warning,Warning
W_002,7/24/2026 10:03,Warning,Warning,Warning,Warning
W_002,7/24/2026 10:03,Warning,Warning,Warning,Warning
W_002,7/24/2026 10:03,Warning,Warning,Warning,Warning
W_002,7/24/2026 10:03,Warning,Warning,Warning,Warning
W_002,7/24/2026 10:03,Warning,Warning,Warning,Warning
W_002,7/24/2026 10:03,Warning,Warning,Warning,Warning
W_002,7/24/2026 10:03,Warning,Warning,Warning,Warning
W_002,7/24/2026 10:03,Warning,Warning,Warning,Warning
W_002,7/24/2026 10:04,Warning,Warning,Warning,Warning
W_002,7/24/2026 10:04,Warning,Warning,Warning,Warning
W_002,7/24/2026 10:04,Warning,Warning,Warning,Warning
W_002,7/24/2026 10:04,Warning,Warning,Warning,Warning
W_002,7/24/2026 10:04,Warning,Warning,Warning,Warning
W_002,7/24/2026 10:04,Warning,Warning,Warning,Warning
W_002,7/24/2026 10:04,Warning,Warning,Warning,Warning
W_002,7/24/2026 10:04,Warning,Warning,Warning,Warning
W_002,7/24/2026 10:04,Warning,Warning,Warning,Warning
W_002,7/24/2026 10:04,Warning,Warning,Warning,Warning
W_002,7/24/2026 10:04,Warning,Warning,Warning,Warning
W_002,7/24/2026 10:04,Warning,Warning,Warning,Warning
W_002,7/24/2026 10:04,Warning,Warning,Warning,Warning
W_002,7/24/2026 10:04,Warning,Warning,Warning,Warning
W_002,7/24/2026 10:04,Warning,Warning,Warning,Warning
W_002,7/24/2026 10:04,Warning,Warning,Warning,Warning
W_002,7/24/2026 10:04,Warning,Warning,Warning,Warning
W_002,7/24/2026 10:04,Warning,Warning,Warning,Warning
W_002,7/24/2026 10:04,Warning,Warning,Warning,Warning
W_002,7/24/2026 10:04,Warning,Warning,Warning,Warning
W_002,7/24/2026 10:04,Warning,Warning,Warning,Warning
W_002,7/24/2026 10:04,Warning,Warning,Warning,Warning
W_002,7/24/2026 10:04,Warning,Warning,Warning,Warning
W_002,7/24/2026 10:04,Warning,Warning,Warning,Warning
W_002,7/24/2026 10:04,Warning,Warning,Warning,Warning
W_002,7/24/2026 10:04,Warning,Warning,Warning,Warning
W_002,7/24/2026 10:04,Warning,Warning,Warning,Warning
W_002,7/24/2026 10:04,Warning,Warning,Warning,Warning
W_002,7/24/2026 10:04,Warning,Warning,Warning,Warning
W_002,7/24/2026 10:04,Warning,Warning,Warning,Warning
W_002,7/24/2026 10:04,Warning,Warning,Warning,Warning
W_002,7/24/2026 10:04,Warning,Warning,Warning,Warning
W_002,7/24/2026 10:04,Warning,Warning,Warning,Warning
W_002,7/24/2026 10:04,Warning,Warning,Warning,Warning
W_002,7/24/2026 10:04,Warning,Warning,Warning,Warning
W_002,7/24/2026 10:04,Warning,Warning,Warning,Warning
W_002,7/24/2026 10:04,Warning,Warning,Warning,Warning
W_002,7/24/2026 10:04,Warning,Warning,Warning,Warning
W_002,7/24/2026 10:04,Warning,Warning,Warning,Warning
W_002,7/24/2026 10:04,Warning,Warning,Warning,Warning
W_002,7/24/2026 10:04,Warning,Warning,Warning,Warning
W_002,7/24/2026 10:04,Warning,Warning,Warning,Warning
W_002,7/24/2026 10:04,Warning,Warning,Warning,Warning
W_002,7/24/2026 10:04,Warning,Warning,Warning,Warning
W_002,7/24/2026 10:04,Warning,Warning,Warning,Warning
W_002,7/24/2026 10:04,Warning,Warning,Warning,Warning
W_002,7/24/2026 10:04,Warning,Warning,Warning,Warning
W_002,7/24/2026 10:04,Warning,Warning,Warning,Warning
W_002,7/24/2026 10:04,Warning,Warning,Warning,Warning
W_002,7/24/2026 10:04,Warning,Warning,Warning,Warning
W_002,7/24/2026 10:04,Warning,Warning,Warning,Warning
W_002,7/24/2026 10:04,Warning,Warning,Warning,Warning
W_002,7/24/2026 10:04,Warning,Warning,Warning,Warning
W_002,7/24/2026 10:04,Warning,Warning,Warning,Warning
W_002,7/24/2026 10:04,Warning,Warning,Warning,Warning
W_002,7/24/2026 10:04,Warning,Warning,Warning,Warning
W_002,7/24/2026 10:04,Warning,Warning,Warning,Warning
W_002,7/24/2026 10:04,Warning,Warning,Warning,Warning
W_002,7/24/2026 10:04,Warning,Warning,Warning,Warning
W_002,7/24/2026 10:04,Warning,Warning,Warning,Warning
W_002,7/24/2026 10:05,Warning,Warning,Warning,Warning
W_002,7/24/2026 10:05,Warning,Warning,Warning,Warning
W_002,7/24/2026 10:05,Warning,Warning,Warning,Warning
W_002,7/24/2026 10:05,Warning,Warning,Warning,Warning
W_002,7/24/2026 10:05,Warning,Warning,Warning,Warning
W_002,7/24/2026 10:05,Warning,Warning,Warning,Warning
W_002,7/24/2026 10:05,Warning,Warning,Warning,Warning
W_002,7/24/2026 10:05,Warning,Warning,Warning,Warning
W_002,7/24/2026 10:05,Warning,Warning,Warning,Warning
W_002,7/24/2026 10:05,Warning,Warning,Warning,Warning
W_002,7/24/2026 10:05,Warning,Warning,Warning,Warning
W_002,7/24/2026 10:05,Warning,Warning,Warning,Warning
W_002,7/24/2026 10:05,Warning,Warning,Warning,Warning
W_002,7/24/2026 10:05,Warning,Warning,Warning,Warning
W_002,7/24/2026 10:05,Warning,Warning,Warning,Warning
W_002,7/24/2026 10:05,Warning,Warning,Warning,Warning
W_002,7/24/2026 10:05,Warning,Warning,Warning,Warning
W_002,7/24/2026 10:05,Warning,Warning,Warning,Warning
W_002,7/24/2026 10:05,Warning,Warning,Warning,Warning
W_002,7/24/2026 10:05,Warning,Warning,Warning,Warning
W_002,7/24/2026 10:05,Warning,Warning,Warning,Warning
W_002,7/24/2026 10:05,Warning,Warning,Warning,Warning
W_002,7/24/2026 10:05,Warning,Warning,Warning,Warning
W_002,7/24/2026 10:05,Warning,Warning,Warning,Warning
W_002,7/24/2026 10:05,Warning,Warning,Warning,Warning
W_002,7/24/2026 10:05,Warning,Warning,Warning,Warning
W_002,7/24/2026 10:05,Warning,Warning,Warning,Warning
W_002,7/24/2026 10:05,Warning,Warning,Warning,Warning
W_002,7/24/2026 10:05,Warning,Warning,Warning,Warning
W_002,7/24/2026 10:05,Warning,Warning,Warning,Warning
W_002,7/24/2026 10:05,Warning,Warning,Warning,Warning
W_002,7/24/2026 10:05,Warning,Warning,Warning,Warning
W_002,7/24/2026 10:05,Warning,Warning,Warning,Warning
W_002,7/24/2026 10:05,Warning,Warning,Warning,Warning
W_002,7/24/2026 10:05,Warning,Warning,Warning,Warning
W_002,7/24/2026 10:05,Warning,Warning,Warning,Warning
W_002,7/24/2026 10:05,Warning,Warning,Warning,Warning
W_002,7/24/2026 10:05,Warning,Warning,Warning,Warning
W_002,7/24/2026 10:05,Warning,Warning,Warning,Warning
W_002,7/24/2026 10:05,Warning,Warning,Warning,Warning
W_002,7/24/2026 10:05,Warning,Warning,Warning,Warning
W_002,7/24/2026 10:05,Warning,Warning,Warning,Warning
W_002,7/24/2026 10:05,Warning,Warning,Warning,Warning
W_002,7/24/2026 10:05,Warning,Warning,Warning,Warning
W_002,7/24/2026 10:05,Warning,Warning,Warning,Warning
W_002,7/24/2026 10:05,Warning,Warning,Warning,Warning
W_002,7/24/2026 10:05,Warning,Warning,Warning,Warning
W_002,7/24/2026 10:05,Warning,Warning,Warning,Warning
W_002,7/24/2026 10:05,Warning,Warning,Warning,Warning
W_002,7/24/2026 10:05,Warning,Warning,Warning,Warning
W_002,7/24/2026 10:05,Warning,Warning,Warning,Warning
W_002,7/24/2026 10:05,Warning,Warning,Warning,Warning
W_002,7/24/2026 10:05,Warning,Warning,Warning,Warning
W_002,7/24/2026 10:05,Warning,Warning,Warning,Warning
W_002,7/24/2026 10:05,Warning,Warning,Warning,Warning
W_002,7/24/2026 10:05,Warning,Warning,Warning,Warning
W_002,7/24/2026 10:05,Warning,Warning,Warning,Warning
W_002,7/24/2026 10:05,Warning,Warning,Warning,Warning
W_002,7/24/2026 10:05,Warning,Warning,Warning,Warning
W_002,7/24/2026 10:05,Warning,Warning,Warning,Warning
W_002,7/24/2026 10:06,Warning,Warning,Warning,Warning
W_002,7/24/2026 10:06,Warning,Warning,Warning,Warning
W_002,7/24/2026 10:06,Warning,Warning,Warning,Warning
W_002,7/24/2026 10:06,Warning,Warning,Warning,Warning
W_002,7/24/2026 10:06,Warning,Warning,Warning,Warning
W_002,7/24/2026 10:06,Warning,Warning,Warning,Warning
W_002,7/24/2026 10:06,Warning,Warning,Warning,Warning
W_002,7/24/2026 10:06,Warning,Warning,Warning,Warning
W_002,7/24/2026 10:06,Warning,Warning,Warning,Warning
W_002,7/24/2026 10:06,Warning,Warning,Warning,Warning
W_002,7/24/2026 10:06,Warning,Warning,Warning,Warning
W_002,7/24/2026 10:06,Warning,Warning,Warning,Warning
W_002,7/24/2026 10:06,Warning,Warning,Warning,Warning
W_002,7/24/2026 10:06,Warning,Warning,Warning,Warning
W_002,7/24/2026 10:06,Warning,Warning,Warning,Warning
W_002,7/24/2026 10:06,Warning,Warning,Warning,Warning
W_002,7/24/2026 10:06,Warning,Warning,Warning,Warning
W_002,7/24/2026 10:06,Warning,Warning,Warning,Warning
W_002,7/24/2026 10:06,Warning,Warning,Warning,Warning
W_002,7/24/2026 10:06,Warning,Warning,Warning,Warning
W_002,7/24/2026 10:06,Warning,Warning,Warning,Warning
W_002,7/24/2026 10:06,Warning,Warning,Warning,Warning
W_002,7/24/2026 10:06,Warning,Warning,Warning,Warning
W_002,7/24/2026 10:06,Warning,Warning,Warning,Warning
W_002,7/24/2026 10:06,Warning,Warning,Warning,Warning
W_002,7/24/2026 10:06,Warning,Warning,Warning,Warning
W_002,7/24/2026 10:06,Warning,Warning,Warning,Warning
W_002,7/24/2026 10:06,Warning,Warning,Warning,Warning
W_002,7/24/2026 10:06,Warning,Warning,Warning,Warning
W_002,7/24/2026 10:06,Warning,Warning,Warning,Warning
W_002,7/24/2026 10:06,Warning,Warning,Warning,Warning
W_002,7/24/2026 10:06,Warning,Warning,Warning,Warning
W_002,7/24/2026 10:06,Warning,Warning,Warning,Warning
W_002,7/24/2026 10:06,Warning,Warning,Warning,Warning
W_002,7/24/2026 10:06,Warning,Warning,Warning,Warning
W_002,7/24/2026 10:06,Warning,Warning,Warning,Warning
W_002,7/24/2026 10:06,Warning,Warning,Warning,Warning
W_002,7/24/2026 10:06,Warning,Warning,Warning,Warning
W_002,7/24/2026 10:06,Warning,Warning,Warning,Warning
W_002,7/24/2026 10:06,Warning,Warning,Warning,Warning
W_002,7/24/2026 10:06,Warning,Warning,Warning,Warning
W_002,7/24/2026 10:06,Warning,Warning,Warning,Warning
W_002,7/24/2026 10:06,Warning,Warning,Warning,Warning
W_002,7/24/2026 10:06,Warning,Warning,Warning,Warning
W_002,7/24/2026 10:06,Warning,Warning,Warning,Warning
W_002,7/24/2026 10:06,Warning,Warning,Warning,Warning
W_002,7/24/2026 10:06,Warning,Warning,Warning,Warning
W_002,7/24/2026 10:06,Warning,Warning,Warning,Warning
W_002,7/24/2026 10:06,Warning,Warning,Warning,Warning
W_002,7/24/2026 10:06,Warning,Warning,Warning,Warning
W_002,7/24/2026 10:06,Warning,Warning,Warning,Warning
W_002,7/24/2026 10:06,Warning,Warning,Warning,Warning
W_002,7/24/2026 10:06,Warning,Warning,Warning,Warning
W_002,7/24/2026 10:06,Warning,Warning,Warning,Warning
W_002,7/24/2026 10:06,Warning,Warning,Warning,Warning
W_002,7/24/2026 10:06,Warning,Warning,Warning,Warning
W_002,7/24/2026 10:06,Warning,Warning,Warning,Warning
W_002,7/24/2026 10:06,Warning,Warning,Warning,Warning
W_002,7/24/2026 10:06,Warning,Warning,Warning,Warning
W_002,7/24/2026 10:06,Warning,Warning,Warning,Warning
W_002,7/24/2026 10:07,Warning,Warning,Warning,Warning
W_002,7/24/2026 10:07,Warning,Warning,Warning,Warning
W_002,7/24/2026 10:07,Warning,Warning,Warning,Warning
W_002,7/24/2026 10:07,Warning,Warning,Warning,Warning
W_002,7/24/2026 10:07,Warning,Warning,Warning,Warning
W_002,7/24/2026 10:07,Warning,Warning,Warning,Warning
W_002,7/24/2026 10:07,Warning,Warning,Warning,Warning
W_002,7/24/2026 10:07,Warning,Warning,Warning,Warning
W_002,7/24/2026 10:07,Warning,Warning,Warning,Warning
W_002,7/24/2026 10:07,Warning,Warning,Warning,Warning
W_002,7/24/2026 10:07,Warning,Warning,Warning,Warning
W_002,7/24/2026 10:07,Warning,Warning,Warning,Warning
W_002,7/24/2026 10:07,Warning,Warning,Warning,Warning
W_002,7/24/2026 10:07,Warning,Warning,Warning,Warning
W_002,7/24/2026 10:07,Warning,Warning,Warning,Warning
W_002,7/24/2026 10:07,Warning,Warning,Warning,Warning
W_002,7/24/2026 10:07,Warning,Warning,Warning,Warning
W_002,7/24/2026 10:07,Warning,Warning,Warning,Warning
W_002,7/24/2026 10:07,Warning,Warning,Warning,Warning
W_002,7/24/2026 10:07,Warning,Warning,Warning,Warning
W_002,7/24/2026 10:07,Warning,Warning,Warning,Warning
W_002,7/24/2026 10:07,Warning,Warning,Warning,Warning
W_002,7/24/2026 10:07,Warning,Warning,Warning,Warning
W_002,7/24/2026 10:07,Warning,Warning,Warning,Warning
W_002,7/24/2026 10:07,Warning,Warning,Warning,Warning
W_002,7/24/2026 10:07,Warning,Warning,Warning,Warning
W_002,7/24/2026 10:07,Warning,Warning,Warning,Warning
W_002,7/24/2026 10:07,Warning,Warning,Warning,Warning
W_002,7/24/2026 10:07,Warning,Warning,Warning,Warning
W_002,7/24/2026 10:07,Warning,Warning,Warning,Warning
W_002,7/24/2026 10:07,Warning,Warning,Warning,Warning
W_002,7/24/2026 10:07,Warning,Warning,Warning,Warning
W_002,7/24/2026 10:07,Warning,Warning,Warning,Warning
W_002,7/24/2026 10:07,Warning,Warning,Warning,Warning
W_002,7/24/2026 10:07,Warning,Warning,Warning,Warning
W_002,7/24/2026 10:07,Warning,Warning,Warning,Warning
W_002,7/24/2026 10:07,Warning,Warning,Warning,Warning
W_002,7/24/2026 10:07,Warning,Warning,Warning,Warning
W_002,7/24/2026 10:07,Warning,Warning,Warning,Warning
W_002,7/24/2026 10:07,Warning,Warning,Warning,Warning
W_002,7/24/2026 10:07,Warning,Warning,Warning,Warning
W_002,7/24/2026 10:07,Warning,Warning,Warning,Warning
W_002,7/24/2026 10:07,Warning,Warning,Warning,Warning
W_002,7/24/2026 10:07,Warning,Warning,Warning,Warning
W_002,7/24/2026 10:07,Warning,Warning,Warning,Warning
W_002,7/24/2026 10:07,Warning,Warning,Warning,Warning
W_002,7/24/2026 10:07,Warning,Warning,Warning,Warning
W_002,7/24/2026 10:07,Warning,Warning,Warning,Warning
W_002,7/24/2026 10:07,Warning,Warning,Warning,Warning
W_002,7/24/2026 10:07,Warning,Warning,Warning,Warning
W_002,7/24/2026 10:07,Warning,Warning,Warning,Warning
W_002,7/24/2026 10:07,Warning,Warning,Warning,Warning
W_002,7/24/2026 10:07,Warning,Warning,Warning,Warning
W_002,7/24/2026 10:07,Warning,Warning,Warning,Warning
W_002,7/24/2026 10:07,Warning,Warning,Warning,Warning
W_002,7/24/2026 10:07,Warning,Warning,Warning,Warning
W_002,7/24/2026 10:07,Warning,Warning,Warning,Warning
W_002,7/24/2026 10:07,Warning,Warning,Warning,Warning
W_002,7/24/2026 10:07,Warning,Warning,Warning,Warning
W_002,7/24/2026 10:07,Warning,Warning,Warning,Warning
W_002,7/24/2026 10:08,Warning,Warning,Warning,Warning
W_002,7/24/2026 10:08,Warning,Warning,Warning,Warning
W_002,7/24/2026 10:08,Warning,Warning,Warning,Warning
W_002,7/24/2026 10:08,Warning,Warning,Warning,Warning
W_002,7/24/2026 10:08,Safe,Safe,Safe,Safe
W_002,7/24/2026 10:08,Safe,Safe,Safe,Safe
W_002,7/24/2026 10:08,Safe,Safe,Safe,Safe
W_002,7/24/2026 10:08,Safe,Safe,Safe,Safe
W_002,7/24/2026 10:08,Safe,Safe,Safe,Safe
W_002,7/24/2026 10:08,Safe,Safe,Safe,Safe
W_002,7/24/2026 10:08,Safe,Safe,Safe,Safe
W_002,7/24/2026 10:08,Safe,Safe,Safe,Safe
W_002,7/24/2026 10:08,Safe,Safe,Safe,Safe
W_002,7/24/2026 10:08,Safe,Safe,Safe,Safe
W_002,7/24/2026 10:08,Safe,Safe,Safe,Safe
W_002,7/24/2026 10:08,Safe,Safe,Safe,Safe
W_002,7/24/2026 10:08,Safe,Safe,Safe,Safe
W_002,7/24/2026 10:08,Safe,Safe,Safe,Safe
W_002,7/24/2026 10:08,Safe,Safe,Safe,Safe
W_002,7/24/2026 10:08,Safe,Safe,Safe,Safe
W_002,7/24/2026 10:08,Safe,Safe,Safe,Safe
W_002,7/24/2026 10:08,Safe,Safe,Safe,Safe
W_002,7/24/2026 10:08,Safe,Safe,Safe,Safe
W_002,7/24/2026 10:08,Safe,Safe,Safe,Safe
W_002,7/24/2026 10:08,Safe,Safe,Safe,Safe
W_002,7/24/2026 10:08,Safe,Safe,Safe,Safe
W_002,7/24/2026 10:08,Safe,Safe,Safe,Safe
W_002,7/24/2026 10:08,Safe,Safe,Safe,Safe
W_002,7/24/2026 10:08,Safe,Safe,Safe,Safe
W_002,7/24/2026 10:08,Safe,Safe,Safe,Safe
W_002,7/24/2026 10:08,Safe,Safe,Safe,Safe
W_002,7/24/2026 10:08,Safe,Safe,Safe,Safe
W_002,7/24/2026 10:08,Safe,Safe,Safe,Safe
W_002,7/24/2026 10:08,Safe,Safe,Safe,Safe
W_002,7/24/2026 10:08,Safe,Safe,Safe,Safe
W_002,7/24/2026 10:08,Safe,Safe,Safe,Safe
W_002,7/24/2026 10:08,Safe,Safe,Safe,Safe
W_002,7/24/2026 10:08,Safe,Safe,Safe,Safe
W_002,7/24/2026 10:08,Safe,Safe,Safe,Safe
W_002,7/24/2026 10:08,Safe,Safe,Safe,Safe
W_002,7/24/2026 10:08,Safe,Safe,Safe,Safe
W_002,7/24/2026 10:08,Safe,Safe,Safe,Safe
W_002,7/24/2026 10:08,Safe,Safe,Safe,Safe
W_002,7/24/2026 10:08,Safe,Safe,Safe,Safe
W_002,7/24/2026 10:08,Safe,Safe,Safe,Safe
W_002,7/24/2026 10:08,Safe,Safe,Safe,Safe
W_002,7/24/2026 10:08,Safe,Safe,Safe,Safe
W_002,7/24/2026 10:08,Safe,Safe,Safe,Safe
W_002,7/24/2026 10:08,Safe,Safe,Safe,Safe
W_002,7/24/2026 10:08,Safe,Safe,Safe,Safe
W_002,7/24/2026 10:08,Safe,Safe,Safe,Safe
W_002,7/24/2026 10:08,Safe,Safe,Safe,Safe
W_002,7/24/2026 10:08,Safe,Safe,Safe,Safe
W_002,7/24/2026 10:08,Safe,Safe,Safe,Safe
W_002,7/24/2026 10:08,Safe,Safe,Safe,Safe
W_002,7/24/2026 10:08,Safe,Safe,Safe,Safe
W_002,7/24/2026 10:08,Safe,Safe,Safe,Safe
W_002,7/24/2026 10:08,Safe,Safe,Safe,Safe
W_002,7/24/2026 10:08,Safe,Safe,Safe,Safe
W_002,7/24/2026 10:08,Safe,Safe,Safe,Safe
W_002,7/24/2026 10:09,Safe,Safe,Safe,Safe
W_002,7/24/2026 10:09,Safe,Safe,Safe,Safe
W_002,7/24/2026 10:09,Safe,Safe,Safe,Safe
W_002,7/24/2026 10:09,Safe,Safe,Safe,Safe
W_002,7/24/2026 10:09,Safe,Safe,Safe,Safe
W_002,7/24/2026 10:09,Safe,Safe,Safe,Safe
W_002,7/24/2026 10:09,Safe,Safe,Safe,Safe
W_002,7/24/2026 10:09,Safe,Safe,Safe,Safe
W_002,7/24/2026 10:09,Safe,Safe,Safe,Safe
W_002,7/24/2026 10:09,Safe,Safe,Safe,Safe
W_002,7/24/2026 10:09,Safe,Safe,Safe,Safe
W_002,7/24/2026 10:09,Safe,Safe,Safe,Safe
W_002,7/24/2026 10:09,Safe,Safe,Safe,Safe
W_002,7/24/2026 10:09,Safe,Safe,Safe,Safe
W_002,7/24/2026 10:09,Safe,Safe,Safe,Safe
W_002,7/24/2026 10:09,Safe,Safe,Safe,Safe
W_002,7/24/2026 10:09,Safe,Safe,Safe,Safe
W_002,7/24/2026 10:09,Safe,Safe,Safe,Safe
W_002,7/24/2026 10:09,Safe,Safe,Safe,Safe
W_002,7/24/2026 10:09,Safe,Safe,Safe,Safe
W_002,7/24/2026 10:09,Safe,Safe,Safe,Safe
W_002,7/24/2026 10:09,Safe,Safe,Safe,Safe
W_002,7/24/2026 10:09,Safe,Safe,Safe,Safe
W_002,7/24/2026 10:09,Safe,Safe,Safe,Safe
W_002,7/24/2026 10:09,Safe,Safe,Safe,Safe
W_002,7/24/2026 10:09,Safe,Safe,Safe,Safe
W_002,7/24/2026 10:09,Safe,Safe,Safe,Safe
W_002,7/24/2026 10:09,Safe,Safe,Safe,Safe
W_002,7/24/2026 10:09,Safe,Safe,Safe,Safe
W_002,7/24/2026 10:09,Safe,Safe,Safe,Safe
W_002,7/24/2026 10:09,Safe,Safe,Safe,Safe
W_002,7/24/2026 10:09,Safe,Safe,Safe,Safe
W_002,7/24/2026 10:09,Safe,Safe,Safe,Safe
W_002,7/24/2026 10:09,Safe,Safe,Safe,Safe
W_002,7/24/2026 10:09,Safe,Safe,Safe,Safe
W_002,7/24/2026 10:09,Safe,Safe,Safe,Safe
W_002,7/24/2026 10:09,Safe,Safe,Safe,Safe
W_002,7/24/2026 10:09,Safe,Safe,Safe,Safe
W_002,7/24/2026 10:09,Safe,Safe,Safe,Safe
W_002,7/24/2026 10:09,Safe,Safe,Safe,Safe
W_002,7/24/2026 10:09,Safe,Safe,Safe,Safe
W_002,7/24/2026 10:09,Safe,Safe,Safe,Safe
W_002,7/24/2026 10:09,Safe,Safe,Safe,Safe
W_002,7/24/2026 10:09,Safe,Safe,Safe,Safe
W_002,7/24/2026 10:09,Safe,Safe,Safe,Safe
W_002,7/24/2026 10:09,Safe,Safe,Safe,Safe
W_002,7/24/2026 10:09,Safe,Safe,Safe,Safe
W_002,7/24/2026 10:09,Safe,Safe,Safe,Safe
W_002,7/24/2026 10:09,Safe,Safe,Safe,Safe
W_002,7/24/2026 10:09,Safe,Safe,Safe,Safe
W_002,7/24/2026 10:09,Safe,Safe,Safe,Safe
W_002,7/24/2026 10:09,Safe,Safe,Safe,Safe
W_002,7/24/2026 10:09,Safe,Safe,Safe,Safe
W_002,7/24/2026 10:09,Safe,Safe,Safe,Safe
W_002,7/24/2026 10:09,Safe,Safe,Safe,Safe
W_002,7/24/2026 10:09,Safe,Safe,Safe,Safe
W_002,7/24/2026 10:09,Safe,Safe,Safe,Safe
W_002,7/24/2026 10:09,Safe,Safe,Safe,Safe
W_002,7/24/2026 10:09,Safe,Safe,Safe,Safe
W_002,7/24/2026 10:09,Safe,Safe,Safe,Safe
W_002,7/24/2026 10:10,Safe,Safe,Safe,Safe
W_002,7/24/2026 10:10,Safe,Safe,Safe,Safe
W_002,7/24/2026 10:10,Safe,Safe,Safe,Safe
W_002,7/24/2026 10:10,Safe,Safe,Safe,Safe
W_002,7/24/2026 10:10,Safe,Safe,Safe,Safe
W_002,7/24/2026 10:10,Safe,Safe,Safe,Safe
W_002,7/24/2026 10:10,Safe,Safe,Safe,Safe
W_002,7/24/2026 10:10,Safe,Safe,Safe,Safe
W_002,7/24/2026 10:10,Safe,Safe,Safe,Safe
W_002,7/24/2026 10:10,Safe,Safe,Safe,Safe
W_002,7/24/2026 10:10,Safe,Safe,Safe,Safe
W_002,7/24/2026 10:10,Safe,Safe,Safe,Safe
W_002,7/24/2026 10:10,Safe,Safe,Safe,Safe
W_002,7/24/2026 10:10,Safe,Safe,Safe,Safe
W_002,7/24/2026 10:10,Safe,Safe,Safe,Safe
W_002,7/24/2026 10:10,Safe,Safe,Safe,Safe
W_002,7/24/2026 10:10,Safe,Safe,Safe,Safe
W_002,7/24/2026 10:10,Safe,Safe,Safe,Safe
W_002,7/24/2026 10:10,Safe,Safe,Safe,Safe
W_002,7/24/2026 10:10,Safe,Safe,Safe,Safe
W_002,7/24/2026 10:10,Safe,Safe,Safe,Safe
W_002,7/24/2026 10:10,Safe,Safe,Safe,Safe
W_002,7/24/2026 10:10,Safe,Safe,Safe,Safe
W_002,7/24/2026 10:10,Safe,Safe,Safe,Safe
W_002,7/24/2026 10:10,Safe,Safe,Safe,Safe
W_002,7/24/2026 10:10,Safe,Safe,Safe,Safe
W_002,7/24/2026 10:10,Safe,Safe,Safe,Safe
W_002,7/24/2026 10:10,Safe,Safe,Safe,Safe
W_002,7/24/2026 10:10,Safe,Safe,Safe,Safe
W_002,7/24/2026 10:10,Safe,Safe,Safe,Safe
W_002,7/24/2026 10:10,Safe,Safe,Safe,Safe
W_002,7/24/2026 10:10,Safe,Safe,Safe,Safe
W_002,7/24/2026 10:10,Safe,Safe,Safe,Safe
W_002,7/24/2026 10:10,Safe,Safe,Safe,Safe
W_002,7/24/2026 10:10,Safe,Safe,Safe,Safe
W_002,7/24/2026 10:10,Safe,Safe,Safe,Safe
W_002,7/24/2026 10:10,Safe,Safe,Safe,Safe
W_002,7/24/2026 10:10,Safe,Safe,Safe,Safe
W_002,7/24/2026 10:10,Safe,Safe,Safe,Safe
W_002,7/24/2026 10:10,Safe,Safe,Safe,Safe
W_002,7/24/2026 10:10,Safe,Safe,Safe,Safe
W_002,7/24/2026 10:10,Safe,Safe,Safe,Safe
W_002,7/24/2026 10:10,Safe,Safe,Safe,Safe
W_002,7/24/2026 10:10,Safe,Safe,Safe,Safe
W_002,7/24/2026 10:10,Safe,Safe,Safe,Safe
W_002,7/24/2026 10:10,Safe,Safe,Safe,Safe
W_002,7/24/2026 10:10,Safe,Safe,Safe,Safe
W_002,7/24/2026 10:10,Safe,Safe,Safe,Safe
W_002,7/24/2026 10:10,Safe,Safe,Safe,Safe
W_002,7/24/2026 10:10,Safe,Safe,Safe,Safe
W_002,7/24/2026 10:10,Safe,Safe,Safe,Safe
W_002,7/24/2026 10:10,Safe,Safe,Safe,Safe
W_002,7/24/2026 10:10,Safe,Safe,Safe,Safe
W_002,7/24/2026 10:10,Safe,Safe,Safe,Safe
W_002,7/24/2026 10:10,Safe,Safe,Safe,Safe
W_002,7/24/2026 10:10,Safe,Safe,Safe,Safe
W_002,7/24/2026 10:10,Safe,Safe,Safe,Safe
W_002,7/24/2026 10:10,Safe,Safe,Safe,Safe
W_002,7/24/2026 10:10,Safe,Safe,Safe,Safe
W_002,7/24/2026 10:10,Safe,Safe,Safe,Safe
W_002,7/24/2026 10:11,Safe,Safe,Safe,Safe
W_002,7/24/2026 10:11,Safe,Safe,Safe,Safe
W_002,7/24/2026 10:11,Safe,Safe,Safe,Safe
W_002,7/24/2026 10:11,Safe,Safe,Safe,Safe
W_002,7/24/2026 10:11,Safe,Safe,Safe,Safe
W_002,7/24/2026 10:11,Safe,Safe,Safe,Safe
W_002,7/24/2026 10:11,Safe,Safe,Safe,Safe
W_002,7/24/2026 10:11,Safe,Safe,Safe,Safe
W_002,7/24/2026 10:11,Safe,Safe,Safe,Safe
W_002,7/24/2026 10:11,Safe,Safe,Safe,Safe
W_002,7/24/2026 10:11,Safe,Safe,Safe,Safe
W_002,7/24/2026 10:11,Safe,Safe,Safe,Safe
W_002,7/24/2026 10:11,Safe,Safe,Safe,Safe
W_002,7/24/2026 10:11,Safe,Safe,Safe,Safe
W_002,7/24/2026 10:11,Safe,Safe,Safe,Safe
W_002,7/24/2026 10:11,Safe,Safe,Safe,Safe
W_002,7/24/2026 10:11,Safe,Safe,Safe,Safe
W_002,7/24/2026 10:11,Safe,Safe,Safe,Safe
W_002,7/24/2026 10:11,Safe,Safe,Safe,Safe
W_002,7/24/2026 10:11,Safe,Safe,Safe,Safe
W_002,7/24/2026 10:11,Warning,Safe,Safe,Safe
W_002,7/24/2026 10:11,Warning,Safe,Safe,Safe
W_002,7/24/2026 10:11,Warning,Safe,Safe,Safe
W_002,7/24/2026 10:11,Warning,Safe,Safe,Safe
W_002,7/24/2026 10:11,Warning,Safe,Safe,Safe
W_002,7/24/2026 10:11,Warning,Safe,Safe,Safe
W_002,7/24/2026 10:11,Warning,Safe,Safe,Safe
W_002,7/24/2026 10:11,Warning,Safe,Safe,Safe
W_002,7/24/2026 10:11,Warning,Safe,Safe,Safe
W_002,7/24/2026 10:11,Warning,Safe,Safe,Safe
W_002,7/24/2026 10:11,Warning,Safe,Safe,Safe
W_002,7/24/2026 10:11,Safe,Safe,Safe,Safe
W_002,7/24/2026 10:11,Safe,Safe,Safe,Safe
W_002,7/24/2026 10:11,Safe,Safe,Safe,Safe
W_002,7/24/2026 10:11,Safe,Safe,Safe,Safe
W_002,7/24/2026 10:11,Safe,Safe,Safe,Safe
W_002,7/24/2026 10:11,Safe,Safe,Safe,Safe
W_002,7/24/2026 10:11,Safe,Safe,Safe,Safe
W_002,7/24/2026 10:11,Safe,Safe,Safe,Safe
W_002,7/24/2026 10:11,Safe,Safe,Safe,Safe
W_002,7/24/2026 10:11,Safe,Safe,Safe,Safe
W_002,7/24/2026 10:11,Safe,Safe,Safe,Safe
W_002,7/24/2026 10:11,Safe,Safe,Safe,Safe
W_002,7/24/2026 10:11,Safe,Safe,Safe,Safe
W_002,7/24/2026 10:11,Safe,Safe,Safe,Safe
W_002,7/24/2026 10:11,Safe,Safe,Safe,Safe
W_002,7/24/2026 10:11,Safe,Safe,Safe,Safe
W_002,7/24/2026 10:11,Safe,Safe,Safe,Safe
W_002,7/24/2026 10:11,Safe,Safe,Safe,Safe
W_002,7/24/2026 10:11,Safe,Safe,Safe,Safe
W_002,7/24/2026 10:11,Safe,Safe,Safe,Safe
W_002,7/24/2026 10:11,Safe,Safe,Safe,Safe
W_002,7/24/2026 10:11,Safe,Safe,Safe,Safe
W_002,7/24/2026 10:11,Safe,Safe,Safe,Safe
W_002,7/24/2026 10:11,Safe,Safe,Safe,Safe
W_002,7/24/2026 10:11,Safe,Safe,Safe,Safe
W_002,7/24/2026 10:11,Safe,Safe,Safe,Safe
W_002,7/24/2026 10:11,Safe,Safe,Safe,Safe
W_002,7/24/2026 10:11,Safe,Safe,Safe,Safe
W_002,7/24/2026 10:11,Safe,Safe,Safe,Safe
W_002,7/24/2026 10:12,Safe,Safe,Safe,Safe
W_002,7/24/2026 10:12,Safe,Safe,Safe,Safe
W_002,7/24/2026 10:12,Safe,Safe,Safe,Safe
W_002,7/24/2026 10:12,Safe,Safe,Safe,Safe
W_002,7/24/2026 10:12,Safe,Safe,Safe,Safe
W_002,7/24/2026 10:12,Safe,Safe,Safe,Safe
W_002,7/24/2026 10:12,Safe,Safe,Safe,Safe
W_002,7/24/2026 10:12,Safe,Safe,Safe,Safe
W_002,7/24/2026 10:12,Safe,Safe,Safe,Safe
W_002,7/24/2026 10:12,Safe,Safe,Safe,Safe
W_002,7/24/2026 10:12,Safe,Safe,Safe,Safe
W_002,7/24/2026 10:12,Safe,Safe,Safe,Safe
W_002,7/24/2026 10:12,Safe,Safe,Safe,Safe
W_002,7/24/2026 10:12,Safe,Safe,Safe,Safe
W_002,7/24/2026 10:12,Safe,Safe,Safe,Safe
W_002,7/24/2026 10:12,Safe,Safe,Safe,Safe
W_002,7/24/2026 10:12,Safe,Safe,Safe,Safe
W_002,7/24/2026 10:12,Safe,Safe,Safe,Safe
W_002,7/24/2026 10:12,Safe,Safe,Safe,Safe
W_002,7/24/2026 10:12,Safe,Safe,Safe,Safe
W_002,7/24/2026 10:12,Safe,Safe,Safe,Safe
W_002,7/24/2026 10:12,Safe,Safe,Safe,Safe
W_002,7/24/2026 10:12,Safe,Safe,Safe,Safe
W_002,7/24/2026 10:12,Safe,Safe,Safe,Safe
W_002,7/24/2026 10:12,Safe,Safe,Safe,Safe
W_002,7/24/2026 10:12,Safe,Safe,Safe,Safe
W_002,7/24/2026 10:12,Safe,Safe,Safe,Safe
W_002,7/24/2026 10:12,Safe,Safe,Safe,Safe
W_002,7/24/2026 10:12,Safe,Safe,Safe,Safe
W_002,7/24/2026 10:12,Safe,Safe,Safe,Safe
W_002,7/24/2026 10:12,Safe,Safe,Safe,Safe
W_002,7/24/2026 10:12,Safe,Safe,Safe,Safe
W_002,7/24/2026 10:12,Safe,Safe,Safe,Safe
W_002,7/24/2026 10:12,Safe,Safe,Safe,Safe
W_002,7/24/2026 10:12,Safe,Safe,Safe,Safe
W_002,7/24/2026 10:12,Safe,Safe,Safe,Safe
W_002,7/24/2026 10:12,Safe,Safe,Safe,Safe
W_002,7/24/2026 10:12,Safe,Safe,Safe,Safe
W_002,7/24/2026 10:12,Safe,Safe,Safe,Safe
W_002,7/24/2026 10:12,Safe,Safe,Safe,Safe
W_002,7/24/2026 10:12,Safe,Safe,Safe,Safe
W_002,7/24/2026 10:12,Safe,Safe,Safe,Safe
W_002,7/24/2026 10:12,Safe,Safe,Safe,Safe
W_002,7/24/2026 10:12,Safe,Safe,Safe,Safe
W_002,7/24/2026 10:12,Safe,Safe,Safe,Safe
W_002,7/24/2026 10:12,Safe,Safe,Safe,Safe
W_002,7/24/2026 10:12,Safe,Safe,Safe,Safe
W_002,7/24/2026 10:12,Safe,Safe,Safe,Safe
W_002,7/24/2026 10:12,Safe,Safe,Safe,Safe
W_002,7/24/2026 10:12,Safe,Safe,Safe,Safe
W_002,7/24/2026 10:12,Safe,Safe,Safe,Safe
W_002,7/24/2026 10:12,Safe,Safe,Safe,Safe
W_002,7/24/2026 10:12,Safe,Safe,Safe,Safe
W_002,7/24/2026 10:12,Safe,Safe,Safe,Safe
W_002,7/24/2026 10:12,Safe,Safe,Safe,Safe
W_002,7/24/2026 10:12,Safe,Safe,Safe,Safe
W_002,7/24/2026 10:12,Safe,Safe,Safe,Safe
W_002,7/24/2026 10:13,Safe,Safe,Safe,Safe
W_002,7/24/2026 10:13,Safe,Safe,Safe,Safe
W_002,7/24/2026 10:13,Safe,Safe,Safe,Safe
W_002,7/24/2026 10:13,Safe,Safe,Safe,Safe
W_002,7/24/2026 10:13,Safe,Safe,Safe,Safe
W_002,7/24/2026 10:13,Safe,Safe,Safe,Safe
W_002,7/24/2026 10:13,Safe,Safe,Safe,Safe
W_002,7/24/2026 10:13,Safe,Safe,Safe,Safe
W_002,7/24/2026 10:13,Safe,Safe,Safe,Safe
W_002,7/24/2026 10:13,Safe,Safe,Safe,Safe
W_002,7/24/2026 10:13,Safe,Safe,Safe,Safe
W_002,7/24/2026 10:13,Safe,Safe,Safe,Safe
W_002,7/24/2026 10:13,Safe,Safe,Safe,Safe
W_002,7/24/2026 10:13,Safe,Safe,Safe,Safe
W_002,7/24/2026 10:13,Safe,Safe,Safe,Safe
W_002,7/24/2026 10:13,Safe,Safe,Safe,Safe
W_002,7/24/2026 10:13,Safe,Safe,Safe,Safe
W_002,7/24/2026 10:13,Safe,Safe,Safe,Safe
W_002,7/24/2026 10:13,Safe,Safe,Safe,Safe
W_002,7/24/2026 10:13,Safe,Safe,Safe,Safe
W_002,7/24/2026 10:13,Safe,Safe,Safe,Safe
W_002,7/24/2026 10:13,Safe,Safe,Safe,Safe
W_002,7/24/2026 10:13,Safe,Safe,Safe,Safe
W_002,7/24/2026 10:13,Safe,Safe,Safe,Safe
W_002,7/24/2026 10:13,Safe,Safe,Safe,Safe
W_002,7/24/2026 10:13,Safe,Safe,Safe,Safe
W_002,7/24/2026 10:13,Safe,Safe,Safe,Safe
W_002,7/24/2026 10:13,Safe,Safe,Safe,Safe
W_002,7/24/2026 10:13,Safe,Safe,Safe,Safe
W_002,7/24/2026 10:13,Safe,Safe,Safe,Safe
W_002,7/24/2026 10:13,Safe,Safe,Safe,Safe
W_002,7/24/2026 10:13,Safe,Safe,Safe,Safe
W_002,7/24/2026 10:13,Safe,Safe,Safe,Safe
W_002,7/24/2026 10:13,Safe,Safe,Safe,Safe
W_002,7/24/2026 10:13,Safe,Safe,Safe,Safe
W_002,7/24/2026 10:13,Safe,Safe,Safe,Safe
W_002,7/24/2026 10:13,Safe,Safe,Safe,Safe
W_002,7/24/2026 10:13,Safe,Safe,Safe,Safe
W_002,7/24/2026 10:13,Safe,Safe,Safe,Safe
W_002,7/24/2026 10:13,Safe,Safe,Safe,Safe
W_002,7/24/2026 10:13,Safe,Safe,Safe,Safe
W_002,7/24/2026 10:13,Safe,Safe,Safe,Safe
W_002,7/24/2026 10:13,Safe,Safe,Safe,Safe
W_002,7/24/2026 10:13,Safe,Safe,Safe,Safe
W_002,7/24/2026 10:13,Safe,Safe,Safe,Safe
W_002,7/24/2026 10:13,Safe,Safe,Safe,Safe
W_002,7/24/2026 10:13,Safe,Safe,Safe,Safe
W_002,7/24/2026 10:13,Safe,Safe,Safe,Safe
W_002,7/24/2026 10:13,Safe,Safe,Safe,Safe
W_002,7/24/2026 10:13,Safe,Safe,Safe,Safe
W_002,7/24/2026 10:13,Safe,Safe,Safe,Safe
W_002,7/24/2026 10:13,Safe,Safe,Safe,Safe
W_002,7/24/2026 10:13,Safe,Safe,Safe,Safe
W_002,7/24/2026 10:13,Safe,Safe,Safe,Safe
W_002,7/24/2026 10:13,Safe,Safe,Safe,Safe
W_002,7/24/2026 10:13,Safe,Safe,Safe,Safe
W_002,7/24/2026 10:13,Safe,Safe,Safe,Safe
W_002,7/24/2026 10:13,Safe,Safe,Safe,Safe
W_002,7/24/2026 10:13,Safe,Safe,Safe,Safe
W_002,7/24/2026 10:13,Safe,Safe,Safe,Safe
W_002,7/24/2026 10:14,Safe,Safe,Safe,Safe
W_002,7/24/2026 10:14,Safe,Safe,Safe,Safe
W_002,7/24/2026 10:14,Safe,Safe,Safe,Safe
W_002,7/24/2026 10:14,Safe,Safe,Safe,Safe
W_002,7/24/2026 10:14,Safe,Safe,Safe,Safe
W_002,7/24/2026 10:14,Safe,Safe,Safe,Safe
W_002,7/24/2026 10:14,Safe,Safe,Safe,Safe
W_002,7/24/2026 10:14,Safe,Safe,Safe,Safe
W_002,7/24/2026 10:14,Safe,Safe,Safe,Safe
W_002,7/24/2026 10:14,Safe,Safe,Safe,Safe
W_002,7/24/2026 10:14,Safe,Safe,Safe,Safe
W_002,7/24/2026 10:14,Safe,Safe,Safe,Safe
W_002,7/24/2026 10:14,Safe,Safe,Safe,Safe
W_002,7/24/2026 10:14,Safe,Safe,Safe,Safe
W_002,7/24/2026 10:14,Safe,Safe,Safe,Safe
W_002,7/24/2026 10:14,Safe,Safe,Safe,Safe
W_002,7/24/2026 10:14,Safe,Safe,Safe,Safe
W_002,7/24/2026 10:14,Safe,Safe,Safe,Safe
W_002,7/24/2026 10:14,Safe,Safe,Safe,Safe
W_002,7/24/2026 10:14,Safe,Safe,Safe,Safe
W_002,7/24/2026 10:14,Safe,Safe,Safe,Safe
W_002,7/24/2026 10:14,Safe,Safe,Safe,Safe
W_002,7/24/2026 10:14,Safe,Safe,Safe,Safe
W_002,7/24/2026 10:14,Safe,Safe,Safe,Safe
W_002,7/24/2026 10:14,Safe,Safe,Safe,Safe
W_002,7/24/2026 10:14,Safe,Safe,Safe,Safe
W_002,7/24/2026 10:14,Safe,Safe,Safe,Safe
W_002,7/24/2026 10:14,Safe,Safe,Safe,Safe
W_002,7/24/2026 10:14,Safe,Safe,Safe,Safe
W_002,7/24/2026 10:14,Safe,Safe,Safe,Safe
W_002,7/24/2026 10:14,Safe,Safe,Safe,Safe
W_002,7/24/2026 10:14,Safe,Safe,Safe,Safe
W_002,7/24/2026 10:14,Safe,Safe,Safe,Safe
W_002,7/24/2026 10:14,Safe,Safe,Safe,Safe
W_002,7/24/2026 10:14,Safe,Safe,Safe,Safe
W_002,7/24/2026 10:14,Safe,Safe,Safe,Safe
W_002,7/24/2026 10:14,Safe,Safe,Safe,Safe
W_002,7/24/2026 10:14,Safe,Safe,Safe,Safe
W_002,7/24/2026 10:14,Safe,Safe,Safe,Safe
W_002,7/24/2026 10:14,Safe,Safe,Safe,Safe
W_002,7/24/2026 10:14,Safe,Safe,Safe,Safe
W_002,7/24/2026 10:14,Safe,Safe,Safe,Safe
W_002,7/24/2026 10:14,Safe,Safe,Safe,Safe
W_002,7/24/2026 10:14,Safe,Safe,Safe,Safe
W_002,7/24/2026 10:14,Safe,Safe,Safe,Safe
W_002,7/24/2026 10:14,Safe,Safe,Safe,Safe
W_002,7/24/2026 10:14,Safe,Safe,Safe,Safe
W_002,7/24/2026 10:14,Safe,Safe,Safe,Safe
W_002,7/24/2026 10:14,Safe,Safe,Safe,Safe
W_002,7/24/2026 10:14,Safe,Safe,Safe,Safe
W_002,7/24/2026 10:14,Safe,Safe,Safe,Safe
W_002,7/24/2026 10:14,Safe,Safe,Safe,Safe
W_002,7/24/2026 10:14,Safe,Safe,Safe,Safe
W_002,7/24/2026 10:14,Safe,Safe,Safe,Safe
W_002,7/24/2026 10:14,Safe,Safe,Safe,Safe
W_002,7/24/2026 10:14,Safe,Safe,Safe,Safe
W_002,7/24/2026 10:14,Safe,Safe,Safe,Safe
W_002,7/24/2026 10:14,Safe,Safe,Safe,Safe
W_002,7/24/2026 10:14,Safe,Safe,Safe,Safe
W_002,7/24/2026 10:14,Safe,Safe,Safe,Safe
W_002,7/24/2026 10:15,Safe,Safe,Safe,Safe
W_002,7/24/2026 10:15,Safe,Safe,Safe,Safe
W_002,7/24/2026 10:15,Safe,Safe,Safe,Safe
W_002,7/24/2026 10:15,Safe,Safe,Safe,Safe
W_002,7/24/2026 10:15,Safe,Safe,Safe,Safe
W_002,7/24/2026 10:15,Safe,Safe,Safe,Safe
W_002,7/24/2026 10:15,Safe,Safe,Safe,Safe
W_002,7/24/2026 10:15,Safe,Safe,Safe,Safe
W_002,7/24/2026 10:15,Safe,Safe,Safe,Safe
W_002,7/24/2026 10:15,Safe,Safe,Safe,Safe
W_002,7/24/2026 10:15,Safe,Safe,Safe,Safe
W_002,7/24/2026 10:15,Safe,Safe,Safe,Safe
W_002,7/24/2026 10:15,Safe,Safe,Safe,Safe
W_002,7/24/2026 10:15,Safe,Safe,Safe,Safe
W_002,7/24/2026 10:15,Safe,Safe,Safe,Safe
W_002,7/24/2026 10:15,Safe,Safe,Safe,Safe
W_002,7/24/2026 10:15,Safe,Safe,Safe,Safe
W_002,7/24/2026 10:15,Safe,Safe,Safe,Safe
W_002,7/24/2026 10:15,Safe,Safe,Safe,Safe
W_002,7/24/2026 10:15,Safe,Safe,Safe,Safe
W_002,7/24/2026 10:15,Safe,Safe,Safe,Safe
W_002,7/24/2026 10:15,Safe,Safe,Safe,Safe
W_002,7/24/2026 10:15,Safe,Safe,Safe,Safe
W_002,7/24/2026 10:15,Safe,Safe,Safe,Safe
W_002,7/24/2026 10:15,Safe,Safe,Safe,Safe
W_002,7/24/2026 10:15,Safe,Safe,Safe,Safe
W_002,7/24/2026 10:15,Safe,Safe,Safe,Safe
W_002,7/24/2026 10:15,Safe,Safe,Safe,Safe
W_002,7/24/2026 10:15,Safe,Safe,Safe,Safe
W_002,7/24/2026 10:15,Safe,Safe,Safe,Safe
W_002,7/24/2026 10:15,Safe,Safe,Safe,Safe
W_002,7/24/2026 10:15,Safe,Safe,Safe,Safe
W_002,7/24/2026 10:15,Safe,Safe,Safe,Safe
W_002,7/24/2026 10:15,Safe,Safe,Safe,Safe
W_002,7/24/2026 10:15,Safe,Safe,Safe,Safe
W_002,7/24/2026 10:15,Safe,Safe,Safe,Safe
W_002,7/24/2026 10:15,Safe,Safe,Safe,Safe
W_002,7/24/2026 10:15,Safe,Safe,Safe,Safe
W_002,7/24/2026 10:15,Safe,Safe,Safe,Safe
W_002,7/24/2026 10:15,Safe,Safe,Safe,Safe
W_002,7/24/2026 10:15,Safe,Safe,Safe,Safe
W_002,7/24/2026 10:15,Safe,Safe,Safe,Safe
W_002,7/24/2026 10:15,Safe,Safe,Safe,Safe
W_002,7/24/2026 10:15,Safe,Safe,Safe,Safe
W_002,7/24/2026 10:15,Safe,Safe,Safe,Safe
W_002,7/24/2026 10:15,Safe,Safe,Safe,Safe
W_002,7/24/2026 10:15,Safe,Safe,Safe,Safe
W_002,7/24/2026 10:15,Safe,Safe,Safe,Safe
W_002,7/24/2026 10:15,Safe,Safe,Safe,Safe
W_002,7/24/2026 10:15,Safe,Safe,Safe,Safe
W_002,7/24/2026 10:15,Safe,Safe,Safe,Safe
W_002,7/24/2026 10:15,Safe,Safe,Safe,Safe
W_002,7/24/2026 10:15,Safe,Safe,Safe,Safe
W_002,7/24/2026 10:15,Safe,Safe,Safe,Safe
W_002,7/24/2026 10:15,Safe,Safe,Safe,Safe
W_002,7/24/2026 10:15,Safe,Safe,Safe,Safe
W_002,7/24/2026 10:15,Safe,Safe,Safe,Safe
W_002,7/24/2026 10:15,Safe,Safe,Safe,Safe
W_002,7/24/2026 10:15,Safe,Safe,Safe,Safe
W_002,7/24/2026 10:15,Safe,Safe,Safe,Safe
W_002,7/24/2026 10:16,Safe,Safe,Safe,Safe
W_002,7/24/2026 10:16,Safe,Safe,Safe,Safe
W_002,7/24/2026 10:16,Safe,Safe,Safe,Safe
W_002,7/24/2026 10:16,Safe,Safe,Safe,Safe
W_002,7/24/2026 10:16,Safe,Safe,Safe,Safe
W_002,7/24/2026 10:16,Safe,Safe,Safe,Safe
W_002,7/24/2026 10:16,Safe,Safe,Safe,Safe
W_002,7/24/2026 10:16,Safe,Safe,Safe,Safe
W_002,7/24/2026 10:16,Safe,Safe,Safe,Safe
W_002,7/24/2026 10:16,Safe,Safe,Safe,Safe
W_002,7/24/2026 10:16,Safe,Safe,Safe,Safe
W_002,7/24/2026 10:16,Safe,Safe,Safe,Safe
W_002,7/24/2026 10:16,Safe,Safe,Safe,Safe
W_002,7/24/2026 10:16,Safe,Safe,Safe,Safe
W_002,7/24/2026 10:16,Safe,Safe,Safe,Safe
W_002,7/24/2026 10:16,Safe,Safe,Safe,Safe
W_002,7/24/2026 10:16,Safe,Safe,Safe,Safe
W_002,7/24/2026 10:16,Safe,Safe,Safe,Safe
W_002,7/24/2026 10:16,Safe,Safe,Safe,Safe
W_002,7/24/2026 10:16,Safe,Safe,Safe,Safe
W_002,7/24/2026 10:16,Safe,Safe,Safe,Safe
W_002,7/24/2026 10:16,Safe,Safe,Safe,Safe
W_002,7/24/2026 10:16,Safe,Safe,Safe,Safe
W_002,7/24/2026 10:16,Safe,Safe,Safe,Safe
W_002,7/24/2026 10:16,Safe,Safe,Safe,Safe
W_002,7/24/2026 10:16,Safe,Safe,Safe,Safe
W_002,7/24/2026 10:16,Safe,Safe,Safe,Safe
W_002,7/24/2026 10:16,Safe,Safe,Safe,Safe
W_002,7/24/2026 10:16,Safe,Safe,Safe,Safe
W_002,7/24/2026 10:16,Safe,Safe,Safe,Safe
W_002,7/24/2026 10:16,Safe,Safe,Safe,Safe
W_002,7/24/2026 10:16,Safe,Safe,Safe,Safe
W_002,7/24/2026 10:16,Safe,Safe,Safe,Safe
W_002,7/24/2026 10:16,Safe,Safe,Safe,Safe
W_002,7/24/2026 10:16,Safe,Safe,Safe,Safe
W_002,7/24/2026 10:16,Safe,Safe,Safe,Safe
W_002,7/24/2026 10:16,Safe,Safe,Safe,Safe
W_002,7/24/2026 10:16,Safe,Safe,Safe,Safe
W_002,7/24/2026 10:16,Safe,Safe,Safe,Safe
W_002,7/24/2026 10:16,Safe,Safe,Safe,Safe
W_002,7/24/2026 10:16,Safe,Safe,Safe,Safe
W_002,7/24/2026 10:16,Safe,Safe,Safe,Safe
W_002,7/24/2026 10:16,Safe,Safe,Safe,Safe
W_002,7/24/2026 10:16,Safe,Safe,Safe,Safe
W_002,7/24/2026 10:16,Safe,Safe,Safe,Safe
W_002,7/24/2026 10:16,Safe,Safe,Safe,Safe
W_002,7/24/2026 10:16,Safe,Safe,Safe,Safe
W_002,7/24/2026 10:16,Safe,Safe,Safe,Safe
W_002,7/24/2026 10:16,Safe,Safe,Safe,Safe
W_002,7/24/2026 10:16,Safe,Safe,Safe,Safe
W_002,7/24/2026 10:16,Safe,Safe,Safe,Safe
W_002,7/24/2026 10:16,Safe,Safe,Safe,Safe
W_002,7/24/2026 10:16,Safe,Safe,Safe,Safe
W_002,7/24/2026 10:16,Safe,Safe,Safe,Safe
W_002,7/24/2026 10:16,Safe,Safe,Safe,Safe
W_002,7/24/2026 10:16,Safe,Safe,Safe,Safe
W_002,7/24/2026 10:16,Safe,Safe,Safe,Safe
W_002,7/24/2026 10:16,Safe,Safe,Safe,Safe
W_002,7/24/2026 10:16,Safe,Safe,Safe,Safe
W_002,7/24/2026 10:16,Safe,Safe,Safe,Safe
W_002,7/24/2026 10:17,Safe,Safe,Safe,Safe
W_002,7/24/2026 10:17,Safe,Safe,Safe,Safe
W_002,7/24/2026 10:17,Safe,Safe,Safe,Safe
W_002,7/24/2026 10:17,Safe,Safe,Safe,Safe
W_002,7/24/2026 10:17,Safe,Safe,Safe,Safe
W_002,7/24/2026 10:17,Safe,Safe,Safe,Safe
W_002,7/24/2026 10:17,Safe,Safe,Safe,Warning
W_002,7/24/2026 10:17,Safe,Safe,Safe,Safe
W_002,7/24/2026 10:17,Safe,Safe,Safe,Safe
W_002,7/24/2026 10:17,Safe,Safe,Safe,Safe
W_002,7/24/2026 10:17,Safe,Safe,Safe,Safe
W_002,7/24/2026 10:17,Safe,Safe,Safe,Safe
W_002,7/24/2026 10:17,Safe,Safe,Safe,Safe
W_002,7/24/2026 10:17,Safe,Safe,Safe,Warning
W_002,7/24/2026 10:17,Safe,Safe,Safe,Warning
W_002,7/24/2026 10:17,Safe,Safe,Safe,Safe
W_002,7/24/2026 10:17,Safe,Safe,Safe,Safe
W_002,7/24/2026 10:17,Safe,Safe,Safe,Warning
W_002,7/24/2026 10:17,Safe,Safe,Safe,Warning
W_002,7/24/2026 10:17,Safe,Safe,Safe,Warning
W_002,7/24/2026 10:17,Safe,Safe,Safe,Safe
W_002,7/24/2026 10:17,Safe,Safe,Safe,Warning
W_002,7/24/2026 10:17,Safe,Safe,Safe,Safe
W_002,7/24/2026 10:17,Safe,Safe,Safe,Warning
W_002,7/24/2026 10:17,Safe,Safe,Safe,Warning
W_002,7/24/2026 10:17,Safe,Safe,Safe,Warning
W_002,7/24/2026 10:17,Safe,Safe,Safe,Warning
W_002,7/24/2026 10:17,Safe,Safe,Safe,Warning
W_002,7/24/2026 10:17,Safe,Safe,Safe,Warning
W_002,7/24/2026 10:17,Safe,Safe,Safe,Warning
W_002,7/24/2026 10:17,Safe,Safe,Safe,Warning
W_002,7/24/2026 10:17,Safe,Safe,Safe,Warning
W_002,7/24/2026 10:17,Safe,Safe,Safe,Warning
W_002,7/24/2026 10:17,Safe,Safe,Safe,Warning
W_002,7/24/2026 10:17,Safe,Safe,Safe,Warning
W_002,7/24/2026 10:17,Safe,Safe,Safe,Warning
W_002,7/24/2026 10:17,Safe,Safe,Safe,Warning
W_002,7/24/2026 10:17,Safe,Safe,Safe,Warning
W_002,7/24/2026 10:17,Safe,Safe,Safe,Warning
W_002,7/24/2026 10:17,Safe,Safe,Safe,Warning
W_002,7/24/2026 10:17,Safe,Safe,Safe,Warning
W_002,7/24/2026 10:17,Safe,Safe,Safe,Warning
W_002,7/24/2026 10:17,Safe,Safe,Safe,Warning
W_002,7/24/2026 10:17,Safe,Safe,Safe,Warning
W_002,7/24/2026 10:17,Safe,Safe,Safe,Warning
W_002,7/24/2026 10:17,Safe,Safe,Safe,Warning
W_002,7/24/2026 10:17,Safe,Safe,Safe,Warning
W_002,7/24/2026 10:17,Safe,Safe,Safe,Warning
W_002,7/24/2026 10:17,Safe,Safe,Safe,Warning
W_002,7/24/2026 10:17,Safe,Safe,Safe,Warning
W_002,7/24/2026 10:17,Safe,Safe,Safe,Warning
W_002,7/24/2026 10:17,Safe,Safe,Safe,Warning
W_002,7/24/2026 10:17,Safe,Safe,Safe,Warning
W_002,7/24/2026 10:17,Safe,Safe,Safe,Warning
W_002,7/24/2026 10:17,Safe,Safe,Safe,Warning
W_002,7/24/2026 10:17,Safe,Safe,Safe,Safe
W_002,7/24/2026 10:17,Safe,Safe,Safe,Safe
W_002,7/24/2026 10:17,Safe,Safe,Safe,Warning
W_002,7/24/2026 10:17,Safe,Safe,Safe,Safe
W_002,7/24/2026 10:17,Safe,Safe,Safe,Warning
W_002,7/24/2026 10:18,Safe,Safe,Safe,Safe
W_002,7/24/2026 10:18,Safe,Safe,Safe,Safe
W_002,7/24/2026 10:18,Safe,Safe,Safe,Safe
W_002,7/24/2026 10:18,Safe,Safe,Safe,Safe
W_002,7/24/2026 10:18,Safe,Safe,Safe,Safe
W_002,7/24/2026 10:18,Safe,Safe,Safe,Safe
W_002,7/24/2026 10:18,Safe,Safe,Safe,Safe
W_002,7/24/2026 10:18,Safe,Safe,Safe,Safe
W_002,7/24/2026 10:18,Safe,Safe,Safe,Safe
W_002,7/24/2026 10:18,Safe,Safe,Safe,Safe
W_002,7/24/2026 10:18,Safe,Safe,Safe,Safe
W_002,7/24/2026 10:18,Safe,Safe,Safe,Safe
W_002,7/24/2026 10:18,Safe,Safe,Safe,Safe
W_002,7/24/2026 10:18,Safe,Safe,Safe,Safe
W_002,7/24/2026 10:18,Safe,Safe,Safe,Safe
W_002,7/24/2026 10:18,Safe,Safe,Safe,Safe
W_002,7/24/2026 10:18,Safe,Safe,Safe,Safe
W_002,7/24/2026 10:18,Safe,Safe,Safe,Safe
W_002,7/24/2026 10:18,Safe,Safe,Safe,Safe
W_002,7/24/2026 10:18,Safe,Safe,Safe,Safe
W_002,7/24/2026 10:18,Safe,Safe,Safe,Safe
W_002,7/24/2026 10:18,Safe,Safe,Safe,Safe
W_002,7/24/2026 10:18,Safe,Safe,Safe,Safe
W_002,7/24/2026 10:18,Safe,Safe,Safe,Safe
W_002,7/24/2026 10:18,Safe,Safe,Safe,Safe
W_002,7/24/2026 10:18,Safe,Safe,Safe,Safe
W_002,7/24/2026 10:18,Safe,Safe,Safe,Safe
W_002,7/24/2026 10:18,Safe,Safe,Safe,Safe
W_002,7/24/2026 10:18,Safe,Safe,Safe,Safe
W_002,7/24/2026 10:18,Safe,Safe,Safe,Safe
W_002,7/24/2026 10:18,Safe,Safe,Safe,Safe
W_002,7/24/2026 10:18,Safe,Safe,Safe,Safe
W_002,7/24/2026 10:18,Safe,Safe,Safe,Safe
W_002,7/24/2026 10:18,Safe,Safe,Safe,Safe
W_002,7/24/2026 10:18,Safe,Safe,Safe,Safe
W_002,7/24/2026 10:18,Safe,Safe,Safe,Safe
W_002,7/24/2026 10:18,Safe,Safe,Safe,Safe
W_002,7/24/2026 10:18,Safe,Safe,Safe,Safe
W_002,7/24/2026 10:18,Safe,Safe,Safe,Warning
W_002,7/24/2026 10:18,Safe,Safe,Safe,Warning
W_002,7/24/2026 10:18,Safe,Safe,Safe,Safe
W_002,7/24/2026 10:18,Safe,Safe,Safe,Safe
W_002,7/24/2026 10:18,Safe,Safe,Safe,Safe
W_002,7/24/2026 10:18,Safe,Safe,Safe,Safe
W_002,7/24/2026 10:18,Safe,Safe,Safe,Safe
W_002,7/24/2026 10:18,Safe,Safe,Safe,Warning
W_002,7/24/2026 10:18,Safe,Safe,Safe,Safe
W_002,7/24/2026 10:18,Safe,Safe,Safe,Warning
W_002,7/24/2026 10:18,Safe,Safe,Safe,Warning
W_002,7/24/2026 10:18,Safe,Safe,Safe,Safe
W_002,7/24/2026 10:18,Safe,Safe,Safe,Safe
W_002,7/24/2026 10:18,Safe,Safe,Safe,Safe
W_002,7/24/2026 10:18,Safe,Safe,Safe,Safe
W_002,7/24/2026 10:18,Safe,Safe,Safe,Safe
W_002,7/24/2026 10:18,Safe,Safe,Safe,Safe
W_002,7/24/2026 10:18,Safe,Safe,Safe,Warning
W_002,7/24/2026 10:18,Safe,Safe,Safe,Safe
W_002,7/24/2026 10:18,Safe,Safe,Safe,Safe
W_002,7/24/2026 10:18,Safe,Safe,Safe,Safe
W_002,7/24/2026 10:18,Safe,Safe,Safe,Safe
W_002,7/24/2026 10:19,Safe,Safe,Safe,Safe
W_002,7/24/2026 10:19,Safe,Safe,Safe,Safe
W_002,7/24/2026 10:19,Safe,Safe,Safe,Safe
W_002,7/24/2026 10:19,Safe,Safe,Safe,Safe
W_002,7/24/2026 10:19,Safe,Safe,Safe,Safe
W_002,7/24/2026 10:19,Safe,Safe,Safe,Safe
W_002,7/24/2026 10:19,Safe,Safe,Safe,Safe
W_002,7/24/2026 10:19,Safe,Safe,Safe,Safe
W_002,7/24/2026 10:19,Safe,Safe,Safe,Warning
W_002,7/24/2026 10:19,Safe,Safe,Safe,Safe
W_002,7/24/2026 10:19,Safe,Safe,Safe,Safe
W_002,7/24/2026 10:19,Safe,Safe,Safe,Safe
W_002,7/24/2026 10:19,Safe,Safe,Safe,Warning
W_002,7/24/2026 10:19,Safe,Safe,Safe,Warning
W_002,7/24/2026 10:19,Safe,Safe,Safe,Warning
W_002,7/24/2026 10:19,Safe,Safe,Safe,Safe
W_002,7/24/2026 10:19,Safe,Safe,Safe,Safe
W_002,7/24/2026 10:19,Safe,Safe,Safe,Warning
W_002,7/24/2026 10:19,Safe,Safe,Safe,Safe
W_002,7/24/2026 10:19,Safe,Safe,Safe,Safe
W_002,7/24/2026 10:19,Safe,Safe,Safe,Safe
W_002,7/24/2026 10:19,Safe,Safe,Safe,Safe
W_002,7/24/2026 10:19,Safe,Safe,Safe,Safe
W_002,7/24/2026 10:19,Safe,Safe,Safe,Safe
W_002,7/24/2026 10:19,Safe,Safe,Safe,Safe
W_002,7/24/2026 10:19,Safe,Safe,Safe,Safe
W_002,7/24/2026 10:19,Safe,Safe,Safe,Safe
W_002,7/24/2026 10:19,Safe,Safe,Safe,Safe
W_002,7/24/2026 10:19,Safe,Safe,Safe,Safe
W_002,7/24/2026 10:19,Safe,Safe,Safe,Safe
W_002,7/24/2026 10:19,Safe,Safe,Safe,Warning
W_002,7/24/2026 10:19,Safe,Safe,Safe,Warning
W_002,7/24/2026 10:19,Safe,Safe,Safe,Warning
W_002,7/24/2026 10:19,Safe,Safe,Safe,Warning
W_002,7/24/2026 10:19,Safe,Safe,Safe,Warning
W_002,7/24/2026 10:19,Safe,Safe,Safe,Safe
W_002,7/24/2026 10:19,Safe,Safe,Safe,Warning
W_002,7/24/2026 10:19,Safe,Safe,Safe,Warning
W_002,7/24/2026 10:19,Safe,Safe,Safe,Warning
W_002,7/24/2026 10:19,Safe,Safe,Safe,Warning
W_002,7/24/2026 10:19,Safe,Safe,Safe,Warning
W_002,7/24/2026 10:19,Safe,Safe,Safe,Warning
W_002,7/24/2026 10:19,Safe,Safe,Safe,Safe
W_002,7/24/2026 10:19,Safe,Safe,Safe,Warning
W_002,7/24/2026 10:19,Safe,Safe,Safe,Safe
W_002,7/24/2026 10:19,Safe,Safe,Safe,Safe
W_002,7/24/2026 10:19,Safe,Safe,Safe,Warning
W_002,7/24/2026 10:19,Safe,Safe,Safe,Safe
W_002,7/24/2026 10:19,Safe,Safe,Safe,Safe
W_002,7/24/2026 10:19,Safe,Safe,Safe,Safe
W_002,7/24/2026 10:19,Safe,Safe,Safe,Safe
W_002,7/24/2026 10:19,Safe,Safe,Safe,Safe
W_002,7/24/2026 10:19,Safe,Safe,Safe,Safe
W_002,7/24/2026 10:19,Safe,Safe,Safe,Safe
W_002,7/24/2026 10:19,Safe,Safe,Safe,Safe
W_002,7/24/2026 10:19,Safe,Safe,Safe,Safe
W_002,7/24/2026 10:19,Safe,Safe,Safe,Safe
W_002,7/24/2026 10:20,Safe,Safe,Safe,Safe
W_002,7/24/2026 10:20,Safe,Safe,Safe,Safe
W_002,7/24/2026 10:20,Safe,Safe,Safe,Safe
W_002,7/24/2026 10:20,Safe,Safe,Safe,Safe
W_002,7/24/2026 10:20,Safe,Safe,Safe,Safe
W_002,7/24/2026 10:20,Safe,Safe,Safe,Safe
W_002,7/24/2026 10:20,Safe,Safe,Safe,Safe
W_002,7/24/2026 10:20,Safe,Safe,Safe,Safe
W_002,7/24/2026 10:20,Safe,Safe,Safe,Safe
W_002,7/24/2026 10:20,Safe,Safe,Safe,Safe
W_002,7/24/2026 10:20,Safe,Safe,Safe,Safe
W_002,7/24/2026 10:20,Safe,Safe,Safe,Safe
W_002,7/24/2026 10:20,Safe,Safe,Safe,Safe
W_002,7/24/2026 10:20,Safe,Safe,Safe,Safe
W_002,7/24/2026 10:20,Safe,Safe,Safe,Safe
W_002,7/24/2026 10:20,Safe,Safe,Safe,Safe
W_002,7/24/2026 10:20,Safe,Safe,Safe,Safe
W_002,7/24/2026 10:20,Safe,Safe,Safe,Warning
W_002,7/24/2026 10:20,Safe,Safe,Safe,Safe
W_002,7/24/2026 10:20,Safe,Safe,Safe,Safe
W_002,7/24/2026 10:20,Safe,Safe,Safe,Warning
W_002,7/24/2026 10:20,Safe,Safe,Safe,Safe
W_002,7/24/2026 10:20,Safe,Safe,Safe,Warning
W_002,7/24/2026 10:20,Safe,Safe,Safe,Warning
W_002,7/24/2026 10:20,Safe,Safe,Safe,Warning
W_002,7/24/2026 10:20,Safe,Safe,Safe,Warning
W_002,7/24/2026 10:20,Safe,Safe,Safe,Warning
W_002,7/24/2026 10:20,Safe,Safe,Safe,Warning
W_002,7/24/2026 10:20,Safe,Safe,Safe,Warning
W_002,7/24/2026 10:20,Safe,Safe,Safe,Warning
W_002,7/24/2026 10:20,Safe,Safe,Safe,Warning
W_002,7/24/2026 10:20,Safe,Safe,Safe,Warning
W_002,7/24/2026 10:20,Safe,Safe,Safe,Safe
W_002,7/24/2026 10:20,Safe,Safe,Safe,Warning
W_002,7/24/2026 10:20,Safe,Safe,Safe,Warning
W_002,7/24/2026 10:20,Safe,Safe,Safe,Warning
W_002,7/24/2026 10:20,Safe,Safe,Safe,Safe
W_002,7/24/2026 10:20,Safe,Safe,Safe,Safe
W_002,7/24/2026 10:20,Safe,Safe,Safe,Safe
W_002,7/24/2026 10:20,Safe,Safe,Safe,Safe
W_002,7/24/2026 10:20,Safe,Safe,Safe,Warning
W_002,7/24/2026 10:20,Safe,Safe,Safe,Warning
W_002,7/24/2026 10:20,Safe,Safe,Safe,Warning
W_002,7/24/2026 10:20,Safe,Safe,Safe,Warning
W_002,7/24/2026 10:20,Safe,Critical,Safe,Warning
W_002,7/24/2026 10:20,Safe,Safe,Safe,Safe
W_002,7/24/2026 10:20,Safe,Safe,Safe,Safe
W_002,7/24/2026 10:20,Warning,Critical,Safe,Warning
W_002,7/24/2026 10:20,Warning,Safe,Safe,Safe
W_002,7/24/2026 10:20,Warning,Critical,Safe,Safe
W_002,7/24/2026 10:20,Warning,Critical,Safe,Warning
W_002,7/24/2026 10:20,Warning,Critical,Safe,Safe
W_002,7/24/2026 10:20,Warning,Critical,Warning,Warning
W_002,7/24/2026 10:20,Warning,Critical,Safe,Warning
W_002,7/24/2026 10:20,Warning,Critical,Safe,Warning
W_002,7/24/2026 10:20,Warning,Critical,Safe,Warning
W_002,7/24/2026 10:20,Warning,Critical,Safe,Warning
W_002,7/24/2026 10:20,Warning,Critical,Safe,Warning
W_002,7/24/2026 10:20,Warning,Critical,Warning,Warning
W_002,7/24/2026 10:20,Warning,Critical,Warning,Warning
W_002,7/24/2026 10:21,Warning,Critical,Warning,Warning
W_002,7/24/2026 10:21,Warning,Critical,Warning,Warning
W_002,7/24/2026 10:21,Warning,Critical,Warning,Warning
W_002,7/24/2026 10:21,Warning,Critical,Warning,Warning
W_002,7/24/2026 10:21,Warning,Critical,Warning,Warning
W_002,7/24/2026 10:21,Warning,Critical,Warning,Warning
W_002,7/24/2026 10:21,Warning,Critical,Warning,Warning
W_002,7/24/2026 10:21,Warning,Critical,Warning,Warning
W_002,7/24/2026 10:21,Warning,Critical,Warning,Safe
W_002,7/24/2026 10:21,Warning,Critical,Warning,Warning
W_002,7/24/2026 10:21,Warning,Critical,Warning,Warning
W_002,7/24/2026 10:21,Warning,Critical,Warning,Warning
W_002,7/24/2026 10:21,Warning,Critical,Warning,Warning
W_002,7/24/2026 10:21,Warning,Critical,Warning,Warning
W_002,7/24/2026 10:21,Warning,Critical,Warning,Safe
W_002,7/24/2026 10:21,Warning,Critical,Warning,Warning
W_002,7/24/2026 10:21,Warning,Critical,Warning,Safe
W_002,7/24/2026 10:21,Warning,Critical,Warning,Safe
W_002,7/24/2026 10:21,Warning,Critical,Warning,Safe
W_002,7/24/2026 10:21,Warning,Critical,Warning,Safe
W_002,7/24/2026 10:21,Warning,Critical,Warning,Warning
W_002,7/24/2026 10:21,Warning,Critical,Warning,Warning
W_002,7/24/2026 10:21,Warning,Critical,Warning,Safe
W_002,7/24/2026 10:21,Warning,Critical,Warning,Safe
W_002,7/24/2026 10:21,Warning,Critical,Warning,Safe
W_002,7/24/2026 10:21,Warning,Critical,Warning,Safe
W_002,7/24/2026 10:21,Warning,Critical,Warning,Safe
W_002,7/24/2026 10:21,Warning,Critical,Warning,Safe
W_002,7/24/2026 10:21,Warning,Critical,Warning,Safe
W_002,7/24/2026 10:21,Warning,Critical,Warning,Warning
W_002,7/24/2026 10:21,Warning,Critical,Warning,Warning
W_002,7/24/2026 10:21,Warning,Critical,Warning,Warning
W_002,7/24/2026 10:21,Warning,Critical,Warning,Warning
W_002,7/24/2026 10:21,Warning,Critical,Warning,Warning
W_002,7/24/2026 10:21,Warning,Critical,Warning,Warning
W_002,7/24/2026 10:21,Warning,Critical,Warning,Warning
W_002,7/24/2026 10:21,Warning,Critical,Warning,Safe
W_002,7/24/2026 10:21,Warning,Critical,Warning,Warning
W_002,7/24/2026 10:21,Warning,Critical,Warning,Warning
W_002,7/24/2026 10:21,Warning,Critical,Warning,Warning
W_002,7/24/2026 10:21,Warning,Critical,Warning,Warning
W_002,7/24/2026 10:21,Warning,Critical,Warning,Safe
W_002,7/24/2026 10:21,Warning,Critical,Warning,Warning
W_002,7/24/2026 10:21,Warning,Critical,Warning,Safe
W_002,7/24/2026 10:21,Warning,Critical,Warning,Warning
W_002,7/24/2026 10:21,Warning,Critical,Warning,Warning
W_002,7/24/2026 10:21,Warning,Critical,Warning,Warning
W_002,7/24/2026 10:21,Warning,Critical,Warning,Warning
W_002,7/24/2026 10:21,Warning,Critical,Warning,Warning
W_002,7/24/2026 10:21,Warning,Critical,Warning,Warning
W_002,7/24/2026 10:21,Warning,Critical,Warning,Warning
W_002,7/24/2026 10:21,Warning,Critical,Warning,Warning
W_002,7/24/2026 10:21,Warning,Critical,Warning,Warning
W_002,7/24/2026 10:21,Warning,Critical,Warning,Warning
W_002,7/24/2026 10:21,Warning,Critical,Warning,Warning
W_002,7/24/2026 10:21,Warning,Critical,Warning,Warning
W_002,7/24/2026 10:21,Warning,Critical,Warning,Warning
W_002,7/24/2026 10:21,Warning,Critical,Warning,Warning
W_002,7/24/2026 10:21,Warning,Critical,Warning,Warning
W_002,7/24/2026 10:21,Warning,Critical,Warning,Warning
W_002,7/24/2026 10:22,Warning,Critical,Warning,Warning
W_002,7/24/2026 10:22,Warning,Critical,Warning,Warning
W_002,7/24/2026 10:22,Warning,Critical,Warning,Warning
W_002,7/24/2026 10:22,Warning,Critical,Warning,Warning
W_002,7/24/2026 10:22,Warning,Critical,Warning,Warning
W_002,7/24/2026 10:22,Warning,Critical,Warning,Warning
W_002,7/24/2026 10:22,Warning,Critical,Warning,Warning
W_002,7/24/2026 10:22,Warning,Critical,Warning,Warning
W_002,7/24/2026 10:22,Warning,Critical,Warning,Warning
W_002,7/24/2026 10:22,Warning,Critical,Warning,Warning
W_002,7/24/2026 10:22,Warning,Critical,Warning,Warning
W_002,7/24/2026 10:22,Warning,Critical,Warning,Warning
W_002,7/24/2026 10:22,Warning,Critical,Warning,Warning
W_002,7/24/2026 10:22,Warning,Critical,Warning,Warning
W_002,7/24/2026 10:22,Warning,Critical,Warning,Warning
W_002,7/24/2026 10:22,Warning,Critical,Warning,Warning
W_002,7/24/2026 10:22,Warning,Critical,Warning,Warning
W_002,7/24/2026 10:22,Warning,Critical,Warning,Warning
W_002,7/24/2026 10:22,Warning,Critical,Warning,Warning
W_002,7/24/2026 10:22,Warning,Critical,Warning,Warning
W_002,7/24/2026 10:22,Warning,Critical,Warning,Warning
W_002,7/24/2026 10:22,Warning,Critical,Warning,Warning
W_002,7/24/2026 10:22,Warning,Critical,Warning,Warning
W_002,7/24/2026 10:22,Warning,Critical,Warning,Warning
W_002,7/24/2026 10:22,Warning,Critical,Warning,Warning
W_002,7/24/2026 10:22,Warning,Critical,Warning,Warning
W_002,7/24/2026 10:22,Warning,Critical,Warning,Warning
W_002,7/24/2026 10:22,Warning,Critical,Warning,Warning
W_002,7/24/2026 10:22,Warning,Critical,Warning,Warning
W_002,7/24/2026 10:22,Warning,Critical,Warning,Warning
W_002,7/24/2026 10:22,Warning,Critical,Warning,Warning
W_002,7/24/2026 10:22,Warning,Critical,Warning,Warning
W_002,7/24/2026 10:22,Warning,Critical,Warning,Warning
W_002,7/24/2026 10:22,Warning,Critical,Warning,Warning
W_002,7/24/2026 10:22,Warning,Critical,Warning,Warning
W_002,7/24/2026 10:22,Warning,Critical,Warning,Warning
W_002,7/24/2026 10:22,Warning,Critical,Warning,Warning
W_002,7/24/2026 10:22,Warning,Critical,Warning,Warning
W_002,7/24/2026 10:22,Warning,Critical,Warning,Warning
W_002,7/24/2026 10:22,Warning,Critical,Warning,Warning
W_002,7/24/2026 10:22,Warning,Critical,Warning,Warning
W_002,7/24/2026 10:22,Warning,Critical,Warning,Warning
W_002,7/24/2026 10:22,Warning,Critical,Warning,Warning
W_002,7/24/2026 10:22,Warning,Critical,Warning,Warning
W_002,7/24/2026 10:22,Warning,Critical,Warning,Warning
W_002,7/24/2026 10:22,Warning,Critical,Warning,Warning
W_002,7/24/2026 10:22,Warning,Critical,Warning,Warning
W_002,7/24/2026 10:22,Warning,Critical,Warning,Warning
W_002,7/24/2026 10:22,Warning,Critical,Warning,Warning
W_002,7/24/2026 10:22,Warning,Critical,Warning,Warning
W_002,7/24/2026 10:22,Warning,Critical,Warning,Warning
W_002,7/24/2026 10:22,Warning,Critical,Warning,Warning
W_002,7/24/2026 10:22,Warning,Critical,Warning,Warning
W_002,7/24/2026 10:22,Warning,Critical,Warning,Warning
W_002,7/24/2026 10:22,Warning,Critical,Warning,Warning
W_002,7/24/2026 10:22,Warning,Critical,Warning,Warning
W_002,7/24/2026 10:22,Warning,Critical,Warning,Warning
W_002,7/24/2026 10:22,Warning,Critical,Warning,Warning
W_002,7/24/2026 10:22,Warning,Critical,Warning,Warning
W_002,7/24/2026 10:22,Warning,Critical,Warning,Warning
W_002,7/24/2026 10:23,Warning,Critical,Warning,Warning
W_002,7/24/2026 10:23,Warning,Critical,Warning,Warning
W_002,7/24/2026 10:23,Warning,Critical,Warning,Warning
W_002,7/24/2026 10:23,Warning,Critical,Warning,Warning
W_002,7/24/2026 10:23,Warning,Critical,Warning,Warning
W_002,7/24/2026 10:23,Warning,Critical,Warning,Warning
W_002,7/24/2026 10:23,Warning,Critical,Warning,Warning
W_002,7/24/2026 10:23,Warning,Critical,Warning,Warning
W_002,7/24/2026 10:23,Warning,Critical,Warning,Warning
W_002,7/24/2026 10:23,Warning,Critical,Warning,Warning
W_002,7/24/2026 10:23,Warning,Critical,Warning,Warning
W_002,7/24/2026 10:23,Warning,Critical,Warning,Warning
W_002,7/24/2026 10:23,Warning,Critical,Warning,Warning
W_002,7/24/2026 10:23,Warning,Critical,Warning,Warning
W_002,7/24/2026 10:23,Warning,Critical,Warning,Warning
W_002,7/24/2026 10:23,Warning,Critical,Warning,Warning
W_002,7/24/2026 10:23,Warning,Critical,Warning,Warning
W_002,7/24/2026 10:23,Warning,Critical,Warning,Warning
W_002,7/24/2026 10:23,Warning,Critical,Warning,Warning
W_002,7/24/2026 10:23,Warning,Critical,Warning,Warning
W_002,7/24/2026 10:23,Warning,Critical,Warning,Warning
W_002,7/24/2026 10:23,Warning,Critical,Warning,Warning
W_002,7/24/2026 10:23,Warning,Critical,Warning,Warning
W_002,7/24/2026 10:23,Warning,Critical,Warning,Warning
W_002,7/24/2026 10:23,Warning,Critical,Warning,Warning
W_002,7/24/2026 10:23,Warning,Critical,Warning,Warning
W_002,7/24/2026 10:23,Warning,Critical,Warning,Warning
W_002,7/24/2026 10:23,Warning,Critical,Warning,Warning
W_002,7/24/2026 10:23,Warning,Critical,Warning,Warning
W_002,7/24/2026 10:23,Warning,Critical,Warning,Warning
W_002,7/24/2026 10:23,Warning,Critical,Warning,Warning
W_002,7/24/2026 10:23,Warning,Critical,Warning,Warning
W_002,7/24/2026 10:23,Critical,Critical,Warning,Warning
W_002,7/24/2026 10:23,Critical,Critical,Warning,Warning
W_002,7/24/2026 10:23,Critical,Critical,Warning,Warning
W_002,7/24/2026 10:23,Critical,Critical,Warning,Warning
W_002,7/24/2026 10:23,Critical,Critical,Warning,Warning
W_002,7/24/2026 10:23,Critical,Critical,Warning,Warning
W_002,7/24/2026 10:23,Critical,Critical,Warning,Warning
W_002,7/24/2026 10:23,Critical,Critical,Warning,Warning
W_002,7/24/2026 10:23,Critical,Critical,Warning,Warning
W_002,7/24/2026 10:23,Critical,Critical,Warning,Warning
W_002,7/24/2026 10:23,Critical,Critical,Warning,Warning
W_002,7/24/2026 10:23,Critical,Critical,Warning,Warning
W_002,7/24/2026 10:23,Critical,Critical,Warning,Warning
W_002,7/24/2026 10:23,Critical,Critical,Warning,Warning
W_002,7/24/2026 10:23,Critical,Critical,Warning,Warning
W_002,7/24/2026 10:23,Critical,Critical,Warning,Warning
W_002,7/24/2026 10:23,Critical,Critical,Warning,Warning
W_002,7/24/2026 10:23,Critical,Critical,Warning,Warning
W_002,7/24/2026 10:23,Critical,Critical,Warning,Warning
W_002,7/24/2026 10:23,Critical,Critical,Warning,Warning
W_002,7/24/2026 10:23,Critical,Critical,Warning,Warning
W_002,7/24/2026 10:23,Critical,Critical,Warning,Warning
W_002,7/24/2026 10:23,Critical,Critical,Warning,Warning
W_002,7/24/2026 10:23,Critical,Critical,Warning,Warning
W_002,7/24/2026 10:23,Critical,Critical,Warning,Warning
W_002,7/24/2026 10:23,Critical,Critical,Warning,Warning
W_002,7/24/2026 10:23,Critical,Critical,Warning,Warning
W_002,7/24/2026 10:23,Critical,Critical,Warning,Warning
W_002,7/24/2026 10:24,Critical,Critical,Warning,Warning
W_002,7/24/2026 10:24,Critical,Critical,Warning,Warning
W_002,7/24/2026 10:24,Critical,Critical,Warning,Warning
W_002,7/24/2026 10:24,Critical,Critical,Warning,Warning
W_002,7/24/2026 10:24,Critical,Critical,Warning,Warning
W_002,7/24/2026 10:24,Warning,Critical,Warning,Warning
W_002,7/24/2026 10:24,Warning,Critical,Warning,Warning
W_002,7/24/2026 10:24,Warning,Critical,Warning,Warning
W_002,7/24/2026 10:24,Warning,Critical,Warning,Warning
W_002,7/24/2026 10:24,Warning,Critical,Warning,Warning
W_002,7/24/2026 10:24,Warning,Critical,Warning,Warning
W_002,7/24/2026 10:24,Warning,Critical,Warning,Warning
W_002,7/24/2026 10:24,Warning,Critical,Warning,Warning
W_002,7/24/2026 10:24,Warning,Critical,Warning,Warning
W_002,7/24/2026 10:24,Warning,Critical,Warning,Warning
W_002,7/24/2026 10:24,Warning,Critical,Warning,Warning
W_002,7/24/2026 10:24,Warning,Critical,Warning,Warning
W_002,7/24/2026 10:24,Warning,Critical,Warning,Warning
W_002,7/24/2026 10:24,Warning,Critical,Warning,Warning
W_002,7/24/2026 10:24,Warning,Critical,Warning,Warning
W_002,7/24/2026 10:24,Warning,Critical,Warning,Warning
W_002,7/24/2026 10:24,Warning,Critical,Warning,Warning
W_002,7/24/2026 10:24,Warning,Critical,Warning,Warning
W_002,7/24/2026 10:24,Warning,Critical,Warning,Warning
W_002,7/24/2026 10:24,Warning,Critical,Warning,Warning
W_002,7/24/2026 10:24,Warning,Critical,Warning,Warning
W_002,7/24/2026 10:24,Warning,Critical,Warning,Warning
W_002,7/24/2026 10:24,Warning,Critical,Warning,Warning
W_002,7/24/2026 10:24,Warning,Critical,Warning,Warning
W_002,7/24/2026 10:24,Warning,Critical,Warning,Warning
W_002,7/24/2026 10:24,Warning,Critical,Warning,Warning
W_002,7/24/2026 10:24,Warning,Critical,Warning,Warning
W_002,7/24/2026 10:24,Warning,Critical,Warning,Warning
W_002,7/24/2026 10:24,Warning,Critical,Warning,Warning
W_002,7/24/2026 10:24,Warning,Critical,Warning,Warning
W_002,7/24/2026 10:24,Warning,Critical,Warning,Warning
W_002,7/24/2026 10:24,Warning,Critical,Warning,Warning
W_002,7/24/2026 10:24,Warning,Critical,Warning,Warning
W_002,7/24/2026 10:24,Warning,Critical,Warning,Warning
W_002,7/24/2026 10:24,Warning,Critical,Warning,Warning
W_002,7/24/2026 10:24,Warning,Critical,Warning,Warning
W_002,7/24/2026 10:24,Warning,Critical,Warning,Warning
W_002,7/24/2026 10:24,Warning,Critical,Warning,Warning
W_002,7/24/2026 10:24,Warning,Critical,Warning,Warning
W_002,7/24/2026 10:24,Warning,Critical,Warning,Warning
W_002,7/24/2026 10:24,Warning,Critical,Warning,Warning
W_002,7/24/2026 10:24,Warning,Critical,Warning,Warning
W_002,7/24/2026 10:24,Warning,Critical,Warning,Warning
W_002,7/24/2026 10:24,Warning,Critical,Warning,Warning
W_002,7/24/2026 10:24,Warning,Critical,Warning,Warning
W_002,7/24/2026 10:24,Warning,Critical,Warning,Warning
W_002,7/24/2026 10:24,Warning,Critical,Warning,Warning
W_002,7/24/2026 10:24,Warning,Critical,Warning,Warning
W_002,7/24/2026 10:24,Warning,Critical,Warning,Warning
W_002,7/24/2026 10:24,Warning,Critical,Warning,Warning
W_002,7/24/2026 10:24,Warning,Critical,Warning,Warning
W_002,7/24/2026 10:24,Warning,Critical,Warning,Warning
W_002,7/24/2026 10:24,Warning,Critical,Warning,Warning
W_002,7/24/2026 10:25,Warning,Critical,Warning,Warning
W_002,7/24/2026 10:25,Warning,Critical,Warning,Warning
W_002,7/24/2026 10:25,Warning,Critical,Warning,Warning
W_002,7/24/2026 10:25,Warning,Critical,Warning,Warning
W_002,7/24/2026 10:25,Warning,Critical,Warning,Warning
W_002,7/24/2026 10:25,Warning,Critical,Warning,Warning
W_002,7/24/2026 10:25,Warning,Critical,Warning,Warning
W_002,7/24/2026 10:25,Warning,Critical,Warning,Warning
W_002,7/24/2026 10:25,Warning,Critical,Warning,Warning
W_002,7/24/2026 10:25,Warning,Critical,Warning,Warning
W_002,7/24/2026 10:25,Warning,Critical,Warning,Warning
W_002,7/24/2026 10:25,Warning,Critical,Warning,Warning
W_002,7/24/2026 10:25,Warning,Critical,Warning,Warning
W_002,7/24/2026 10:25,Warning,Critical,Warning,Warning
W_002,7/24/2026 10:25,Warning,Critical,Warning,Warning
W_002,7/24/2026 10:25,Warning,Critical,Warning,Warning
W_002,7/24/2026 10:25,Warning,Critical,Warning,Warning
W_002,7/24/2026 10:25,Warning,Critical,Warning,Warning
W_002,7/24/2026 10:25,Warning,Critical,Warning,Warning
W_002,7/24/2026 10:25,Warning,Critical,Warning,Warning
W_002,7/24/2026 10:25,Warning,Critical,Warning,Warning
W_002,7/24/2026 10:25,Warning,Critical,Warning,Warning
W_002,7/24/2026 10:25,Warning,Critical,Warning,Warning
W_002,7/24/2026 10:25,Warning,Critical,Warning,Warning
W_002,7/24/2026 10:25,Warning,Critical,Warning,Warning
W_002,7/24/2026 10:25,Warning,Critical,Warning,Warning
W_002,7/24/2026 10:25,Warning,Critical,Warning,Warning
W_002,7/24/2026 10:25,Warning,Critical,Warning,Warning
W_002,7/24/2026 10:25,Warning,Critical,Warning,Warning
W_002,7/24/2026 10:25,Critical,Critical,Warning,Warning
W_002,7/24/2026 10:25,Critical,Critical,Warning,Warning
W_002,7/24/2026 10:25,Critical,Critical,Warning,Warning
W_002,7/24/2026 10:25,Critical,Critical,Warning,Warning
W_002,7/24/2026 10:25,Critical,Critical,Warning,Warning
W_002,7/24/2026 10:25,Critical,Critical,Warning,Warning
W_002,7/24/2026 10:25,Critical,Critical,Warning,Warning
W_002,7/24/2026 10:25,Critical,Critical,Warning,Warning
W_002,7/24/2026 10:25,Critical,Critical,Warning,Warning
W_002,7/24/2026 10:25,Critical,Critical,Warning,Warning
W_002,7/24/2026 10:25,Critical,Critical,Warning,Warning
W_002,7/24/2026 10:25,Critical,Critical,Warning,Warning
W_002,7/24/2026 10:25,Critical,Critical,Warning,Warning
W_002,7/24/2026 10:25,Critical,Critical,Warning,Warning
W_002,7/24/2026 10:25,Critical,Critical,Warning,Warning
W_002,7/24/2026 10:25,Critical,Critical,Warning,Warning
W_002,7/24/2026 10:25,Critical,Critical,Warning,Warning
W_002,7/24/2026 10:25,Critical,Critical,Warning,Warning
W_002,7/24/2026 10:25,Critical,Critical,Warning,Warning
W_002,7/24/2026 10:25,Critical,Critical,Warning,Warning
W_002,7/24/2026 10:25,Critical,Critical,Warning,Warning
W_002,7/24/2026 10:25,Critical,Critical,Warning,Warning
W_002,7/24/2026 10:25,Critical,Critical,Warning,Warning
W_002,7/24/2026 10:25,Critical,Critical,Warning,Warning
W_002,7/24/2026 10:25,Critical,Critical,Warning,Warning
W_002,7/24/2026 10:25,Critical,Critical,Warning,Warning
W_002,7/24/2026 10:25,Critical,Critical,Warning,Warning
W_002,7/24/2026 10:25,Critical,Critical,Warning,Warning
W_002,7/24/2026 10:25,Critical,Critical,Warning,Warning
W_002,7/24/2026 10:25,Critical,Critical,Warning,Warning
W_002,7/24/2026 10:26,Critical,Critical,Warning,Warning
W_002,7/24/2026 10:26,Critical,Critical,Warning,Warning
W_002,7/24/2026 10:26,Critical,Critical,Warning,Warning
W_002,7/24/2026 10:26,Critical,Critical,Warning,Warning
W_002,7/24/2026 10:26,Critical,Critical,Warning,Warning
W_002,7/24/2026 10:26,Critical,Critical,Warning,Warning
W_002,7/24/2026 10:26,Critical,Critical,Warning,Warning
W_002,7/24/2026 10:26,Critical,Critical,Warning,Warning
W_002,7/24/2026 10:26,Critical,Critical,Warning,Warning
W_002,7/24/2026 10:26,Critical,Critical,Warning,Warning
W_002,7/24/2026 10:26,Critical,Critical,Warning,Warning
W_002,7/24/2026 10:26,Critical,Critical,Warning,Warning
W_002,7/24/2026 10:26,Critical,Critical,Warning,Warning
W_002,7/24/2026 10:26,Critical,Critical,Warning,Warning
W_002,7/24/2026 10:26,Critical,Critical,Warning,Warning
W_002,7/24/2026 10:26,Critical,Critical,Warning,Warning
W_002,7/24/2026 10:26,Critical,Critical,Warning,Warning
W_002,7/24/2026 10:26,Critical,Critical,Warning,Warning
W_002,7/24/2026 10:26,Critical,Critical,Warning,Warning
W_002,7/24/2026 10:26,Critical,Critical,Warning,Warning
W_002,7/24/2026 10:26,Critical,Critical,Warning,Warning
W_002,7/24/2026 10:26,Critical,Critical,Warning,Warning
W_002,7/24/2026 10:26,Critical,Critical,Warning,Warning
W_002,7/24/2026 10:26,Critical,Critical,Warning,Warning
W_002,7/24/2026 10:26,Critical,Critical,Warning,Warning
W_002,7/24/2026 10:26,Critical,Critical,Warning,Warning
W_002,7/24/2026 10:26,Critical,Critical,Warning,Warning
W_002,7/24/2026 10:26,Critical,Critical,Warning,Warning
W_002,7/24/2026 10:26,Critical,Critical,Warning,Warning
W_002,7/24/2026 10:26,Critical,Critical,Warning,Warning
W_002,7/24/2026 10:26,Critical,Critical,Warning,Warning
W_002,7/24/2026 10:26,Critical,Critical,Warning,Warning
W_002,7/24/2026 10:26,Critical,Critical,Warning,Warning
W_002,7/24/2026 10:26,Critical,Critical,Warning,Warning
W_002,7/24/2026 10:26,Critical,Critical,Warning,Warning
W_002,7/24/2026 10:26,Critical,Critical,Warning,Warning
W_002,7/24/2026 10:26,Critical,Critical,Warning,Warning
W_002,7/24/2026 10:26,Critical,Critical,Warning,Warning
W_002,7/24/2026 10:26,Critical,Critical,Warning,Warning
W_002,7/24/2026 10:26,Critical,Critical,Warning,Warning
W_002,7/24/2026 10:26,Critical,Critical,Warning,Warning
W_002,7/24/2026 10:26,Critical,Critical,Warning,Warning
W_002,7/24/2026 10:26,Critical,Critical,Warning,Warning
W_002,7/24/2026 10:26,Critical,Critical,Warning,Warning
W_002,7/24/2026 10:26,Critical,Critical,Warning,Warning
W_002,7/24/2026 10:26,Critical,Critical,Warning,Warning
W_002,7/24/2026 10:26,Critical,Critical,Warning,Warning
W_002,7/24/2026 10:26,Critical,Critical,Warning,Warning
W_002,7/24/2026 10:26,Critical,Critical,Warning,Warning
W_002,7/24/2026 10:26,Critical,Critical,Warning,Warning
W_002,7/24/2026 10:26,Critical,Critical,Warning,Warning
W_002,7/24/2026 10:26,Critical,Critical,Warning,Warning
W_002,7/24/2026 10:26,Critical,Critical,Warning,Warning
W_002,7/24/2026 10:26,Critical,Critical,Warning,Warning
W_002,7/24/2026 10:26,Critical,Critical,Warning,Warning
W_002,7/24/2026 10:26,Critical,Critical,Warning,Warning
W_002,7/24/2026 10:26,Critical,Critical,Warning,Warning
W_002,7/24/2026 10:26,Critical,Critical,Warning,Warning
W_002,7/24/2026 10:26,Critical,Critical,Warning,Warning
W_002,7/24/2026 10:26,Critical,Critical,Warning,Warning
W_002,7/24/2026 10:27,Critical,Critical,Warning,Warning
W_002,7/24/2026 10:27,Critical,Critical,Warning,Warning
W_002,7/24/2026 10:27,Critical,Critical,Warning,Warning
W_002,7/24/2026 10:27,Critical,Critical,Warning,Warning
W_002,7/24/2026 10:27,Critical,Critical,Warning,Warning
W_002,7/24/2026 10:27,Critical,Critical,Warning,Warning
W_002,7/24/2026 10:27,Critical,Critical,Warning,Warning
W_002,7/24/2026 10:27,Critical,Critical,Warning,Warning
W_002,7/24/2026 10:27,Critical,Critical,Warning,Warning
W_002,7/24/2026 10:27,Critical,Critical,Warning,Warning
W_002,7/24/2026 10:27,Critical,Critical,Warning,Warning
W_002,7/24/2026 10:27,Critical,Critical,Warning,Warning
W_002,7/24/2026 10:27,Critical,Critical,Warning,Warning
W_002,7/24/2026 10:27,Critical,Critical,Warning,Warning
W_002,7/24/2026 10:27,Critical,Critical,Warning,Warning
W_002,7/24/2026 10:27,Critical,Critical,Warning,Warning
W_002,7/24/2026 10:27,Critical,Critical,Warning,Warning
W_002,7/24/2026 10:27,Critical,Critical,Warning,Warning
W_002,7/24/2026 10:27,Critical,Critical,Warning,Warning
W_002,7/24/2026 10:27,Critical,Critical,Warning,Warning
W_002,7/24/2026 10:27,Critical,Critical,Warning,Warning
W_002,7/24/2026 10:27,Critical,Critical,Warning,Warning
W_002,7/24/2026 10:27,Critical,Critical,Warning,Warning
W_002,7/24/2026 10:27,Critical,Critical,Warning,Warning
W_002,7/24/2026 10:27,Critical,Critical,Warning,Warning
W_002,7/24/2026 10:27,Critical,Critical,Warning,Warning
W_002,7/24/2026 10:27,Critical,Critical,Warning,Warning
W_002,7/24/2026 10:27,Critical,Critical,Warning,Warning
W_002,7/24/2026 10:27,Critical,Critical,Warning,Warning
W_002,7/24/2026 10:27,Critical,Critical,Warning,Warning
W_002,7/24/2026 10:27,Critical,Critical,Warning,Warning
W_002,7/24/2026 10:27,Critical,Critical,Warning,Warning
W_002,7/24/2026 10:27,Critical,Critical,Warning,Warning
W_002,7/24/2026 10:27,Critical,Critical,Warning,Warning
W_002,7/24/2026 10:27,Critical,Critical,Warning,Warning
W_002,7/24/2026 10:27,Critical,Critical,Warning,Warning
W_002,7/24/2026 10:27,Critical,Critical,Warning,Warning
W_002,7/24/2026 10:27,Critical,Critical,Warning,Warning
W_002,7/24/2026 10:27,Critical,Critical,Warning,Warning
W_002,7/24/2026 10:27,Critical,Critical,Warning,Warning
W_002,7/24/2026 10:27,Critical,Critical,Warning,Warning
W_002,7/24/2026 10:27,Critical,Critical,Warning,Warning
W_002,7/24/2026 10:27,Critical,Critical,Warning,Warning
W_002,7/24/2026 10:27,Critical,Critical,Warning,Warning
W_002,7/24/2026 10:27,Critical,Critical,Warning,Warning
W_002,7/24/2026 10:27,Critical,Critical,Warning,Warning
W_002,7/24/2026 10:27,Critical,Critical,Warning,Warning
W_002,7/24/2026 10:27,Critical,Critical,Warning,Warning
W_002,7/24/2026 10:27,Critical,Critical,Warning,Warning
W_002,7/24/2026 10:27,Critical,Critical,Warning,Warning
W_002,7/24/2026 10:27,Critical,Critical,Warning,Warning
W_002,7/24/2026 10:27,Critical,Critical,Warning,Warning
W_002,7/24/2026 10:27,Critical,Critical,Warning,Warning
W_002,7/24/2026 10:27,Critical,Critical,Warning,Warning
W_002,7/24/2026 10:27,Critical,Critical,Warning,Warning
W_002,7/24/2026 10:27,Critical,Critical,Warning,Warning
W_002,7/24/2026 10:27,Critical,Critical,Warning,Warning
W_002,7/24/2026 10:27,Critical,Critical,Warning,Warning
W_002,7/24/2026 10:27,Critical,Critical,Warning,Warning
W_002,7/24/2026 10:27,Critical,Critical,Warning,Warning
W_002,7/24/2026 10:28,Critical,Critical,Warning,Warning
W_002,7/24/2026 10:28,Critical,Critical,Warning,Warning
W_002,7/24/2026 10:28,Critical,Critical,Warning,Warning
W_002,7/24/2026 10:28,Critical,Critical,Warning,Warning
W_002,7/24/2026 10:28,Critical,Critical,Warning,Warning
W_002,7/24/2026 10:28,Critical,Critical,Warning,Warning
W_002,7/24/2026 10:28,Critical,Critical,Warning,Warning
W_002,7/24/2026 10:28,Critical,Critical,Warning,Warning
W_002,7/24/2026 10:28,Critical,Critical,Warning,Warning
W_002,7/24/2026 10:28,Critical,Critical,Warning,Warning
W_002,7/24/2026 10:28,Critical,Critical,Warning,Warning
W_002,7/24/2026 10:28,Critical,Critical,Warning,Warning
W_002,7/24/2026 10:28,Critical,Critical,Warning,Warning
W_002,7/24/2026 10:28,Critical,Critical,Warning,Warning
W_002,7/24/2026 10:28,Critical,Critical,Warning,Warning
W_002,7/24/2026 10:28,Critical,Critical,Warning,Warning
W_002,7/24/2026 10:28,Critical,Critical,Warning,Warning
W_002,7/24/2026 10:28,Critical,Critical,Warning,Warning
W_002,7/24/2026 10:28,Critical,Critical,Warning,Warning
W_002,7/24/2026 10:28,Critical,Critical,Warning,Warning
W_002,7/24/2026 10:28,Critical,Critical,Warning,Warning
W_002,7/24/2026 10:28,Critical,Critical,Warning,Warning
W_002,7/24/2026 10:28,Critical,Critical,Warning,Warning
W_002,7/24/2026 10:28,Critical,Critical,Warning,Warning
W_002,7/24/2026 10:28,Critical,Critical,Warning,Warning
W_002,7/24/2026 10:28,Critical,Critical,Warning,Warning
W_002,7/24/2026 10:28,Critical,Critical,Warning,Warning
W_002,7/24/2026 10:28,Critical,Critical,Warning,Warning
W_002,7/24/2026 10:28,Critical,Critical,Warning,Warning
W_002,7/24/2026 10:28,Critical,Critical,Warning,Warning
W_002,7/24/2026 10:28,Critical,Critical,Warning,Warning
W_002,7/24/2026 10:28,Critical,Critical,Warning,Warning
W_002,7/24/2026 10:28,Critical,Critical,Warning,Warning
W_002,7/24/2026 10:28,Critical,Critical,Warning,Warning
W_002,7/24/2026 10:28,Critical,Critical,Warning,Warning
W_002,7/24/2026 10:28,Critical,Critical,Warning,Warning
W_002,7/24/2026 10:28,Critical,Critical,Warning,Warning
W_002,7/24/2026 10:28,Critical,Critical,Warning,Warning
W_002,7/24/2026 10:28,Critical,Critical,Warning,Warning
W_002,7/24/2026 10:28,Critical,Critical,Warning,Warning
W_002,7/24/2026 10:28,Critical,Critical,Warning,Warning
W_002,7/24/2026 10:28,Critical,Critical,Warning,Warning
W_002,7/24/2026 10:28,Critical,Critical,Warning,Warning
W_002,7/24/2026 10:28,Critical,Critical,Warning,Warning
W_002,7/24/2026 10:28,Critical,Critical,Warning,Warning
W_002,7/24/2026 10:28,Critical,Critical,Warning,Warning
W_002,7/24/2026 10:28,Critical,Critical,Warning,Warning
W_002,7/24/2026 10:28,Critical,Critical,Warning,Warning
W_002,7/24/2026 10:28,Critical,Critical,Warning,Warning
W_002,7/24/2026 10:28,Critical,Critical,Warning,Warning
W_002,7/24/2026 10:28,Critical,Critical,Warning,Warning
W_002,7/24/2026 10:28,Critical,Critical,Warning,Warning
W_002,7/24/2026 10:28,Critical,Critical,Warning,Warning
W_002,7/24/2026 10:28,Critical,Critical,Warning,Warning
W_002,7/24/2026 10:28,Warning,Critical,Warning,Warning
W_002,7/24/2026 10:28,Warning,Critical,Warning,Warning
W_002,7/24/2026 10:28,Warning,Critical,Warning,Warning
W_002,7/24/2026 10:28,Warning,Critical,Warning,Warning
W_002,7/24/2026 10:28,Warning,Critical,Warning,Warning
W_002,7/24/2026 10:28,Warning,Critical,Warning,Warning
W_002,7/24/2026 10:29,Warning,Critical,Warning,Warning
W_002,7/24/2026 10:29,Warning,Critical,Warning,Warning
W_002,7/24/2026 10:29,Warning,Critical,Warning,Warning
W_002,7/24/2026 10:29,Warning,Critical,Warning,Warning
W_002,7/24/2026 10:29,Warning,Critical,Warning,Warning
W_002,7/24/2026 10:29,Warning,Critical,Warning,Warning
W_002,7/24/2026 10:29,Warning,Critical,Warning,Warning
W_002,7/24/2026 10:29,Warning,Critical,Warning,Warning
W_002,7/24/2026 10:29,Warning,Critical,Warning,Warning
W_002,7/24/2026 10:29,Warning,Critical,Warning,Warning
W_002,7/24/2026 10:29,Warning,Critical,Warning,Warning
W_002,7/24/2026 10:29,Warning,Critical,Warning,Warning
W_002,7/24/2026 10:29,Warning,Critical,Warning,Warning
W_002,7/24/2026 10:29,Warning,Critical,Warning,Warning
W_002,7/24/2026 10:29,Warning,Critical,Warning,Warning
W_002,7/24/2026 10:29,Warning,Critical,Warning,Warning
W_002,7/24/2026 10:29,Warning,Critical,Warning,Warning
W_002,7/24/2026 10:29,Warning,Critical,Warning,Warning
W_002,7/24/2026 10:29,Warning,Critical,Warning,Warning
W_002,7/24/2026 10:29,Warning,Critical,Warning,Warning
W_002,7/24/2026 10:29,Warning,Critical,Warning,Warning
W_002,7/24/2026 10:29,Warning,Critical,Warning,Warning
W_002,7/24/2026 10:29,Warning,Critical,Warning,Warning
W_002,7/24/2026 10:29,Warning,Critical,Warning,Warning
W_002,7/24/2026 10:29,Warning,Critical,Warning,Warning
W_002,7/24/2026 10:29,Warning,Critical,Warning,Warning
W_002,7/24/2026 10:29,Warning,Critical,Warning,Warning
W_002,7/24/2026 10:29,Warning,Critical,Warning,Warning
W_002,7/24/2026 10:29,Warning,Critical,Warning,Warning
W_002,7/24/2026 10:29,Warning,Critical,Warning,Warning
W_002,7/24/2026 10:29,Warning,Critical,Warning,Warning
W_002,7/24/2026 10:29,Warning,Critical,Warning,Warning
W_002,7/24/2026 10:29,Warning,Critical,Warning,Warning
W_002,7/24/2026 10:29,Warning,Critical,Warning,Warning
W_002,7/24/2026 10:29,Warning,Critical,Warning,Warning
W_002,7/24/2026 10:29,Warning,Critical,Warning,Warning
W_002,7/24/2026 10:29,Warning,Critical,Warning,Warning
W_002,7/24/2026 10:29,Warning,Critical,Warning,Warning
W_002,7/24/2026 10:29,Warning,Critical,Warning,Warning
W_002,7/24/2026 10:29,Warning,Critical,Warning,Warning
W_002,7/24/2026 10:29,Warning,Critical,Warning,Warning
W_002,7/24/2026 10:29,Warning,Critical,Warning,Warning
W_002,7/24/2026 10:29,Warning,Critical,Warning,Warning
W_002,7/24/2026 10:29,Warning,Critical,Warning,Warning
W_002,7/24/2026 10:29,Warning,Critical,Warning,Warning
W_002,7/24/2026 10:29,Warning,Critical,Warning,Warning
W_002,7/24/2026 10:29,Warning,Critical,Warning,Warning
W_002,7/24/2026 10:29,Warning,Critical,Warning,Warning
W_002,7/24/2026 10:29,Warning,Critical,Warning,Warning
W_002,7/24/2026 10:29,Warning,Critical,Warning,Warning
W_002,7/24/2026 10:29,Warning,Critical,Warning,Warning
W_002,7/24/2026 10:29,Warning,Critical,Warning,Warning
W_002,7/24/2026 10:29,Warning,Critical,Warning,Warning
W_002,7/24/2026 10:29,Warning,Critical,Warning,Warning
W_002,7/24/2026 10:29,Warning,Critical,Warning,Warning
W_002,7/24/2026 10:29,Warning,Critical,Warning,Warning
W_002,7/24/2026 10:29,Warning,Critical,Warning,Warning
W_002,7/24/2026 10:29,Warning,Critical,Warning,Warning
W_002,7/24/2026 10:29,Warning,Critical,Warning,Warning
W_002,7/24/2026 10:29,Warning,Critical,Warning,Warning
W_002,7/24/2026 10:30,Warning,Critical,Warning,Warning
W_002,7/24/2026 10:30,Warning,Critical,Warning,Warning
W_002,7/24/2026 10:30,Warning,Critical,Warning,Warning
W_002,7/24/2026 10:30,Warning,Critical,Warning,Warning
W_002,7/24/2026 10:30,Warning,Critical,Warning,Warning
W_002,7/24/2026 10:30,Warning,Critical,Warning,Warning
W_002,7/24/2026 10:30,Warning,Critical,Warning,Warning
W_002,7/24/2026 10:30,Warning,Critical,Warning,Warning
W_002,7/24/2026 10:30,Warning,Critical,Warning,Warning
W_002,7/24/2026 10:30,Warning,Critical,Warning,Warning
W_002,7/24/2026 10:30,Warning,Critical,Warning,Warning
W_002,7/24/2026 10:30,Warning,Critical,Warning,Warning
W_002,7/24/2026 10:30,Warning,Critical,Warning,Warning
W_002,7/24/2026 10:30,Warning,Critical,Warning,Warning
W_002,7/24/2026 10:30,Warning,Critical,Warning,Warning
W_002,7/24/2026 10:30,Warning,Critical,Warning,Warning
W_002,7/24/2026 10:30,Warning,Critical,Warning,Warning
W_002,7/24/2026 10:30,Warning,Critical,Warning,Warning
W_002,7/24/2026 10:30,Warning,Critical,Warning,Warning
W_002,7/24/2026 10:30,Warning,Critical,Warning,Warning
W_002,7/24/2026 10:30,Warning,Critical,Warning,Warning
W_002,7/24/2026 10:30,Warning,Critical,Warning,Warning
W_002,7/24/2026 10:30,Warning,Critical,Warning,Warning
W_002,7/24/2026 10:30,Warning,Critical,Warning,Warning
W_002,7/24/2026 10:30,Warning,Critical,Warning,Warning
W_002,7/24/2026 10:30,Warning,Critical,Warning,Warning
W_002,7/24/2026 10:30,Warning,Critical,Warning,Warning
W_002,7/24/2026 10:30,Warning,Critical,Warning,Warning
W_002,7/24/2026 10:30,Warning,Critical,Warning,Warning
W_002,7/24/2026 10:30,Warning,Critical,Warning,Warning
W_002,7/24/2026 10:30,Warning,Critical,Warning,Warning
W_002,7/24/2026 10:30,Warning,Critical,Warning,Warning
W_002,7/24/2026 10:30,Warning,Critical,Warning,Warning
W_002,7/24/2026 10:30,Warning,Critical,Warning,Warning
W_002,7/24/2026 10:30,Warning,Critical,Warning,Warning
W_002,7/24/2026 10:30,Warning,Critical,Warning,Warning
W_002,7/24/2026 10:30,Warning,Critical,Warning,Warning
W_002,7/24/2026 10:30,Warning,Critical,Warning,Warning
W_002,7/24/2026 10:30,Warning,Critical,Warning,Warning
W_002,7/24/2026 10:30,Warning,Critical,Warning,Warning
W_002,7/24/2026 10:30,Warning,Critical,Warning,Warning
W_002,7/24/2026 10:30,Warning,Critical,Warning,Warning
W_002,7/24/2026 10:30,Warning,Critical,Warning,Warning
W_002,7/24/2026 10:30,Warning,Critical,Warning,Warning
W_002,7/24/2026 10:30,Warning,Critical,Warning,Warning
W_002,7/24/2026 10:30,Warning,Critical,Warning,Warning
W_002,7/24/2026 10:30,Warning,Critical,Warning,Warning
W_002,7/24/2026 10:30,Warning,Critical,Warning,Warning
W_002,7/24/2026 10:30,Warning,Critical,Warning,Warning
W_002,7/24/2026 10:30,Warning,Critical,Warning,Warning
W_002,7/24/2026 10:30,Warning,Critical,Warning,Warning
W_002,7/24/2026 10:30,Warning,Critical,Warning,Warning
W_002,7/24/2026 10:30,Warning,Critical,Warning,Warning
W_002,7/24/2026 10:30,Warning,Critical,Warning,Warning
W_002,7/24/2026 10:30,Warning,Critical,Warning,Warning
W_002,7/24/2026 10:30,Warning,Critical,Warning,Warning
W_002,7/24/2026 10:30,Warning,Critical,Warning,Warning
W_002,7/24/2026 10:30,Warning,Critical,Warning,Warning
W_002,7/24/2026 10:30,Warning,Critical,Warning,Warning
W_002,7/24/2026 10:30,Warning,Critical,Warning,Warning
W_002,7/24/2026 10:31,Warning,Critical,Warning,Warning
W_002,7/24/2026 10:31,Warning,Critical,Warning,Warning
W_002,7/24/2026 10:31,Warning,Critical,Warning,Warning
W_002,7/24/2026 10:31,Warning,Critical,Warning,Warning
W_002,7/24/2026 10:31,Warning,Critical,Warning,Warning
W_002,7/24/2026 10:31,Warning,Critical,Warning,Warning
W_002,7/24/2026 10:31,Warning,Critical,Warning,Warning
W_002,7/24/2026 10:31,Warning,Critical,Warning,Warning
W_002,7/24/2026 10:31,Warning,Critical,Warning,Warning
W_002,7/24/2026 10:31,Warning,Critical,Warning,Warning
W_002,7/24/2026 10:31,Warning,Critical,Warning,Warning
W_002,7/24/2026 10:31,Warning,Critical,Warning,Warning
W_002,7/24/2026 10:31,Warning,Critical,Warning,Warning
W_002,7/24/2026 10:31,Warning,Critical,Warning,Warning
W_002,7/24/2026 10:31,Warning,Critical,Warning,Warning
W_002,7/24/2026 10:31,Warning,Critical,Warning,Warning
W_002,7/24/2026 10:31,Warning,Critical,Warning,Warning
W_002,7/24/2026 10:31,Warning,Critical,Warning,Warning
W_002,7/24/2026 10:31,Warning,Critical,Warning,Warning
W_002,7/24/2026 10:31,Warning,Critical,Critical,Warning
W_002,7/24/2026 10:31,Warning,Critical,Warning,Warning
W_002,7/24/2026 10:31,Warning,Critical,Warning,Warning
W_002,7/24/2026 10:31,Warning,Critical,Warning,Warning
W_002,7/24/2026 10:31,Warning,Critical,Warning,Warning
W_002,7/24/2026 10:31,Warning,Critical,Warning,Warning
W_002,7/24/2026 10:31,Warning,Critical,Warning,Warning
W_002,7/24/2026 10:31,Warning,Critical,Warning,Warning
W_002,7/24/2026 10:31,Warning,Critical,Warning,Warning
W_002,7/24/2026 10:31,Warning,Critical,Warning,Warning
W_002,7/24/2026 10:31,Warning,Critical,Warning,Warning
W_002,7/24/2026 10:31,Warning,Critical,Warning,Warning
W_002,7/24/2026 10:31,Warning,Critical,Warning,Warning
W_002,7/24/2026 10:31,Warning,Critical,Warning,Warning
W_002,7/24/2026 10:31,Warning,Critical,Warning,Warning
W_002,7/24/2026 10:31,Warning,Critical,Warning,Warning
W_002,7/24/2026 10:31,Warning,Critical,Warning,Warning
W_002,7/24/2026 10:31,Warning,Critical,Warning,Warning
W_002,7/24/2026 10:31,Warning,Critical,Warning,Warning
W_002,7/24/2026 10:31,Warning,Critical,Warning,Warning
W_002,7/24/2026 10:31,Warning,Critical,Warning,Warning
W_002,7/24/2026 10:31,Warning,Critical,Warning,Warning
W_002,7/24/2026 10:31,Warning,Critical,Warning,Warning
W_002,7/24/2026 10:31,Warning,Critical,Warning,Warning
W_002,7/24/2026 10:31,Warning,Critical,Warning,Warning
W_002,7/24/2026 10:31,Warning,Critical,Warning,Warning
W_002,7/24/2026 10:31,Warning,Critical,Warning,Warning
W_002,7/24/2026 10:31,Warning,Critical,Warning,Warning
W_002,7/24/2026 10:31,Warning,Critical,Warning,Warning
W_002,7/24/2026 10:31,Warning,Critical,Warning,Warning
W_002,7/24/2026 10:31,Warning,Critical,Warning,Warning
W_002,7/24/2026 10:31,Warning,Critical,Warning,Warning
W_002,7/24/2026 10:31,Warning,Critical,Warning,Warning
W_002,7/24/2026 10:31,Warning,Critical,Warning,Warning
W_002,7/24/2026 10:31,Warning,Critical,Warning,Warning
W_002,7/24/2026 10:31,Warning,Critical,Warning,Warning
W_002,7/24/2026 10:31,Warning,Critical,Warning,Warning
W_002,7/24/2026 10:31,Warning,Critical,Warning,Warning
W_002,7/24/2026 10:31,Warning,Critical,Warning,Warning
W_002,7/24/2026 10:31,Warning,Critical,Warning,Warning
W_002,7/24/2026 10:31,Warning,Critical,Warning,Warning
W_002,7/24/2026 10:32,Warning,Critical,Warning,Warning
W_002,7/24/2026 10:32,Warning,Critical,Warning,Warning
W_002,7/24/2026 10:32,Warning,Critical,Warning,Warning
W_002,7/24/2026 10:32,Warning,Critical,Warning,Warning
W_002,7/24/2026 10:32,Warning,Critical,Warning,Warning
W_002,7/24/2026 10:32,Warning,Critical,Warning,Warning
W_002,7/24/2026 10:32,Warning,Critical,Warning,Warning
W_002,7/24/2026 10:32,Warning,Critical,Warning,Warning
W_002,7/24/2026 10:32,Warning,Critical,Warning,Warning
W_002,7/24/2026 10:32,Warning,Critical,Warning,Warning
W_002,7/24/2026 10:32,Warning,Critical,Warning,Warning
W_002,7/24/2026 10:32,Warning,Critical,Warning,Warning
W_002,7/24/2026 10:32,Warning,Critical,Warning,Warning
W_002,7/24/2026 10:32,Warning,Critical,Warning,Warning
W_002,7/24/2026 10:32,Warning,Critical,Warning,Warning
W_002,7/24/2026 10:32,Warning,Critical,Warning,Warning
W_002,7/24/2026 10:32,Warning,Critical,Critical,Warning
W_002,7/24/2026 10:32,Warning,Critical,Warning,Warning
W_002,7/24/2026 10:32,Warning,Critical,Warning,Warning
W_002,7/24/2026 10:32,Warning,Critical,Warning,Warning
W_002,7/24/2026 10:32,Warning,Critical,Warning,Warning
W_002,7/24/2026 10:32,Warning,Critical,Warning,Warning
W_002,7/24/2026 10:32,Warning,Critical,Warning,Warning
W_002,7/24/2026 10:32,Warning,Critical,Warning,Warning
W_002,7/24/2026 10:32,Warning,Critical,Warning,Warning
W_002,7/24/2026 10:32,Warning,Critical,Warning,Warning
W_002,7/24/2026 10:32,Warning,Critical,Warning,Warning
W_002,7/24/2026 10:32,Warning,Critical,Warning,Warning
W_002,7/24/2026 10:32,Warning,Critical,Warning,Warning
W_002,7/24/2026 10:32,Warning,Critical,Warning,Warning
W_002,7/24/2026 10:32,Warning,Critical,Warning,Warning
W_002,7/24/2026 10:32,Warning,Critical,Warning,Warning
W_002,7/24/2026 10:32,Warning,Critical,Warning,Warning
W_002,7/24/2026 10:32,Warning,Critical,Warning,Warning
W_002,7/24/2026 10:32,Warning,Critical,Warning,Warning
W_002,7/24/2026 10:32,Warning,Critical,Warning,Warning
W_002,7/24/2026 10:32,Warning,Critical,Warning,Warning
W_002,7/24/2026 10:32,Warning,Critical,Warning,Warning
W_002,7/24/2026 10:32,Warning,Critical,Warning,Warning
W_002,7/24/2026 10:32,Warning,Critical,Warning,Warning
W_002,7/24/2026 10:32,Warning,Critical,Warning,Warning
W_002,7/24/2026 10:32,Warning,Critical,Warning,Warning
W_002,7/24/2026 10:32,Warning,Critical,Warning,Warning
W_002,7/24/2026 10:32,Warning,Critical,Warning,Warning
W_002,7/24/2026 10:32,Warning,Critical,Critical,Warning
W_002,7/24/2026 10:32,Warning,Critical,Warning,Warning
W_002,7/24/2026 10:32,Warning,Critical,Warning,Warning
W_002,7/24/2026 10:32,Warning,Critical,Warning,Warning
W_002,7/24/2026 10:32,Warning,Critical,Warning,Warning
W_002,7/24/2026 10:32,Warning,Critical,Warning,Warning
W_002,7/24/2026 10:32,Warning,Critical,Warning,Warning
W_002,7/24/2026 10:32,Warning,Critical,Warning,Warning
W_002,7/24/2026 10:32,Warning,Critical,Warning,Warning
W_002,7/24/2026 10:32,Warning,Critical,Warning,Warning
W_002,7/24/2026 10:32,Warning,Critical,Warning,Warning
W_002,7/24/2026 10:32,Warning,Critical,Warning,Warning
W_002,7/24/2026 10:32,Warning,Critical,Warning,Warning
W_002,7/24/2026 10:32,Warning,Critical,Warning,Warning
W_002,7/24/2026 10:32,Warning,Critical,Warning,Warning
W_002,7/24/2026 10:32,Warning,Critical,Warning,Warning
W_002,7/24/2026 10:33,Warning,Critical,Warning,Warning
W_002,7/24/2026 10:33,Warning,Critical,Warning,Warning
W_002,7/24/2026 10:33,Warning,Critical,Warning,Warning
W_002,7/24/2026 10:33,Warning,Critical,Warning,Warning
W_002,7/24/2026 10:33,Warning,Critical,Warning,Warning
W_002,7/24/2026 10:33,Warning,Critical,Warning,Warning
W_002,7/24/2026 10:33,Warning,Critical,Warning,Warning
W_002,7/24/2026 10:33,Warning,Critical,Warning,Warning
W_002,7/24/2026 10:33,Warning,Critical,Warning,Warning
W_002,7/24/2026 10:33,Warning,Critical,Critical,Warning
W_002,7/24/2026 10:33,Warning,Critical,Critical,Warning
W_002,7/24/2026 10:33,Warning,Critical,Warning,Warning
W_002,7/24/2026 10:33,Warning,Critical,Warning,Warning
W_002,7/24/2026 10:33,Warning,Critical,Critical,Warning
W_002,7/24/2026 10:33,Warning,Critical,Critical,Warning
W_002,7/24/2026 10:33,Warning,Critical,Warning,Warning
W_002,7/24/2026 10:33,Warning,Critical,Warning,Warning
W_002,7/24/2026 10:33,Warning,Critical,Warning,Warning
W_002,7/24/2026 10:33,Warning,Critical,Warning,Warning
W_002,7/24/2026 10:33,Warning,Critical,Warning,Warning
W_002,7/24/2026 10:33,Warning,Critical,Warning,Warning
W_002,7/24/2026 10:33,Warning,Critical,Warning,Warning
W_002,7/24/2026 10:33,Warning,Critical,Critical,Warning
W_002,7/24/2026 10:33,Warning,Critical,Critical,Warning
W_002,7/24/2026 10:33,Warning,Critical,Warning,Warning
W_002,7/24/2026 10:33,Warning,Critical,Critical,Warning
W_002,7/24/2026 10:33,Warning,Critical,Critical,Warning
W_002,7/24/2026 10:33,Warning,Critical,Critical,Warning
W_002,7/24/2026 10:33,Warning,Critical,Critical,Warning
W_002,7/24/2026 10:33,Warning,Critical,Critical,Warning
W_002,7/24/2026 10:33,Warning,Critical,Warning,Warning
W_002,7/24/2026 10:33,Warning,Critical,Warning,Warning
W_002,7/24/2026 10:33,Warning,Critical,Critical,Warning
W_002,7/24/2026 10:33,Warning,Critical,Warning,Warning
W_002,7/24/2026 10:33,Warning,Critical,Critical,Warning
W_002,7/24/2026 10:33,Warning,Critical,Critical,Warning
W_002,7/24/2026 10:33,Warning,Critical,Critical,Warning
W_002,7/24/2026 10:33,Warning,Critical,Warning,Warning
W_002,7/24/2026 10:33,Warning,Critical,Warning,Warning
W_002,7/24/2026 10:33,Warning,Critical,Critical,Warning
W_002,7/24/2026 10:33,Warning,Critical,Warning,Warning
W_002,7/24/2026 10:33,Warning,Critical,Warning,Warning
W_002,7/24/2026 10:33,Warning,Critical,Warning,Warning
W_002,7/24/2026 10:33,Warning,Critical,Critical,Warning
W_002,7/24/2026 10:33,Warning,Critical,Critical,Warning
W_002,7/24/2026 10:33,Warning,Critical,Critical,Warning
W_002,7/24/2026 10:33,Warning,Critical,Warning,Warning
W_002,7/24/2026 10:33,Warning,Critical,Warning,Warning
W_002,7/24/2026 10:33,Warning,Critical,Critical,Warning
W_002,7/24/2026 10:33,Warning,Critical,Critical,Warning
W_002,7/24/2026 10:33,Warning,Critical,Critical,Warning
W_002,7/24/2026 10:33,Warning,Critical,Warning,Warning
W_002,7/24/2026 10:33,Warning,Critical,Warning,Warning
W_002,7/24/2026 10:33,Warning,Critical,Critical,Warning
W_002,7/24/2026 10:33,Warning,Critical,Critical,Warning
W_002,7/24/2026 10:33,Warning,Critical,Critical,Warning
W_002,7/24/2026 10:33,Warning,Critical,Critical,Warning
W_002,7/24/2026 10:33,Warning,Critical,Critical,Warning
W_002,7/24/2026 10:33,Warning,Critical,Critical,Warning
W_002,7/24/2026 10:33,Warning,Critical,Critical,Warning
W_002,7/24/2026 10:34,Warning,Critical,Critical,Warning
W_002,7/24/2026 10:34,Warning,Critical,Critical,Warning
W_002,7/24/2026 10:34,Warning,Critical,Critical,Warning
W_002,7/24/2026 10:34,Warning,Critical,Critical,Warning
W_002,7/24/2026 10:34,Warning,Critical,Critical,Warning
W_002,7/24/2026 10:34,Warning,Critical,Critical,Warning
W_002,7/24/2026 10:34,Warning,Critical,Critical,Warning
W_002,7/24/2026 10:34,Warning,Critical,Critical,Warning
W_002,7/24/2026 10:34,Warning,Critical,Critical,Warning
W_002,7/24/2026 10:34,Warning,Critical,Critical,Warning
W_002,7/24/2026 10:34,Warning,Critical,Critical,Warning
W_002,7/24/2026 10:34,Warning,Critical,Critical,Warning
W_002,7/24/2026 10:34,Warning,Critical,Critical,Warning
W_002,7/24/2026 10:34,Warning,Critical,Critical,Warning
W_002,7/24/2026 10:34,Warning,Critical,Critical,Warning
W_002,7/24/2026 10:34,Warning,Critical,Critical,Warning
W_002,7/24/2026 10:34,Warning,Critical,Critical,Warning
W_002,7/24/2026 10:34,Warning,Critical,Critical,Warning
W_002,7/24/2026 10:34,Warning,Critical,Critical,Warning
W_002,7/24/2026 10:34,Warning,Critical,Critical,Warning
W_002,7/24/2026 10:34,Warning,Critical,Critical,Warning
W_002,7/24/2026 10:34,Warning,Critical,Critical,Warning
W_002,7/24/2026 10:34,Warning,Critical,Critical,Warning
W_002,7/24/2026 10:34,Warning,Critical,Critical,Warning
W_002,7/24/2026 10:34,Warning,Critical,Critical,Warning
W_002,7/24/2026 10:34,Warning,Critical,Critical,Warning
W_002,7/24/2026 10:34,Warning,Critical,Critical,Warning
W_002,7/24/2026 10:34,Warning,Critical,Critical,Warning
W_002,7/24/2026 10:34,Warning,Critical,Critical,Warning
W_002,7/24/2026 10:34,Warning,Critical,Critical,Warning
W_002,7/24/2026 10:34,Warning,Critical,Critical,Warning
W_002,7/24/2026 10:34,Warning,Critical,Critical,Warning
W_002,7/24/2026 10:34,Warning,Critical,Warning,Warning
W_002,7/24/2026 10:34,Warning,Critical,Critical,Warning
W_002,7/24/2026 10:34,Warning,Critical,Critical,Warning
W_002,7/24/2026 10:34,Warning,Critical,Critical,Warning
W_002,7/24/2026 10:34,Warning,Critical,Critical,Warning
W_002,7/24/2026 10:34,Warning,Critical,Critical,Warning
W_002,7/24/2026 10:34,Warning,Critical,Critical,Warning
W_002,7/24/2026 10:34,Warning,Critical,Critical,Warning
W_002,7/24/2026 10:34,Warning,Critical,Critical,Warning
W_002,7/24/2026 10:34,Warning,Critical,Critical,Warning
W_002,7/24/2026 10:34,Warning,Critical,Critical,Warning
W_002,7/24/2026 10:34,Warning,Critical,Critical,Warning
W_002,7/24/2026 10:34,Warning,Critical,Critical,Warning
W_002,7/24/2026 10:34,Warning,Critical,Critical,Warning
W_002,7/24/2026 10:34,Warning,Critical,Critical,Warning
W_002,7/24/2026 10:34,Warning,Critical,Critical,Warning
W_002,7/24/2026 10:34,Warning,Critical,Critical,Warning
W_002,7/24/2026 10:34,Warning,Critical,Critical,Warning
W_002,7/24/2026 10:34,Warning,Critical,Critical,Warning
W_002,7/24/2026 10:34,Warning,Critical,Critical,Warning
W_002,7/24/2026 10:34,Warning,Critical,Critical,Warning
W_002,7/24/2026 10:34,Warning,Critical,Critical,Warning
W_002,7/24/2026 10:34,Warning,Critical,Critical,Warning
W_002,7/24/2026 10:34,Warning,Critical,Critical,Warning
W_002,7/24/2026 10:34,Warning,Critical,Critical,Warning
W_002,7/24/2026 10:34,Warning,Critical,Critical,Warning
W_002,7/24/2026 10:34,Warning,Critical,Critical,Warning
W_002,7/24/2026 10:34,Warning,Critical,Critical,Warning
W_002,7/24/2026 10:35,Warning,Critical,Critical,Warning
W_002,7/24/2026 10:35,Warning,Critical,Critical,Warning
W_002,7/24/2026 10:35,Warning,Critical,Critical,Warning
W_002,7/24/2026 10:35,Warning,Critical,Critical,Warning
W_002,7/24/2026 10:35,Warning,Critical,Critical,Warning
W_002,7/24/2026 10:35,Warning,Critical,Critical,Warning
W_002,7/24/2026 10:35,Warning,Critical,Critical,Warning
W_002,7/24/2026 10:35,Warning,Critical,Critical,Warning
W_002,7/24/2026 10:35,Warning,Critical,Critical,Warning
W_002,7/24/2026 10:35,Warning,Critical,Critical,Warning
W_002,7/24/2026 10:35,Warning,Critical,Critical,Warning
W_002,7/24/2026 10:35,Warning,Critical,Critical,Warning
W_002,7/24/2026 10:35,Warning,Critical,Critical,Warning
W_002,7/24/2026 10:35,Warning,Critical,Critical,Warning
W_002,7/24/2026 10:35,Warning,Critical,Critical,Warning
W_002,7/24/2026 10:35,Warning,Critical,Critical,Warning
W_002,7/24/2026 10:35,Warning,Critical,Critical,Warning
W_002,7/24/2026 10:35,Warning,Critical,Critical,Warning
W_002,7/24/2026 10:35,Warning,Critical,Critical,Warning
W_002,7/24/2026 10:35,Warning,Critical,Critical,Warning
W_002,7/24/2026 10:35,Warning,Critical,Critical,Warning
W_002,7/24/2026 10:35,Warning,Critical,Critical,Warning
W_002,7/24/2026 10:35,Warning,Critical,Critical,Warning
W_002,7/24/2026 10:35,Warning,Critical,Critical,Warning
W_002,7/24/2026 10:35,Warning,Critical,Critical,Warning
W_002,7/24/2026 10:35,Warning,Critical,Critical,Warning
W_002,7/24/2026 10:35,Warning,Critical,Critical,Warning
W_002,7/24/2026 10:35,Warning,Critical,Critical,Warning
W_002,7/24/2026 10:35,Warning,Critical,Critical,Warning
W_002,7/24/2026 10:35,Warning,Critical,Critical,Warning
W_002,7/24/2026 10:35,Warning,Critical,Critical,Warning
W_002,7/24/2026 10:35,Warning,Critical,Critical,Warning
W_002,7/24/2026 10:35,Warning,Critical,Critical,Warning
W_002,7/24/2026 10:35,Warning,Critical,Critical,Warning
W_002,7/24/2026 10:35,Warning,Critical,Critical,Warning
W_002,7/24/2026 10:35,Warning,Critical,Critical,Warning
W_002,7/24/2026 10:35,Warning,Critical,Critical,Warning
W_002,7/24/2026 10:35,Warning,Critical,Warning,Warning
W_002,7/24/2026 10:35,Warning,Critical,Critical,Warning
W_002,7/24/2026 10:35,Warning,Critical,Warning,Warning
W_002,7/24/2026 10:35,Warning,Critical,Warning,Warning
W_002,7/24/2026 10:35,Warning,Critical,Critical,Warning
W_002,7/24/2026 10:35,Warning,Critical,Warning,Warning
W_002,7/24/2026 10:35,Warning,Critical,Warning,Warning
W_002,7/24/2026 10:35,Warning,Critical,Warning,Warning
W_002,7/24/2026 10:35,Warning,Critical,Warning,Warning
W_002,7/24/2026 10:35,Warning,Critical,Critical,Warning
W_002,7/24/2026 10:35,Warning,Critical,Critical,Warning
W_002,7/24/2026 10:35,Warning,Critical,Warning,Warning
W_002,7/24/2026 10:35,Warning,Critical,Critical,Warning
W_002,7/24/2026 10:35,Warning,Critical,Critical,Warning
W_002,7/24/2026 10:35,Warning,Critical,Critical,Warning
W_002,7/24/2026 10:35,Warning,Critical,Warning,Warning
W_002,7/24/2026 10:35,Warning,Critical,Critical,Warning
W_002,7/24/2026 10:35,Warning,Critical,Warning,Warning
W_002,7/24/2026 10:35,Warning,Critical,Critical,Warning
W_002,7/24/2026 10:35,Warning,Critical,Critical,Warning
W_002,7/24/2026 10:35,Warning,Critical,Warning,Warning
W_002,7/24/2026 10:35,Warning,Critical,Warning,Warning
W_002,7/24/2026 10:35,Warning,Critical,Warning,Warning
W_002,7/24/2026 10:36,Warning,Critical,Warning,Warning
W_002,7/24/2026 10:36,Warning,Critical,Warning,Warning
W_002,7/24/2026 10:36,Warning,Critical,Warning,Warning
W_002,7/24/2026 10:36,Warning,Critical,Warning,Warning
W_002,7/24/2026 10:36,Warning,Critical,Warning,Warning
W_002,7/24/2026 10:36,Warning,Critical,Warning,Warning
W_002,7/24/2026 10:36,Warning,Critical,Warning,Warning
W_002,7/24/2026 10:36,Warning,Critical,Critical,Warning
W_002,7/24/2026 10:36,Warning,Critical,Warning,Warning
W_002,7/24/2026 10:36,Warning,Critical,Warning,Warning
W_002,7/24/2026 10:36,Warning,Critical,Critical,Warning
W_002,7/24/2026 10:36,Warning,Critical,Critical,Warning
W_002,7/24/2026 10:36,Warning,Critical,Warning,Warning
W_002,7/24/2026 10:36,Warning,Critical,Critical,Warning
W_002,7/24/2026 10:36,Warning,Critical,Warning,Warning
W_002,7/24/2026 10:36,Warning,Critical,Warning,Warning
W_002,7/24/2026 10:36,Warning,Critical,Warning,Warning
W_002,7/24/2026 10:36,Warning,Critical,Warning,Warning
W_002,7/24/2026 10:36,Warning,Critical,Warning,Warning
W_002,7/24/2026 10:36,Warning,Critical,Warning,Warning
W_002,7/24/2026 10:36,Warning,Critical,Warning,Warning
W_002,7/24/2026 10:36,Warning,Critical,Warning,Warning
W_002,7/24/2026 10:36,Warning,Critical,Warning,Warning
W_002,7/24/2026 10:36,Warning,Critical,Warning,Warning
W_002,7/24/2026 10:36,Warning,Critical,Warning,Warning
W_002,7/24/2026 10:36,Warning,Critical,Critical,Warning
W_002,7/24/2026 10:36,Warning,Critical,Warning,Warning
W_002,7/24/2026 10:36,Warning,Critical,Warning,Warning
W_002,7/24/2026 10:36,Warning,Critical,Warning,Warning
W_002,7/24/2026 10:36,Warning,Critical,Warning,Warning
W_002,7/24/2026 10:36,Warning,Critical,Critical,Warning
W_002,7/24/2026 10:36,Warning,Critical,Warning,Warning
W_002,7/24/2026 10:36,Warning,Critical,Warning,Warning
W_002,7/24/2026 10:36,Warning,Critical,Warning,Warning
W_002,7/24/2026 10:36,Warning,Critical,Warning,Warning
W_002,7/24/2026 10:36,Warning,Critical,Warning,Warning
W_002,7/24/2026 10:36,Warning,Critical,Warning,Warning
W_002,7/24/2026 10:36,Warning,Critical,Warning,Warning
W_002,7/24/2026 10:36,Warning,Critical,Warning,Warning
W_002,7/24/2026 10:36,Warning,Critical,Warning,Warning
W_002,7/24/2026 10:36,Warning,Critical,Warning,Warning
W_002,7/24/2026 10:36,Warning,Critical,Warning,Warning
W_002,7/24/2026 10:36,Warning,Critical,Critical,Warning
W_002,7/24/2026 10:36,Warning,Critical,Warning,Warning
W_002,7/24/2026 10:36,Warning,Critical,Warning,Warning
W_002,7/24/2026 10:36,Warning,Critical,Warning,Warning
W_002,7/24/2026 10:36,Warning,Critical,Warning,Warning
W_002,7/24/2026 10:36,Warning,Critical,Warning,Warning
W_002,7/24/2026 10:36,Warning,Critical,Warning,Warning
W_002,7/24/2026 10:36,Warning,Critical,Warning,Warning
W_002,7/24/2026 10:36,Warning,Critical,Warning,Warning
W_002,7/24/2026 10:36,Warning,Critical,Warning,Warning
W_002,7/24/2026 10:36,Warning,Critical,Warning,Warning
W_002,7/24/2026 10:36,Warning,Critical,Warning,Warning
W_002,7/24/2026 10:36,Warning,Critical,Warning,Warning
W_002,7/24/2026 10:36,Warning,Critical,Warning,Warning
W_002,7/24/2026 10:36,Warning,Critical,Warning,Warning
W_002,7/24/2026 10:36,Warning,Critical,Warning,Warning
W_002,7/24/2026 10:36,Warning,Critical,Warning,Warning
W_002,7/24/2026 10:36,Warning,Critical,Warning,Warning
W_002,7/24/2026 10:37,Warning,Critical,Warning,Warning
W_002,7/24/2026 10:37,Warning,Critical,Warning,Warning
W_002,7/24/2026 10:37,Warning,Critical,Warning,Warning
W_002,7/24/2026 10:37,Warning,Critical,Warning,Warning
W_002,7/24/2026 10:37,Warning,Critical,Warning,Warning
W_002,7/24/2026 10:37,Warning,Critical,Warning,Warning
W_002,7/24/2026 10:37,Warning,Critical,Warning,Warning
W_002,7/24/2026 10:37,Warning,Critical,Warning,Warning
W_002,7/24/2026 10:37,Warning,Critical,Warning,Warning
W_002,7/24/2026 10:37,Warning,Critical,Warning,Warning
W_002,7/24/2026 10:37,Warning,Critical,Warning,Warning
W_002,7/24/2026 10:37,Warning,Critical,Warning,Warning
W_002,7/24/2026 10:37,Warning,Critical,Warning,Warning
W_002,7/24/2026 10:37,Warning,Critical,Warning,Warning
W_002,7/24/2026 10:37,Warning,Critical,Warning,Warning
W_002,7/24/2026 10:37,Warning,Critical,Warning,Warning
W_002,7/24/2026 10:37,Warning,Critical,Warning,Warning
W_002,7/24/2026 10:37,Warning,Critical,Warning,Warning
W_002,7/24/2026 10:37,Warning,Critical,Warning,Warning
W_002,7/24/2026 10:37,Warning,Critical,Warning,Warning
W_002,7/24/2026 10:37,Warning,Critical,Warning,Warning
W_002,7/24/2026 10:37,Warning,Critical,Warning,Warning
W_002,7/24/2026 10:37,Warning,Critical,Warning,Warning
W_002,7/24/2026 10:37,Warning,Critical,Warning,Warning
W_002,7/24/2026 10:37,Warning,Critical,Warning,Warning
W_002,7/24/2026 10:37,Warning,Critical,Warning,Warning
W_002,7/24/2026 10:37,Warning,Critical,Warning,Warning
W_002,7/24/2026 10:37,Warning,Critical,Warning,Warning
W_002,7/24/2026 10:37,Warning,Critical,Warning,Warning
W_002,7/24/2026 10:37,Warning,Critical,Warning,Warning
W_002,7/24/2026 10:37,Warning,Critical,Warning,Warning
W_002,7/24/2026 10:37,Warning,Critical,Warning,Warning
W_002,7/24/2026 10:37,Warning,Critical,Warning,Warning
W_002,7/24/2026 10:37,Warning,Critical,Warning,Warning
W_002,7/24/2026 10:37,Warning,Critical,Warning,Warning
W_002,7/24/2026 10:37,Warning,Critical,Warning,Warning
W_002,7/24/2026 10:37,Warning,Critical,Warning,Warning
W_002,7/24/2026 10:37,Warning,Critical,Warning,Warning
W_002,7/24/2026 10:37,Warning,Critical,Warning,Warning
W_002,7/24/2026 10:37,Warning,Critical,Warning,Warning
W_002,7/24/2026 10:37,Warning,Critical,Warning,Warning
W_002,7/24/2026 10:37,Warning,Critical,Warning,Warning
W_002,7/24/2026 10:37,Warning,Critical,Warning,Warning
W_002,7/24/2026 10:37,Warning,Critical,Warning,Warning
W_002,7/24/2026 10:37,Warning,Critical,Warning,Warning
W_002,7/24/2026 10:37,Warning,Critical,Warning,Warning
W_002,7/24/2026 10:37,Warning,Critical,Warning,Warning
W_002,7/24/2026 10:37,Warning,Critical,Warning,Warning
W_002,7/24/2026 10:37,Warning,Critical,Warning,Warning
W_002,7/24/2026 10:37,Warning,Critical,Warning,Warning
W_002,7/24/2026 10:37,Warning,Critical,Warning,Warning
W_002,7/24/2026 10:37,Warning,Critical,Warning,Warning
W_002,7/24/2026 10:37,Warning,Critical,Warning,Warning
W_002,7/24/2026 10:37,Warning,Critical,Warning,Warning
W_002,7/24/2026 10:37,Warning,Critical,Warning,Warning
W_002,7/24/2026 10:37,Warning,Critical,Warning,Warning
W_002,7/24/2026 10:37,Warning,Critical,Warning,Warning
W_002,7/24/2026 10:37,Warning,Critical,Warning,Warning
W_002,7/24/2026 10:37,Warning,Critical,Warning,Warning
W_002,7/24/2026 10:37,Warning,Critical,Warning,Warning
W_002,7/24/2026 10:38,Warning,Critical,Warning,Warning
W_002,7/24/2026 10:38,Warning,Critical,Warning,Warning
W_002,7/24/2026 10:38,Warning,Critical,Warning,Warning
W_002,7/24/2026 10:38,Warning,Critical,Warning,Warning
W_002,7/24/2026 10:38,Warning,Critical,Warning,Warning
W_002,7/24/2026 10:38,Warning,Critical,Warning,Warning
W_002,7/24/2026 10:38,Warning,Critical,Warning,Warning
W_002,7/24/2026 10:38,Warning,Critical,Warning,Warning
W_002,7/24/2026 10:38,Warning,Critical,Warning,Warning
W_002,7/24/2026 10:38,Warning,Critical,Warning,Warning
W_002,7/24/2026 10:38,Warning,Critical,Warning,Warning
W_002,7/24/2026 10:38,Warning,Critical,Warning,Warning
W_002,7/24/2026 10:38,Warning,Critical,Warning,Warning
W_002,7/24/2026 10:38,Warning,Critical,Warning,Warning
W_002,7/24/2026 10:38,Warning,Critical,Warning,Warning
W_002,7/24/2026 10:38,Warning,Critical,Warning,Warning
W_002,7/24/2026 10:38,Warning,Critical,Warning,Warning
W_002,7/24/2026 10:38,Warning,Critical,Warning,Warning
W_002,7/24/2026 10:38,Warning,Critical,Warning,Warning
W_002,7/24/2026 10:38,Warning,Critical,Warning,Warning
W_002,7/24/2026 10:38,Warning,Critical,Warning,Warning
W_002,7/24/2026 10:38,Warning,Critical,Warning,Warning
W_002,7/24/2026 10:38,Warning,Critical,Warning,Warning
W_002,7/24/2026 10:38,Warning,Critical,Warning,Warning
W_002,7/24/2026 10:38,Warning,Critical,Warning,Warning
W_002,7/24/2026 10:38,Warning,Critical,Warning,Warning
W_002,7/24/2026 10:38,Warning,Critical,Warning,Warning
W_002,7/24/2026 10:38,Warning,Critical,Warning,Warning
W_002,7/24/2026 10:38,Warning,Critical,Warning,Warning
W_002,7/24/2026 10:38,Warning,Critical,Warning,Warning
W_002,7/24/2026 10:38,Warning,Critical,Warning,Warning
W_002,7/24/2026 10:38,Warning,Critical,Warning,Warning
W_002,7/24/2026 10:38,Warning,Critical,Warning,Warning
W_002,7/24/2026 10:38,Warning,Critical,Warning,Warning
W_002,7/24/2026 10:38,Warning,Critical,Warning,Warning
W_002,7/24/2026 10:38,Warning,Critical,Warning,Warning
W_002,7/24/2026 10:38,Warning,Critical,Warning,Warning
W_002,7/24/2026 10:38,Warning,Critical,Warning,Warning
W_002,7/24/2026 10:38,Warning,Critical,Warning,Warning
W_002,7/24/2026 10:38,Warning,Critical,Warning,Warning
W_002,7/24/2026 10:38,Warning,Critical,Warning,Warning
W_002,7/24/2026 10:38,Warning,Critical,Warning,Warning
W_002,7/24/2026 10:38,Warning,Critical,Warning,Warning
W_002,7/24/2026 10:38,Warning,Critical,Warning,Warning
W_002,7/24/2026 10:38,Warning,Critical,Warning,Warning
W_002,7/24/2026 10:38,Warning,Critical,Warning,Warning
W_002,7/24/2026 10:38,Warning,Critical,Warning,Warning
W_002,7/24/2026 10:38,Warning,Critical,Warning,Warning
W_002,7/24/2026 10:38,Warning,Critical,Warning,Warning
W_002,7/24/2026 10:39,Warning,Critical,Warning,Warning
W_002,7/24/2026 10:39,Warning,Critical,Warning,Warning
W_002,7/24/2026 10:39,Warning,Critical,Warning,Warning
W_002,7/24/2026 10:39,Warning,Critical,Warning,Warning
W_002,7/24/2026 10:39,Warning,Critical,Warning,Warning
W_002,7/24/2026 10:39,Warning,Critical,Warning,Warning
W_002,7/24/2026 10:39,Warning,Critical,Warning,Warning
W_002,7/24/2026 10:39,Warning,Critical,Warning,Warning
W_002,7/24/2026 10:39,Warning,Critical,Warning,Warning
W_002,7/24/2026 10:39,Warning,Critical,Warning,Warning
W_002,7/24/2026 10:39,Warning,Critical,Warning,Warning
W_002,7/24/2026 10:39,Warning,Critical,Warning,Warning
W_002,7/24/2026 10:39,Warning,Critical,Warning,Warning
W_002,7/24/2026 10:39,Warning,Critical,Warning,Warning
W_002,7/24/2026 10:39,Warning,Critical,Warning,Warning
W_002,7/24/2026 10:39,Warning,Critical,Warning,Warning
W_002,7/24/2026 10:39,Warning,Critical,Warning,Warning
W_002,7/24/2026 10:39,Warning,Critical,Warning,Warning
W_002,7/24/2026 10:39,Warning,Critical,Warning,Warning
W_002,7/24/2026 10:39,Warning,Critical,Warning,Warning
W_002,7/24/2026 10:39,Warning,Critical,Warning,Warning
W_002,7/24/2026 10:39,Warning,Critical,Warning,Warning
W_002,7/24/2026 10:39,Warning,Critical,Warning,Warning
W_002,7/24/2026 10:39,Warning,Critical,Warning,Warning
W_002,7/24/2026 10:39,Warning,Critical,Warning,Warning
W_002,7/24/2026 10:39,Warning,Critical,Warning,Warning
W_002,7/24/2026 10:39,Warning,Critical,Warning,Warning
W_002,7/24/2026 10:39,Warning,Critical,Warning,Warning
W_002,7/24/2026 10:39,Warning,Critical,Warning,Warning
W_002,7/24/2026 10:39,Warning,Critical,Warning,Warning
W_002,7/24/2026 10:39,Warning,Critical,Warning,Warning
W_002,7/24/2026 10:39,Warning,Critical,Warning,Warning
W_002,7/24/2026 10:39,Warning,Critical,Warning,Warning
W_002,7/24/2026 10:39,Warning,Critical,Safe,Warning
W_002,7/24/2026 10:39,Warning,Critical,Safe,Warning
W_002,7/24/2026 10:39,Warning,Critical,Safe,Warning
W_002,7/24/2026 10:39,Warning,Critical,Safe,Warning
W_002,7/24/2026 10:39,Warning,Critical,Safe,Warning
W_002,7/24/2026 10:39,Warning,Critical,Safe,Warning
W_002,7/24/2026 10:39,Warning,Critical,Safe,Warning
W_002,7/24/2026 10:39,Warning,Critical,Safe,Warning
W_002,7/24/2026 10:39,Warning,Critical,Safe,Warning
W_002,7/24/2026 10:39,Warning,Critical,Safe,Warning
W_002,7/24/2026 10:39,Warning,Critical,Safe,Warning
W_002,7/24/2026 10:39,Warning,Critical,Safe,Warning
W_002,7/24/2026 10:39,Warning,Critical,Safe,Warning
W_002,7/24/2026 10:39,Warning,Critical,Safe,Warning
W_002,7/24/2026 10:39,Warning,Critical,Safe,Warning
W_002,7/24/2026 10:39,Warning,Critical,Safe,Warning
W_002,7/24/2026 10:39,Warning,Critical,Safe,Warning
W_002,7/24/2026 10:39,Warning,Critical,Safe,Warning
W_002,7/24/2026 10:39,Warning,Critical,Safe,Warning
W_002,7/24/2026 10:39,Safe,Safe,Safe,Warning
W_002,7/24/2026 10:39,Safe,Safe,Safe,Warning
W_002,7/24/2026 10:39,Safe,Safe,Safe,Warning
W_002,7/24/2026 10:39,Safe,Safe,Safe,Warning
W_002,7/24/2026 10:39,Safe,Safe,Safe,Warning
W_002,7/24/2026 10:39,Safe,Safe,Safe,Warning
W_002,7/24/2026 10:39,Safe,Safe,Safe,Warning
W_002,7/24/2026 10:39,Safe,Safe,Safe,Warning
W_002,7/24/2026 10:40,Safe,Safe,Safe,Warning
W_002,7/24/2026 10:40,Safe,Safe,Safe,Warning
W_002,7/24/2026 10:40,Safe,Safe,Safe,Warning
W_002,7/24/2026 10:40,Safe,Safe,Safe,Warning
W_002,7/24/2026 10:40,Safe,Safe,Safe,Warning
W_002,7/24/2026 10:40,Safe,Safe,Safe,Warning
W_002,7/24/2026 10:40,Safe,Safe,Safe,Warning
W_002,7/24/2026 10:40,Safe,Safe,Safe,Warning
W_002,7/24/2026 10:40,Safe,Safe,Safe,Warning
W_002,7/24/2026 10:40,Safe,Safe,Safe,Warning
W_002,7/24/2026 10:40,Safe,Safe,Safe,Warning
W_002,7/24/2026 10:40,Safe,Safe,Safe,Warning
W_002,7/24/2026 10:40,Safe,Safe,Safe,Warning
W_002,7/24/2026 10:40,Safe,Safe,Safe,Warning
W_002,7/24/2026 10:40,Safe,Safe,Safe,Warning
W_002,7/24/2026 10:40,Safe,Safe,Safe,Warning
W_002,7/24/2026 10:40,Safe,Safe,Safe,Safe
W_002,7/24/2026 10:40,Safe,Safe,Safe,Safe
W_002,7/24/2026 10:40,Safe,Safe,Safe,Safe
W_002,7/24/2026 10:40,Safe,Safe,Safe,Warning
W_002,7/24/2026 10:40,Safe,Safe,Safe,Warning
W_002,7/24/2026 10:40,Safe,Safe,Safe,Warning
W_002,7/24/2026 10:40,Safe,Safe,Safe,Warning
W_002,7/24/2026 10:40,Safe,Safe,Safe,Warning
W_002,7/24/2026 10:40,Safe,Safe,Safe,Warning
W_002,7/24/2026 10:40,Safe,Safe,Safe,Warning
W_002,7/24/2026 10:40,Safe,Safe,Safe,Safe
W_002,7/24/2026 10:40,Safe,Safe,Safe,Safe
W_002,7/24/2026 10:40,Safe,Safe,Safe,Safe
W_002,7/24/2026 10:40,Safe,Safe,Safe,Safe
W_002,7/24/2026 10:40,Safe,Safe,Safe,Safe
W_002,7/24/2026 10:40,Safe,Safe,Safe,Safe
W_002,7/24/2026 10:40,Safe,Safe,Safe,Safe
W_002,7/24/2026 10:40,Safe,Safe,Safe,Safe
W_002,7/24/2026 10:40,Safe,Safe,Safe,Safe
W_002,7/24/2026 10:40,Safe,Safe,Safe,Safe
W_002,7/24/2026 10:40,Safe,Safe,Safe,Safe
W_002,7/24/2026 10:40,Safe,Safe,Safe,Safe
W_002,7/24/2026 10:40,Safe,Safe,Safe,Safe
W_002,7/24/2026 10:40,Safe,Safe,Safe,Safe
W_002,7/24/2026 10:40,Safe,Safe,Safe,Safe
W_002,7/24/2026 10:40,Safe,Safe,Safe,Safe
W_002,7/24/2026 10:40,Safe,Safe,Safe,Safe
W_002,7/24/2026 10:40,Safe,Safe,Safe,Safe
W_002,7/24/2026 10:40,Safe,Safe,Safe,Safe
W_002,7/24/2026 10:40,Safe,Safe,Safe,Safe
W_002,7/24/2026 10:40,Safe,Safe,Safe,Safe
W_002,7/24/2026 10:40,Safe,Safe,Safe,Safe
W_002,7/24/2026 10:40,Safe,Safe,Safe,Safe
W_002,7/24/2026 10:40,Safe,Safe,Safe,Safe
W_002,7/24/2026 10:40,Safe,Safe,Safe,Safe
W_002,7/24/2026 10:40,Safe,Safe,Safe,Safe
W_002,7/24/2026 10:40,Safe,Safe,Safe,Safe
W_002,7/24/2026 10:40,Safe,Safe,Safe,Safe
W_002,7/24/2026 10:40,Safe,Safe,Safe,Safe
W_002,7/24/2026 10:40,Safe,Safe,Safe,Safe
W_002,7/24/2026 10:40,Safe,Safe,Safe,Safe
W_002,7/24/2026 10:40,Safe,Safe,Safe,Safe
W_002,7/24/2026 10:40,Safe,Safe,Safe,Safe
W_002,7/24/2026 10:40,Safe,Safe,Safe,Safe
W_002,7/24/2026 10:41,Safe,Safe,Safe,Safe
W_002,7/24/2026 10:41,Safe,Safe,Safe,Safe
W_002,7/24/2026 10:41,Safe,Safe,Safe,Safe
W_002,7/24/2026 10:41,Safe,Safe,Safe,Safe
W_002,7/24/2026 10:41,Safe,Safe,Safe,Safe
W_002,7/24/2026 10:41,Safe,Safe,Safe,Safe
W_002,7/24/2026 10:41,Safe,Safe,Safe,Safe
W_002,7/24/2026 10:41,Safe,Safe,Safe,Safe
W_002,7/24/2026 10:41,Safe,Safe,Safe,Safe
W_002,7/24/2026 10:41,Safe,Safe,Safe,Safe
W_002,7/24/2026 10:41,Safe,Safe,Safe,Safe
W_002,7/24/2026 10:41,Safe,Safe,Safe,Safe
W_002,7/24/2026 10:41,Safe,Safe,Safe,Safe
W_002,7/24/2026 10:41,Safe,Safe,Safe,Safe
W_002,7/24/2026 10:41,Safe,Safe,Safe,Safe
W_002,7/24/2026 10:41,Safe,Safe,Safe,Safe
W_002,7/24/2026 10:41,Safe,Safe,Safe,Safe
W_002,7/24/2026 10:41,Safe,Safe,Safe,Safe
W_002,7/24/2026 10:41,Safe,Safe,Safe,Warning
W_002,7/24/2026 10:41,Safe,Safe,Safe,Safe
W_002,7/24/2026 10:41,Safe,Safe,Safe,Safe
W_002,7/24/2026 10:41,Safe,Safe,Safe,Safe
W_002,7/24/2026 10:41,Safe,Safe,Safe,Safe
W_002,7/24/2026 10:41,Safe,Safe,Safe,Safe
W_002,7/24/2026 10:41,Safe,Safe,Safe,Safe
W_002,7/24/2026 10:41,Safe,Safe,Safe,Warning
W_002,7/24/2026 10:41,Safe,Safe,Safe,Safe
W_002,7/24/2026 10:41,Safe,Safe,Safe,Safe
W_002,7/24/2026 10:41,Safe,Safe,Safe,Safe
W_002,7/24/2026 10:41,Safe,Safe,Safe,Safe
W_002,7/24/2026 10:41,Safe,Safe,Safe,Safe
W_002,7/24/2026 10:41,Safe,Safe,Safe,Safe
W_002,7/24/2026 10:41,Safe,Safe,Safe,Safe
W_002,7/24/2026 10:41,Safe,Safe,Safe,Warning
W_002,7/24/2026 10:41,Safe,Safe,Safe,Safe
W_002,7/24/2026 10:41,Safe,Safe,Safe,Safe
W_002,7/24/2026 10:41,Safe,Safe,Safe,Safe
W_002,7/24/2026 10:41,Safe,Safe,Safe,Safe
W_002,7/24/2026 10:41,Safe,Safe,Safe,Safe
W_002,7/24/2026 10:41,Safe,Safe,Safe,Safe
W_002,7/24/2026 10:41,Safe,Safe,Safe,Safe
W_002,7/24/2026 10:41,Safe,Safe,Safe,Warning
W_002,7/24/2026 10:41,Safe,Safe,Safe,Safe
W_002,7/24/2026 10:41,Safe,Safe,Safe,Safe
W_002,7/24/2026 10:41,Safe,Safe,Safe,Safe
W_002,7/24/2026 10:41,Safe,Safe,Safe,Safe
W_002,7/24/2026 10:41,Safe,Safe,Safe,Safe
W_002,7/24/2026 10:41,Safe,Safe,Safe,Safe
W_002,7/24/2026 10:41,Safe,Safe,Safe,Safe
W_002,7/24/2026 10:41,Safe,Safe,Safe,Safe
W_002,7/24/2026 10:41,Safe,Safe,Safe,Safe
W_002,7/24/2026 10:41,Safe,Safe,Safe,Safe
W_002,7/24/2026 10:41,Safe,Safe,Safe,Safe
W_002,7/24/2026 10:41,Safe,Safe,Safe,Safe
W_002,7/24/2026 10:41,Safe,Safe,Safe,Safe
W_002,7/24/2026 10:41,Safe,Safe,Safe,Safe
W_002,7/24/2026 10:41,Safe,Safe,Safe,Safe
W_002,7/24/2026 10:41,Safe,Safe,Safe,Safe
W_002,7/24/2026 10:41,Safe,Safe,Safe,Safe
W_002,7/24/2026 10:41,Safe,Safe,Safe,Safe
W_002,7/24/2026 10:42,Safe,Safe,Safe,Safe
W_002,7/24/2026 10:42,Safe,Safe,Safe,Safe
W_002,7/24/2026 10:42,Safe,Safe,Safe,Safe
W_002,7/24/2026 10:42,Safe,Safe,Safe,Safe
W_002,7/24/2026 10:42,Safe,Safe,Safe,Safe
W_002,7/24/2026 10:42,Safe,Safe,Safe,Safe
W_002,7/24/2026 10:42,Safe,Safe,Safe,Safe
W_002,7/24/2026 10:42,Safe,Safe,Safe,Safe
W_002,7/24/2026 10:42,Safe,Safe,Safe,Safe
W_002,7/24/2026 10:42,Safe,Safe,Safe,Safe
W_002,7/24/2026 10:42,Safe,Safe,Safe,Safe
W_002,7/24/2026 10:42,Safe,Safe,Safe,Safe
W_002,7/24/2026 10:42,Safe,Safe,Safe,Safe
W_002,7/24/2026 10:42,Safe,Safe,Safe,Safe
W_002,7/24/2026 10:42,Safe,Safe,Safe,Safe
W_002,7/24/2026 10:42,Safe,Safe,Safe,Safe
W_002,7/24/2026 10:42,Safe,Safe,Safe,Safe
W_002,7/24/2026 10:42,Safe,Safe,Safe,Safe
W_002,7/24/2026 10:42,Safe,Safe,Safe,Safe
W_002,7/24/2026 10:42,Safe,Safe,Safe,Safe
W_002,7/24/2026 10:42,Safe,Safe,Safe,Safe
W_002,7/24/2026 10:42,Safe,Safe,Safe,Safe
W_002,7/24/2026 10:42,Safe,Safe,Safe,Safe
W_002,7/24/2026 10:42,Safe,Safe,Safe,Safe
W_002,7/24/2026 10:42,Safe,Safe,Safe,Safe
W_002,7/24/2026 10:42,Safe,Safe,Safe,Safe
W_002,7/24/2026 10:42,Safe,Safe,Safe,Safe
W_002,7/24/2026 10:42,Safe,Safe,Safe,Safe
W_002,7/24/2026 10:42,Safe,Safe,Safe,Safe
W_002,7/24/2026 10:42,Safe,Safe,Safe,Safe
W_002,7/24/2026 10:42,Safe,Safe,Safe,Safe
W_002,7/24/2026 10:42,Safe,Safe,Safe,Safe
W_002,7/24/2026 10:42,Safe,Safe,Safe,Safe
W_002,7/24/2026 10:42,Safe,Safe,Safe,Safe
W_002,7/24/2026 10:42,Safe,Safe,Safe,Safe
W_002,7/24/2026 10:42,Safe,Safe,Safe,Safe
W_002,7/24/2026 10:42,Safe,Safe,Safe,Safe
W_002,7/24/2026 10:42,Safe,Safe,Safe,Safe
W_002,7/24/2026 10:42,Safe,Safe,Safe,Safe
W_002,7/24/2026 10:42,Safe,Safe,Safe,Safe
W_002,7/24/2026 10:42,Safe,Safe,Safe,Safe
W_002,7/24/2026 10:42,Safe,Safe,Safe,Safe
W_002,7/24/2026 10:42,Safe,Safe,Safe,Safe
W_002,7/24/2026 10:42,Safe,Safe,Safe,Safe
W_002,7/24/2026 10:42,Safe,Safe,Safe,Safe
W_002,7/24/2026 10:42,Safe,Safe,Safe,Safe
W_002,7/24/2026 10:42,Safe,Safe,Safe,Safe
W_002,7/24/2026 10:42,Safe,Safe,Safe,Safe
W_002,7/24/2026 10:42,Safe,Safe,Safe,Safe
W_002,7/24/2026 10:42,Safe,Safe,Safe,Safe
W_002,7/24/2026 10:42,Safe,Safe,Safe,Safe
W_002,7/24/2026 10:42,Safe,Safe,Safe,Safe
W_002,7/24/2026 10:42,Safe,Safe,Safe,Safe
W_002,7/24/2026 10:42,Safe,Safe,Safe,Safe
W_002,7/24/2026 10:42,Safe,Safe,Safe,Safe
W_002,7/24/2026 10:42,Safe,Safe,Safe,Safe
W_002,7/24/2026 10:42,Safe,Safe,Safe,Safe
W_002,7/24/2026 10:42,Safe,Safe,Safe,Safe
W_002,7/24/2026 10:42,Safe,Safe,Safe,Safe
W_002,7/24/2026 10:42,Safe,Safe,Safe,Safe
W_002,7/24/2026 10:43,Safe,Safe,Safe,Safe
W_002,7/24/2026 10:43,Safe,Safe,Safe,Safe
W_002,7/24/2026 10:43,Safe,Safe,Safe,Safe
W_002,7/24/2026 10:43,Safe,Safe,Safe,Safe
W_002,7/24/2026 10:43,Safe,Safe,Safe,Safe
W_002,7/24/2026 10:43,Safe,Safe,Safe,Safe
W_002,7/24/2026 10:43,Safe,Safe,Safe,Safe
W_002,7/24/2026 10:43,Safe,Safe,Safe,Safe
W_002,7/24/2026 10:43,Safe,Safe,Safe,Safe
W_002,7/24/2026 10:43,Safe,Safe,Safe,Safe
W_002,7/24/2026 10:43,Safe,Safe,Safe,Safe
W_002,7/24/2026 10:43,Safe,Safe,Safe,Safe
W_002,7/24/2026 10:43,Safe,Safe,Safe,Safe
W_002,7/24/2026 10:43,Safe,Safe,Safe,Safe
W_002,7/24/2026 10:43,Safe,Safe,Safe,Safe
W_002,7/24/2026 10:43,Safe,Safe,Safe,Safe
W_002,7/24/2026 10:43,Safe,Safe,Safe,Safe
W_002,7/24/2026 10:43,Safe,Safe,Safe,Safe
W_002,7/24/2026 10:43,Safe,Safe,Safe,Safe
W_002,7/24/2026 10:43,Safe,Safe,Safe,Safe
W_002,7/24/2026 10:43,Safe,Safe,Safe,Safe
W_002,7/24/2026 10:43,Safe,Safe,Safe,Safe
W_002,7/24/2026 10:43,Safe,Safe,Safe,Safe
W_002,7/24/2026 10:43,Safe,Safe,Safe,Safe
W_002,7/24/2026 10:43,Safe,Safe,Safe,Safe
W_002,7/24/2026 10:43,Safe,Safe,Safe,Safe
W_002,7/24/2026 10:43,Safe,Safe,Safe,Safe
W_002,7/24/2026 10:43,Safe,Safe,Safe,Safe
W_002,7/24/2026 10:43,Safe,Safe,Safe,Safe
W_002,7/24/2026 10:43,Safe,Safe,Safe,Safe
W_002,7/24/2026 10:43,Safe,Safe,Safe,Safe
W_002,7/24/2026 10:43,Safe,Safe,Safe,Safe
W_002,7/24/2026 10:43,Safe,Safe,Safe,Safe
W_002,7/24/2026 10:43,Safe,Safe,Safe,Safe
W_002,7/24/2026 10:43,Safe,Safe,Safe,Safe
W_002,7/24/2026 10:43,Safe,Safe,Safe,Safe
W_002,7/24/2026 10:43,Safe,Safe,Safe,Safe
W_002,7/24/2026 10:43,Safe,Safe,Safe,Safe
W_002,7/24/2026 10:43,Safe,Safe,Safe,Safe
W_002,7/24/2026 10:43,Safe,Safe,Safe,Safe
W_002,7/24/2026 10:43,Safe,Safe,Safe,Safe
W_002,7/24/2026 10:43,Safe,Safe,Safe,Safe
W_002,7/24/2026 10:43,Safe,Safe,Safe,Safe
W_002,7/24/2026 10:43,Safe,Safe,Safe,Safe
W_002,7/24/2026 10:43,Safe,Safe,Safe,Safe
W_002,7/24/2026 10:43,Safe,Safe,Safe,Safe
W_002,7/24/2026 10:43,Safe,Safe,Safe,Safe
W_002,7/24/2026 10:43,Safe,Safe,Safe,Safe
W_002,7/24/2026 10:43,Safe,Safe,Safe,Safe
W_002,7/24/2026 10:43,Safe,Safe,Safe,Safe
W_002,7/24/2026 10:43,Safe,Safe,Safe,Safe
W_002,7/24/2026 10:43,Safe,Safe,Safe,Safe
W_002,7/24/2026 10:43,Safe,Safe,Safe,Safe
W_002,7/24/2026 10:43,Safe,Safe,Safe,Safe
W_002,7/24/2026 10:43,Safe,Safe,Safe,Safe
W_002,7/24/2026 10:43,Safe,Safe,Safe,Safe
W_002,7/24/2026 10:43,Safe,Safe,Safe,Safe
W_002,7/24/2026 10:44,Safe,Safe,Safe,Safe
W_002,7/24/2026 10:44,Safe,Safe,Safe,Safe
W_002,7/24/2026 10:44,Safe,Safe,Safe,Safe
W_002,7/24/2026 10:44,Safe,Safe,Safe,Safe
W_002,7/24/2026 10:44,Safe,Safe,Safe,Safe
W_002,7/24/2026 10:44,Safe,Safe,Safe,Safe
W_002,7/24/2026 10:44,Safe,Safe,Safe,Safe
W_002,7/24/2026 10:44,Safe,Safe,Safe,Safe
W_002,7/24/2026 10:44,Safe,Safe,Safe,Safe
W_002,7/24/2026 10:44,Safe,Safe,Safe,Safe
W_002,7/24/2026 10:44,Safe,Safe,Safe,Safe
W_002,7/24/2026 10:44,Safe,Safe,Safe,Safe
W_002,7/24/2026 10:44,Safe,Safe,Safe,Safe
W_002,7/24/2026 10:44,Safe,Safe,Safe,Safe
W_002,7/24/2026 10:44,Safe,Safe,Safe,Safe
W_002,7/24/2026 10:44,Safe,Safe,Safe,Safe
W_002,7/24/2026 10:44,Safe,Safe,Safe,Safe
W_002,7/24/2026 10:44,Safe,Safe,Safe,Safe
W_002,7/24/2026 10:44,Safe,Safe,Safe,Safe
W_002,7/24/2026 10:44,Safe,Safe,Safe,Safe
W_002,7/24/2026 10:44,Safe,Safe,Safe,Safe
W_002,7/24/2026 10:44,Safe,Safe,Safe,Safe
W_002,7/24/2026 10:44,Safe,Safe,Safe,Safe
W_002,7/24/2026 10:44,Safe,Safe,Safe,Warning
W_002,7/24/2026 10:44,Safe,Safe,Warning,Warning
W_002,7/24/2026 10:44,Safe,Safe,Warning,Warning
W_002,7/24/2026 10:44,Safe,Safe,Safe,Safe
W_002,7/24/2026 10:44,Safe,Safe,Safe,Safe
W_002,7/24/2026 10:44,Safe,Safe,Safe,Warning
W_002,7/24/2026 10:44,Safe,Safe,Safe,Warning
W_002,7/24/2026 10:44,Safe,Safe,Safe,Safe
W_002,7/24/2026 10:44,Safe,Safe,Safe,Safe
W_002,7/24/2026 10:44,Safe,Safe,Safe,Safe
W_002,7/24/2026 10:44,Safe,Safe,Safe,Safe
W_002,7/24/2026 10:44,Safe,Safe,Safe,Safe
W_002,7/24/2026 10:44,Safe,Safe,Safe,Safe
W_002,7/24/2026 10:44,Safe,Safe,Safe,Safe
W_002,7/24/2026 10:44,Safe,Safe,Safe,Safe
W_002,7/24/2026 10:44,Safe,Safe,Safe,Safe
W_002,7/24/2026 10:44,Safe,Safe,Safe,Safe
W_002,7/24/2026 10:44,Safe,Safe,Safe,Safe
W_002,7/24/2026 10:44,Safe,Safe,Safe,Safe
W_002,7/24/2026 10:44,Safe,Safe,Safe,Safe
W_002,7/24/2026 10:44,Safe,Safe,Safe,Safe
W_002,7/24/2026 10:44,Safe,Safe,Safe,Safe
W_002,7/24/2026 10:44,Safe,Safe,Safe,Safe
W_002,7/24/2026 10:44,Safe,Safe,Safe,Safe
W_002,7/24/2026 10:44,Safe,Safe,Safe,Safe
W_002,7/24/2026 10:44,Safe,Safe,Safe,Safe
W_002,7/24/2026 10:44,Safe,Safe,Safe,Safe
W_002,7/24/2026 10:44,Safe,Safe,Safe,Safe
W_002,7/24/2026 10:44,Safe,Safe,Safe,Safe
W_002,7/24/2026 10:44,Safe,Safe,Safe,Safe
W_002,7/24/2026 10:44,Safe,Safe,Safe,Safe
W_002,7/24/2026 10:44,Safe,Safe,Safe,Safe
W_002,7/24/2026 10:44,Safe,Safe,Safe,Safe
W_002,7/24/2026 10:44,Safe,Safe,Safe,Safe
W_002,7/24/2026 10:44,Safe,Safe,Safe,Safe
W_002,7/24/2026 10:44,Safe,Safe,Safe,Safe
W_002,7/24/2026 10:44,Safe,Safe,Safe,Safe
W_002,7/24/2026 10:45,Safe,Safe,Safe,Safe
W_002,7/24/2026 10:45,Safe,Safe,Safe,Safe
W_002,7/24/2026 10:45,Safe,Safe,Safe,Safe
W_002,7/24/2026 10:45,Safe,Safe,Safe,Safe
W_002,7/24/2026 10:45,Safe,Safe,Safe,Safe
W_002,7/24/2026 10:45,Safe,Safe,Safe,Safe
W_002,7/24/2026 10:45,Safe,Safe,Safe,Safe
W_002,7/24/2026 10:45,Safe,Safe,Safe,Safe
W_002,7/24/2026 10:45,Safe,Safe,Safe,Safe
W_002,7/24/2026 10:45,Safe,Safe,Safe,Safe
W_002,7/24/2026 10:45,Safe,Safe,Safe,Safe
W_002,7/24/2026 10:45,Safe,Safe,Safe,Safe
W_002,7/24/2026 10:45,Safe,Safe,Safe,Safe
W_002,7/24/2026 10:45,Safe,Safe,Safe,Safe
W_002,7/24/2026 10:45,Safe,Safe,Safe,Safe
W_002,7/24/2026 10:45,Safe,Safe,Safe,Safe
W_002,7/24/2026 10:45,Safe,Safe,Safe,Safe
W_002,7/24/2026 10:45,Safe,Safe,Safe,Safe
W_002,7/24/2026 10:45,Safe,Safe,Safe,Safe
W_002,7/24/2026 10:45,Safe,Safe,Safe,Safe
W_002,7/24/2026 10:45,Safe,Safe,Safe,Safe
W_002,7/24/2026 10:45,Safe,Safe,Safe,Safe
W_002,7/24/2026 10:45,Safe,Safe,Safe,Warning
W_002,7/24/2026 10:45,Safe,Safe,Safe,Safe
W_002,7/24/2026 10:45,Safe,Safe,Safe,Safe
W_002,7/24/2026 10:45,Safe,Safe,Safe,Safe
W_002,7/24/2026 10:45,Safe,Safe,Safe,Safe
W_002,7/24/2026 10:45,Safe,Safe,Safe,Safe
W_002,7/24/2026 10:45,Safe,Safe,Safe,Safe
W_002,7/24/2026 10:45,Safe,Safe,Safe,Safe
W_002,7/24/2026 10:45,Safe,Safe,Safe,Safe
W_002,7/24/2026 10:45,Safe,Safe,Safe,Safe
W_002,7/24/2026 10:45,Safe,Safe,Safe,Safe
W_002,7/24/2026 10:45,Safe,Safe,Safe,Safe
W_002,7/24/2026 10:45,Safe,Safe,Safe,Safe
W_002,7/24/2026 10:45,Safe,Safe,Safe,Safe
W_002,7/24/2026 10:45,Safe,Safe,Safe,Safe
W_002,7/24/2026 10:45,Safe,Safe,Safe,Safe
W_002,7/24/2026 10:45,Safe,Safe,Safe,Safe
W_002,7/24/2026 10:45,Safe,Safe,Safe,Safe
W_002,7/24/2026 10:45,Safe,Safe,Safe,Safe
W_002,7/24/2026 10:46,Safe,Safe,Safe,Safe
W_002,7/24/2026 10:46,Safe,Safe,Safe,Safe
W_002,7/24/2026 10:46,Safe,Safe,Safe,Safe
W_002,7/24/2026 10:46,Safe,Safe,Safe,Safe
W_002,7/24/2026 10:46,Safe,Safe,Safe,Safe
W_002,7/24/2026 10:46,Safe,Safe,Safe,Safe
W_002,7/24/2026 10:46,Safe,Safe,Safe,Safe
W_002,7/24/2026 10:46,Safe,Safe,Safe,Safe
W_002,7/24/2026 10:46,Safe,Safe,Safe,Safe
W_002,7/24/2026 10:46,Safe,Safe,Safe,Safe
W_002,7/24/2026 10:46,Safe,Safe,Safe,Safe
W_002,7/24/2026 10:46,Safe,Safe,Safe,Safe
W_002,7/24/2026 10:46,Safe,Safe,Safe,Safe
W_002,7/24/2026 10:46,Safe,Safe,Safe,Safe
W_002,7/24/2026 10:46,Safe,Safe,Safe,Safe
W_002,7/24/2026 10:46,Safe,Safe,Safe,Safe
W_002,7/24/2026 10:46,Safe,Safe,Safe,Safe
W_002,7/24/2026 10:46,Safe,Safe,Safe,Safe
W_002,7/24/2026 10:46,Safe,Safe,Safe,Safe
W_002,7/24/2026 10:46,Safe,Safe,Safe,Safe
W_002,7/24/2026 10:46,Safe,Safe,Safe,Safe
W_002,7/24/2026 10:46,Safe,Safe,Safe,Safe
W_002,7/24/2026 10:46,Safe,Safe,Safe,Safe
W_002,7/24/2026 10:46,Safe,Safe,Safe,Safe
W_002,7/24/2026 10:46,Safe,Safe,Safe,Safe
W_002,7/24/2026 10:46,Safe,Safe,Safe,Safe
W_002,7/24/2026 10:46,Safe,Safe,Safe,Safe
W_002,7/24/2026 10:46,Safe,Safe,Safe,Safe
W_002,7/24/2026 10:46,Safe,Safe,Safe,Safe
W_002,7/24/2026 10:46,Safe,Safe,Safe,Safe
W_002,7/24/2026 10:46,Safe,Safe,Safe,Safe
W_002,7/24/2026 10:46,Safe,Safe,Safe,Safe
W_002,7/24/2026 10:46,Safe,Safe,Safe,Safe
W_002,7/24/2026 10:46,Safe,Safe,Safe,Safe
W_002,7/24/2026 10:46,Safe,Safe,Safe,Safe
W_002,7/24/2026 10:46,Safe,Safe,Safe,Safe
W_002,7/24/2026 10:46,Safe,Safe,Safe,Safe
W_002,7/24/2026 10:46,Safe,Safe,Safe,Safe
W_002,7/24/2026 10:46,Safe,Safe,Safe,Safe
W_002,7/24/2026 10:46,Safe,Safe,Safe,Safe
W_002,7/24/2026 10:46,Safe,Safe,Safe,Safe
W_002,7/24/2026 10:46,Safe,Safe,Safe,Safe
W_002,7/24/2026 10:46,Safe,Safe,Safe,Safe
W_002,7/24/2026 10:46,Safe,Safe,Safe,Safe
W_002,7/24/2026 10:46,Safe,Safe,Safe,Safe
W_002,7/24/2026 10:46,Safe,Safe,Safe,Safe
W_002,7/24/2026 10:46,Safe,Safe,Safe,Safe
W_002,7/24/2026 10:46,Safe,Safe,Safe,Safe
W_002,7/24/2026 10:47,Safe,Safe,Safe,Safe
W_002,7/24/2026 10:47,Safe,Safe,Safe,Safe
W_002,7/24/2026 10:47,Safe,Safe,Safe,Safe
W_002,7/24/2026 10:47,Safe,Safe,Safe,Safe
W_002,7/24/2026 10:47,Safe,Safe,Safe,Safe
W_002,7/24/2026 10:47,Safe,Safe,Safe,Safe
W_002,7/24/2026 10:47,Safe,Safe,Safe,Safe
W_002,7/24/2026 10:47,Safe,Safe,Safe,Safe
W_002,7/24/2026 10:47,Safe,Safe,Safe,Safe
W_002,7/24/2026 10:47,Safe,Safe,Safe,Safe
W_002,7/24/2026 10:47,Safe,Safe,Safe,Safe
W_002,7/24/2026 10:47,Safe,Safe,Safe,Safe
W_002,7/24/2026 10:47,Safe,Safe,Safe,Safe
W_002,7/24/2026 10:47,Safe,Safe,Safe,Safe
W_002,7/24/2026 10:47,Safe,Safe,Safe,Safe
W_002,7/24/2026 10:47,Safe,Safe,Safe,Safe
W_002,7/24/2026 10:47,Safe,Safe,Safe,Safe
W_002,7/24/2026 10:47,Safe,Safe,Safe,Safe
W_002,7/24/2026 10:47,Safe,Safe,Safe,Safe
W_002,7/24/2026 10:47,Safe,Safe,Safe,Safe
W_002,7/24/2026 10:47,Safe,Safe,Safe,Safe
W_002,7/24/2026 10:47,Safe,Safe,Safe,Safe
W_002,7/24/2026 10:47,Safe,Safe,Safe,Safe
W_002,7/24/2026 10:47,Safe,Safe,Safe,Safe
W_002,7/24/2026 10:47,Safe,Safe,Safe,Safe
W_002,7/24/2026 10:47,Safe,Safe,Safe,Safe
W_002,7/24/2026 10:47,Safe,Safe,Safe,Safe
W_002,7/24/2026 10:47,Safe,Safe,Safe,Safe
W_002,7/24/2026 10:47,Safe,Safe,Safe,Safe
W_002,7/24/2026 10:47,Safe,Safe,Safe,Safe
W_002,7/24/2026 10:47,Safe,Safe,Safe,Safe
W_002,7/24/2026 10:47,Safe,Safe,Safe,Safe
W_002,7/24/2026 10:47,Safe,Safe,Safe,Safe
W_002,7/24/2026 10:47,Safe,Safe,Safe,Safe
W_002,7/24/2026 10:47,Safe,Safe,Safe,Safe
W_002,7/24/2026 10:47,Safe,Safe,Safe,Safe
W_002,7/24/2026 10:47,Safe,Safe,Safe,Safe
W_002,7/24/2026 10:47,Safe,Safe,Safe,Safe
W_002,7/24/2026 10:47,Safe,Safe,Safe,Safe
W_002,7/24/2026 10:47,Safe,Safe,Safe,Safe
W_002,7/24/2026 10:47,Safe,Safe,Safe,Safe
W_002,7/24/2026 10:47,Safe,Safe,Safe,Safe
W_002,7/24/2026 10:47,Safe,Safe,Safe,Safe
W_002,7/24/2026 10:47,Safe,Safe,Safe,Safe
W_002,7/24/2026 10:47,Safe,Safe,Safe,Safe
W_002,7/24/2026 10:47,Safe,Safe,Safe,Safe
W_002,7/24/2026 10:47,Safe,Safe,Safe,Safe
W_002,7/24/2026 10:47,Safe,Safe,Safe,Safe
W_002,7/24/2026 10:47,Safe,Safe,Safe,Safe
W_002,7/24/2026 10:47,Safe,Safe,Safe,Safe
W_002,7/24/2026 10:47,Safe,Safe,Safe,Safe
W_002,7/24/2026 10:47,Safe,Safe,Safe,Safe
W_002,7/24/2026 10:47,Safe,Safe,Safe,Safe
W_002,7/24/2026 10:47,Safe,Safe,Safe,Safe
W_002,7/24/2026 10:47,Safe,Safe,Safe,Safe
W_002,7/24/2026 10:47,Safe,Safe,Safe,Safe
W_002,7/24/2026 10:47,Safe,Safe,Safe,Safe
W_002,7/24/2026 10:47,Safe,Safe,Safe,Safe
W_002,7/24/2026 10:47,Safe,Safe,Safe,Safe
W_002,7/24/2026 10:47,Safe,Safe,Safe,Safe
W_002,7/24/2026 10:48,Safe,Safe,Safe,Safe
W_002,7/24/2026 10:48,Safe,Safe,Safe,Safe
W_002,7/24/2026 10:48,Safe,Safe,Safe,Safe
W_002,7/24/2026 10:48,Safe,Safe,Safe,Safe
W_002,7/24/2026 10:48,Safe,Safe,Safe,Safe
W_002,7/24/2026 10:48,Safe,Safe,Safe,Safe
W_002,7/24/2026 10:48,Safe,Safe,Safe,Safe
W_002,7/24/2026 10:48,Safe,Safe,Safe,Safe
W_002,7/24/2026 10:48,Safe,Safe,Safe,Safe
W_002,7/24/2026 10:48,Safe,Safe,Safe,Safe
W_002,7/24/2026 10:48,Safe,Safe,Safe,Safe
W_002,7/24/2026 10:48,Safe,Safe,Safe,Safe
W_002,7/24/2026 10:48,Safe,Safe,Safe,Safe
W_002,7/24/2026 10:48,Safe,Safe,Safe,Safe
W_002,7/24/2026 10:48,Safe,Safe,Safe,Safe
W_002,7/24/2026 10:48,Safe,Safe,Safe,Safe
W_002,7/24/2026 10:48,Safe,Safe,Safe,Safe
W_002,7/24/2026 10:48,Safe,Safe,Safe,Safe
W_002,7/24/2026 10:48,Safe,Safe,Safe,Safe
W_002,7/24/2026 10:48,Safe,Safe,Safe,Safe
W_002,7/24/2026 10:48,Safe,Safe,Safe,Safe
W_002,7/24/2026 10:48,Safe,Safe,Safe,Safe
W_002,7/24/2026 10:48,Safe,Safe,Safe,Safe
W_002,7/24/2026 10:48,Safe,Safe,Safe,Safe
W_002,7/24/2026 10:48,Safe,Safe,Safe,Safe
W_002,7/24/2026 10:48,Safe,Safe,Safe,Safe
W_002,7/24/2026 10:48,Safe,Safe,Safe,Safe
W_002,7/24/2026 10:48,Safe,Safe,Safe,Safe
W_002,7/24/2026 10:48,Safe,Safe,Safe,Safe
W_002,7/24/2026 10:48,Safe,Safe,Safe,Safe
W_002,7/24/2026 10:48,Safe,Safe,Safe,Safe
W_002,7/24/2026 10:48,Safe,Safe,Safe,Safe
W_002,7/24/2026 10:48,Safe,Safe,Safe,Safe
W_002,7/24/2026 10:48,Safe,Safe,Safe,Safe
W_002,7/24/2026 10:48,Safe,Safe,Safe,Safe
W_002,7/24/2026 10:48,Safe,Safe,Safe,Safe
W_002,7/24/2026 10:48,Safe,Safe,Safe,Safe
W_002,7/24/2026 10:48,Safe,Safe,Safe,Safe
W_002,7/24/2026 10:48,Safe,Safe,Safe,Safe
W_002,7/24/2026 10:48,Safe,Safe,Safe,Safe
W_002,7/24/2026 10:49,Safe,Safe,Safe,Safe
W_002,7/24/2026 10:49,Safe,Safe,Safe,Safe
W_002,7/24/2026 10:49,Safe,Safe,Safe,Safe
W_002,7/24/2026 10:49,Safe,Safe,Safe,Safe
W_002,7/24/2026 10:49,Safe,Safe,Safe,Safe
W_002,7/24/2026 10:49,Safe,Safe,Safe,Safe
W_002,7/24/2026 10:49,Safe,Safe,Safe,Safe
W_002,7/24/2026 10:49,Safe,Safe,Safe,Safe
W_002,7/24/2026 10:49,Safe,Safe,Safe,Safe
W_002,7/24/2026 10:49,Safe,Safe,Safe,Safe
W_002,7/24/2026 10:49,Safe,Safe,Safe,Safe
W_002,7/24/2026 10:49,Safe,Safe,Safe,Safe
W_002,7/24/2026 10:49,Safe,Safe,Safe,Safe
W_002,7/24/2026 10:49,Safe,Safe,Safe,Safe
W_002,7/24/2026 10:49,Safe,Safe,Safe,Safe
W_002,7/24/2026 10:49,Safe,Safe,Safe,Safe
W_002,7/24/2026 10:49,Safe,Safe,Safe,Safe
W_002,7/24/2026 10:49,Safe,Safe,Safe,Safe
W_002,7/24/2026 10:49,Safe,Safe,Safe,Safe
W_002,7/24/2026 10:49,Safe,Safe,Safe,Safe
W_002,7/24/2026 10:49,Safe,Safe,Safe,Safe
W_002,7/24/2026 10:49,Safe,Safe,Safe,Safe
W_002,7/24/2026 10:49,Safe,Safe,Safe,Safe
W_002,7/24/2026 10:49,Safe,Safe,Safe,Safe
W_002,7/24/2026 10:49,Safe,Safe,Safe,Safe
W_002,7/24/2026 10:49,Safe,Safe,Safe,Safe
W_002,7/24/2026 10:49,Safe,Safe,Safe,Safe
W_002,7/24/2026 10:49,Safe,Safe,Safe,Safe
W_002,7/24/2026 10:49,Safe,Safe,Safe,Safe
W_002,7/24/2026 10:49,Safe,Safe,Safe,Safe
W_002,7/24/2026 10:49,Safe,Safe,Safe,Safe
W_002,7/24/2026 10:49,Safe,Safe,Safe,Safe
W_002,7/24/2026 10:49,Safe,Safe,Safe,Safe
W_002,7/24/2026 10:49,Safe,Safe,Safe,Safe
W_002,7/24/2026 10:49,Safe,Safe,Safe,Safe
W_002,7/24/2026 10:49,Safe,Safe,Safe,Safe
W_002,7/24/2026 10:49,Safe,Safe,Safe,Safe
W_002,7/24/2026 10:49,Safe,Safe,Safe,Safe
W_002,7/24/2026 10:49,Safe,Safe,Safe,Safe
W_002,7/24/2026 10:49,Safe,Safe,Safe,Safe
W_002,7/24/2026 10:49,Safe,Safe,Safe,Safe
W_002,7/24/2026 10:49,Safe,Safe,Safe,Safe
W_002,7/24/2026 10:49,Safe,Safe,Safe,Safe
W_002,7/24/2026 10:49,Safe,Safe,Safe,Safe
W_002,7/24/2026 10:49,Safe,Safe,Safe,Safe
W_002,7/24/2026 10:49,Safe,Safe,Safe,Safe
W_002,7/24/2026 10:49,Safe,Safe,Safe,Safe
W_002,7/24/2026 10:49,Safe,Safe,Safe,Safe
W_002,7/24/2026 10:49,Safe,Safe,Safe,Safe
W_002,7/24/2026 10:49,Safe,Safe,Safe,Safe
W_002,7/24/2026 10:49,Safe,Safe,Safe,Safe
W_002,7/24/2026 10:49,Safe,Safe,Safe,Safe
W_002,7/24/2026 10:49,Safe,Safe,Safe,Safe
W_002,7/24/2026 10:49,Safe,Safe,Safe,Safe
W_002,7/24/2026 10:49,Safe,Safe,Safe,Safe
W_002,7/24/2026 10:49,Safe,Safe,Safe,Safe
W_002,7/24/2026 10:49,Safe,Safe,Safe,Safe
W_002,7/24/2026 10:49,Safe,Safe,Safe,Safe
W_002,7/24/2026 10:49,Safe,Safe,Safe,Safe
W_002,7/24/2026 10:49,Safe,Safe,Safe,Safe
W_002,7/24/2026 10:50,Safe,Safe,Safe,Safe
W_002,7/24/2026 10:50,Safe,Safe,Safe,Safe
W_002,7/24/2026 10:50,Safe,Safe,Safe,Safe
W_002,7/24/2026 10:50,Safe,Safe,Safe,Safe
W_002,7/24/2026 10:50,Safe,Safe,Safe,Safe
W_002,7/24/2026 10:50,Safe,Safe,Safe,Safe
W_002,7/24/2026 10:50,Safe,Safe,Safe,Safe
W_002,7/24/2026 10:50,Safe,Safe,Safe,Safe
W_002,7/24/2026 10:50,Safe,Safe,Safe,Safe
W_002,7/24/2026 10:50,Safe,Safe,Safe,Safe
W_002,7/24/2026 10:50,Safe,Safe,Safe,Safe
W_002,7/24/2026 10:50,Safe,Safe,Safe,Safe
W_002,7/24/2026 10:50,Safe,Safe,Safe,Safe
W_002,7/24/2026 10:50,Safe,Safe,Safe,Safe
W_002,7/24/2026 10:50,Safe,Safe,Safe,Safe
W_002,7/24/2026 10:50,Safe,Safe,Safe,Safe
W_002,7/24/2026 10:50,Safe,Safe,Safe,Safe
W_002,7/24/2026 10:50,Safe,Safe,Safe,Safe
W_002,7/24/2026 10:50,Safe,Safe,Safe,Safe
W_002,7/24/2026 10:50,Safe,Safe,Safe,Safe
W_002,7/24/2026 10:50,Safe,Safe,Safe,Safe
W_002,7/24/2026 10:50,Safe,Safe,Safe,Safe
W_002,7/24/2026 10:50,Safe,Safe,Safe,Safe
W_002,7/24/2026 10:50,Safe,Safe,Safe,Safe
W_002,7/24/2026 10:50,Safe,Safe,Safe,Safe
W_002,7/24/2026 10:50,Safe,Safe,Safe,Safe
W_002,7/24/2026 10:50,Safe,Safe,Safe,Safe
W_002,7/24/2026 10:50,Safe,Safe,Safe,Safe
W_002,7/24/2026 10:50,Safe,Safe,Safe,Safe
W_002,7/24/2026 10:50,Safe,Safe,Safe,Safe
W_002,7/24/2026 10:50,Safe,Safe,Safe,Safe
W_002,7/24/2026 10:50,Safe,Safe,Safe,Safe
W_002,7/24/2026 10:50,Safe,Safe,Safe,Safe
W_002,7/24/2026 10:50,Safe,Safe,Safe,Warning
W_002,7/24/2026 10:50,Safe,Safe,Safe,Safe
W_002,7/24/2026 10:50,Safe,Safe,Safe,Warning
W_002,7/24/2026 10:50,Safe,Safe,Safe,Warning
W_002,7/24/2026 10:50,Safe,Safe,Safe,Warning
W_002,7/24/2026 10:50,Safe,Safe,Safe,Warning
W_002,7/24/2026 10:50,Safe,Safe,Safe,Safe
W_002,7/24/2026 10:50,Safe,Safe,Safe,Warning
W_002,7/24/2026 10:50,Safe,Safe,Safe,Warning
W_002,7/24/2026 10:50,Safe,Safe,Safe,Warning
W_002,7/24/2026 10:50,Safe,Safe,Safe,Safe
W_002,7/24/2026 10:50,Safe,Safe,Safe,Warning
W_002,7/24/2026 10:50,Safe,Safe,Safe,Safe
W_002,7/24/2026 10:50,Safe,Safe,Safe,Safe
W_002,7/24/2026 10:50,Safe,Safe,Safe,Safe
W_002,7/24/2026 10:50,Safe,Safe,Safe,Warning
W_002,7/24/2026 10:51,Safe,Safe,Safe,Warning
W_002,7/24/2026 10:51,Safe,Safe,Safe,Warning
W_002,7/24/2026 10:51,Safe,Safe,Safe,Warning
W_002,7/24/2026 10:51,Safe,Safe,Safe,Warning
W_002,7/24/2026 10:51,Safe,Safe,Safe,Warning
W_002,7/24/2026 10:51,Safe,Safe,Safe,Warning
W_002,7/24/2026 10:51,Safe,Safe,Safe,Warning
W_002,7/24/2026 10:51,Safe,Safe,Safe,Warning
W_002,7/24/2026 10:51,Safe,Safe,Safe,Warning
W_002,7/24/2026 10:51,Safe,Safe,Safe,Warning
W_002,7/24/2026 10:51,Safe,Safe,Safe,Warning
W_002,7/24/2026 10:51,Safe,Safe,Safe,Warning
W_002,7/24/2026 10:51,Safe,Safe,Safe,Warning
W_002,7/24/2026 10:51,Safe,Safe,Safe,Warning
W_002,7/24/2026 10:51,Safe,Safe,Safe,Warning
W_002,7/24/2026 10:51,Safe,Safe,Safe,Warning
W_002,7/24/2026 10:51,Safe,Safe,Safe,Warning
W_002,7/24/2026 10:51,Safe,Safe,Safe,Warning
W_002,7/24/2026 10:51,Safe,Safe,Safe,Warning
W_002,7/24/2026 10:51,Safe,Safe,Safe,Warning
W_002,7/24/2026 10:51,Safe,Safe,Safe,Warning
W_002,7/24/2026 10:51,Safe,Safe,Safe,Warning
W_002,7/24/2026 10:51,Safe,Safe,Safe,Warning
W_002,7/24/2026 10:51,Safe,Safe,Safe,Warning
W_002,7/24/2026 10:51,Safe,Safe,Safe,Warning
W_002,7/24/2026 10:51,Safe,Safe,Safe,Warning
W_002,7/24/2026 10:51,Safe,Safe,Safe,Warning
W_002,7/24/2026 10:51,Safe,Safe,Safe,Warning
W_002,7/24/2026 10:51,Safe,Safe,Safe,Warning
W_002,7/24/2026 10:51,Safe,Safe,Safe,Warning
W_002,7/24/2026 10:51,Safe,Safe,Safe,Warning
W_002,7/24/2026 10:51,Safe,Safe,Safe,Warning
W_002,7/24/2026 10:51,Safe,Safe,Safe,Warning
W_002,7/24/2026 10:51,Safe,Safe,Safe,Warning
W_002,7/24/2026 10:51,Safe,Safe,Safe,Warning
W_002,7/24/2026 10:51,Safe,Safe,Warning,Safe
W_002,7/24/2026 10:51,Safe,Safe,Warning,Safe
W_002,7/24/2026 10:51,Safe,Safe,Safe,Warning
W_002,7/24/2026 10:51,Safe,Safe,Safe,Warning
W_002,7/24/2026 10:51,Safe,Safe,Safe,Warning
W_002,7/24/2026 10:51,Safe,Safe,Warning,Warning
W_002,7/24/2026 10:51,Safe,Safe,Safe,Warning
W_002,7/24/2026 10:51,Safe,Safe,Safe,Warning
W_002,7/24/2026 10:51,Safe,Safe,Warning,Warning
W_002,7/24/2026 10:51,Safe,Safe,Warning,Warning
W_002,7/24/2026 10:51,Safe,Safe,Warning,Warning
W_002,7/24/2026 10:51,Safe,Safe,Warning,Warning
W_002,7/24/2026 10:51,Safe,Safe,Warning,Warning
W_002,7/24/2026 10:51,Safe,Safe,Warning,Warning
W_002,7/24/2026 10:51,Safe,Safe,Warning,Warning
W_002,7/24/2026 10:51,Safe,Safe,Warning,Warning
W_002,7/24/2026 10:51,Safe,Safe,Warning,Warning
W_002,7/24/2026 10:51,Safe,Safe,Warning,Warning
W_002,7/24/2026 10:51,Safe,Safe,Warning,Warning
W_002,7/24/2026 10:51,Safe,Safe,Warning,Warning
W_002,7/24/2026 10:51,Safe,Safe,Warning,Warning
W_002,7/24/2026 10:51,Safe,Safe,Warning,Warning
W_002,7/24/2026 10:52,Safe,Safe,Warning,Warning
W_002,7/24/2026 10:52,Safe,Safe,Warning,Warning
W_002,7/24/2026 10:52,Safe,Safe,Warning,Warning
W_002,7/24/2026 10:52,Safe,Safe,Warning,Warning
W_002,7/24/2026 10:52,Safe,Safe,Warning,Warning
W_002,7/24/2026 10:52,Safe,Safe,Warning,Warning
W_002,7/24/2026 10:52,Safe,Safe,Warning,Warning
W_002,7/24/2026 10:52,Safe,Safe,Warning,Warning
W_002,7/24/2026 10:52,Safe,Safe,Warning,Warning
W_002,7/24/2026 10:52,Safe,Safe,Warning,Warning
W_002,7/24/2026 10:52,Safe,Safe,Warning,Warning
W_002,7/24/2026 10:52,Safe,Safe,Warning,Warning
W_002,7/24/2026 10:52,Safe,Safe,Warning,Warning
W_002,7/24/2026 10:52,Safe,Safe,Warning,Warning
W_002,7/24/2026 10:52,Warning,Safe,Warning,Warning
W_002,7/24/2026 10:52,Warning,Safe,Warning,Warning
W_002,7/24/2026 10:52,Warning,Safe,Warning,Warning
W_002,7/24/2026 10:52,Warning,Safe,Warning,Warning
W_002,7/24/2026 10:52,Warning,Safe,Warning,Warning
W_002,7/24/2026 10:52,Warning,Safe,Warning,Warning
W_002,7/24/2026 10:52,Warning,Safe,Warning,Warning
W_002,7/24/2026 10:52,Warning,Safe,Warning,Warning
W_002,7/24/2026 10:52,Warning,Safe,Warning,Warning
W_002,7/24/2026 10:52,Warning,Safe,Warning,Warning
W_002,7/24/2026 10:52,Warning,Safe,Warning,Warning
W_002,7/24/2026 10:52,Warning,Safe,Warning,Warning
W_002,7/24/2026 10:52,Warning,Safe,Warning,Warning
W_002,7/24/2026 10:52,Warning,Safe,Warning,Warning
W_002,7/24/2026 10:52,Warning,Safe,Warning,Warning
W_002,7/24/2026 10:52,Warning,Safe,Warning,Warning
W_002,7/24/2026 10:52,Warning,Safe,Warning,Warning
W_002,7/24/2026 10:52,Warning,Safe,Warning,Warning
W_002,7/24/2026 10:52,Warning,Safe,Warning,Warning
W_002,7/24/2026 10:52,Warning,Safe,Warning,Warning
W_002,7/24/2026 10:52,Warning,Safe,Warning,Warning
W_002,7/24/2026 10:52,Warning,Safe,Warning,Warning
W_002,7/24/2026 10:52,Warning,Safe,Warning,Warning
W_002,7/24/2026 10:52,Warning,Safe,Warning,Warning
W_002,7/24/2026 10:52,Warning,Safe,Warning,Warning
W_002,7/24/2026 10:52,Warning,Safe,Warning,Warning
W_002,7/24/2026 10:52,Warning,Safe,Warning,Warning
W_002,7/24/2026 10:52,Warning,Safe,Warning,Warning
W_002,7/24/2026 10:52,Warning,Safe,Warning,Warning
W_002,7/24/2026 10:52,Warning,Safe,Warning,Warning
W_002,7/24/2026 10:52,Warning,Safe,Warning,Warning
W_002,7/24/2026 10:52,Warning,Safe,Warning,Warning
W_002,7/24/2026 10:52,Warning,Safe,Warning,Warning
W_002,7/24/2026 10:52,Warning,Safe,Warning,Warning
W_002,7/24/2026 10:52,Warning,Safe,Warning,Warning
W_002,7/24/2026 10:52,Warning,Safe,Warning,Warning
W_002,7/24/2026 10:52,Warning,Safe,Warning,Warning
W_002,7/24/2026 10:52,Warning,Safe,Warning,Warning
W_002,7/24/2026 10:52,Warning,Safe,Warning,Warning
W_002,7/24/2026 10:52,Warning,Safe,Warning,Warning
W_002,7/24/2026 10:52,Warning,Safe,Warning,Warning
W_002,7/24/2026 10:52,Warning,Safe,Warning,Warning
W_002,7/24/2026 10:52,Warning,Safe,Warning,Warning
W_002,7/24/2026 10:52,Warning,Safe,Warning,Warning
W_002,7/24/2026 10:52,Warning,Safe,Warning,Warning
W_002,7/24/2026 10:52,Warning,Safe,Warning,Warning
W_002,7/24/2026 10:53,Warning,Safe,Warning,Warning
W_002,7/24/2026 10:53,Warning,Safe,Warning,Warning
W_002,7/24/2026 10:53,Warning,Safe,Warning,Warning
W_002,7/24/2026 10:53,Warning,Safe,Warning,Warning
W_002,7/24/2026 10:53,Warning,Safe,Warning,Warning
W_002,7/24/2026 10:53,Warning,Safe,Warning,Warning
W_002,7/24/2026 10:53,Warning,Safe,Warning,Warning
W_002,7/24/2026 10:53,Warning,Safe,Warning,Warning
W_002,7/24/2026 10:53,Warning,Safe,Warning,Warning
W_002,7/24/2026 10:53,Warning,Safe,Warning,Warning
W_002,7/24/2026 10:53,Warning,Safe,Warning,Warning
W_002,7/24/2026 10:53,Warning,Safe,Warning,Warning
W_002,7/24/2026 10:53,Warning,Safe,Warning,Warning
W_002,7/24/2026 10:53,Warning,Safe,Warning,Warning
W_002,7/24/2026 10:53,Warning,Safe,Warning,Warning
W_002,7/24/2026 10:53,Warning,Safe,Warning,Warning
W_002,7/24/2026 10:53,Warning,Safe,Warning,Warning
W_002,7/24/2026 10:53,Warning,Safe,Warning,Warning
W_002,7/24/2026 10:53,Warning,Safe,Warning,Warning
W_002,7/24/2026 10:53,Warning,Safe,Warning,Warning
W_002,7/24/2026 10:53,Warning,Safe,Warning,Warning
W_002,7/24/2026 10:53,Warning,Safe,Warning,Warning
W_002,7/24/2026 10:53,Warning,Safe,Warning,Warning
W_002,7/24/2026 10:53,Warning,Safe,Warning,Warning
W_002,7/24/2026 10:53,Warning,Safe,Warning,Warning
W_002,7/24/2026 10:53,Warning,Safe,Warning,Warning
W_002,7/24/2026 10:53,Warning,Safe,Warning,Warning
W_002,7/24/2026 10:53,Warning,Safe,Warning,Warning
W_002,7/24/2026 10:53,Warning,Safe,Warning,Warning
W_002,7/24/2026 10:53,Warning,Safe,Warning,Warning
W_002,7/24/2026 10:53,Warning,Safe,Warning,Warning
W_002,7/24/2026 10:53,Warning,Safe,Warning,Warning
W_002,7/24/2026 10:53,Warning,Safe,Warning,Warning
W_002,7/24/2026 10:53,Warning,Safe,Warning,Warning
W_002,7/24/2026 10:53,Warning,Safe,Warning,Warning
W_002,7/24/2026 10:53,Warning,Safe,Warning,Warning
W_002,7/24/2026 10:53,Warning,Safe,Warning,Warning
W_002,7/24/2026 10:53,Warning,Safe,Warning,Warning
W_002,7/24/2026 10:53,Warning,Safe,Warning,Warning
W_002,7/24/2026 10:53,Warning,Safe,Warning,Warning
W_002,7/24/2026 10:53,Warning,Safe,Warning,Warning
W_002,7/24/2026 10:53,Warning,Safe,Warning,Warning
W_002,7/24/2026 10:53,Warning,Safe,Warning,Warning
W_002,7/24/2026 10:53,Warning,Safe,Warning,Warning
W_002,7/24/2026 10:53,Warning,Safe,Warning,Warning
W_002,7/24/2026 10:53,Warning,Safe,Warning,Warning
W_002,7/24/2026 10:53,Warning,Safe,Warning,Warning
W_002,7/24/2026 10:53,Warning,Safe,Warning,Warning
W_002,7/24/2026 10:53,Warning,Safe,Warning,Warning
W_002,7/24/2026 10:53,Warning,Safe,Warning,Warning
W_002,7/24/2026 10:53,Warning,Safe,Warning,Warning
W_002,7/24/2026 10:53,Warning,Safe,Warning,Warning
W_002,7/24/2026 10:53,Warning,Safe,Warning,Warning
W_002,7/24/2026 10:53,Warning,Safe,Warning,Warning
W_002,7/24/2026 10:53,Warning,Safe,Warning,Warning
W_002,7/24/2026 10:53,Warning,Safe,Warning,Warning
W_002,7/24/2026 10:53,Warning,Safe,Warning,Warning
W_002,7/24/2026 10:53,Warning,Safe,Warning,Warning
W_002,7/24/2026 10:53,Warning,Safe,Warning,Warning
W_002,7/24/2026 10:53,Warning,Safe,Warning,Warning
W_002,7/24/2026 10:54,Warning,Warning,Warning,Warning
W_002,7/24/2026 10:54,Warning,Safe,Warning,Warning
W_002,7/24/2026 10:54,Warning,Safe,Warning,Warning
W_002,7/24/2026 10:54,Warning,Safe,Warning,Warning
W_002,7/24/2026 10:54,Warning,Safe,Warning,Warning
W_002,7/24/2026 10:54,Warning,Warning,Warning,Warning
W_002,7/24/2026 10:54,Warning,Safe,Warning,Warning
W_002,7/24/2026 10:54,Warning,Safe,Warning,Warning
W_002,7/24/2026 10:54,Warning,Safe,Warning,Warning
W_002,7/24/2026 10:54,Warning,Warning,Warning,Warning
W_002,7/24/2026 10:54,Warning,Safe,Warning,Warning
W_002,7/24/2026 10:54,Warning,Warning,Warning,Warning
W_002,7/24/2026 10:54,Warning,Safe,Warning,Warning
W_002,7/24/2026 10:54,Warning,Safe,Warning,Warning
W_002,7/24/2026 10:54,Warning,Safe,Warning,Warning
W_002,7/24/2026 10:54,Warning,Warning,Warning,Warning
W_002,7/24/2026 10:54,Warning,Safe,Warning,Warning
W_002,7/24/2026 10:54,Warning,Safe,Warning,Warning
W_002,7/24/2026 10:54,Warning,Safe,Warning,Warning
W_002,7/24/2026 10:54,Warning,Safe,Warning,Warning
W_002,7/24/2026 10:54,Warning,Safe,Warning,Warning
W_002,7/24/2026 10:54,Warning,Warning,Warning,Warning
W_002,7/24/2026 10:54,Warning,Safe,Warning,Warning
W_002,7/24/2026 10:54,Warning,Safe,Warning,Warning
W_002,7/24/2026 10:54,Warning,Safe,Warning,Warning
W_002,7/24/2026 10:54,Warning,Warning,Warning,Warning
W_002,7/24/2026 10:54,Warning,Safe,Warning,Warning
W_002,7/24/2026 10:54,Warning,Safe,Warning,Warning
W_002,7/24/2026 10:54,Warning,Warning,Warning,Warning
W_002,7/24/2026 10:54,Warning,Safe,Warning,Warning
W_002,7/24/2026 10:54,Warning,Safe,Warning,Warning
W_002,7/24/2026 10:54,Warning,Safe,Warning,Warning
W_002,7/24/2026 10:54,Warning,Safe,Warning,Warning
W_002,7/24/2026 10:54,Warning,Warning,Warning,Warning
W_002,7/24/2026 10:54,Warning,Warning,Warning,Warning
W_002,7/24/2026 10:54,Warning,Warning,Warning,Warning
W_002,7/24/2026 10:54,Warning,Warning,Warning,Warning
W_002,7/24/2026 10:54,Warning,Warning,Warning,Warning
W_002,7/24/2026 10:54,Warning,Warning,Warning,Warning
W_002,7/24/2026 10:54,Warning,Warning,Warning,Warning
W_002,7/24/2026 10:54,Warning,Warning,Warning,Warning
W_002,7/24/2026 10:54,Warning,Warning,Warning,Warning
W_002,7/24/2026 10:54,Warning,Warning,Warning,Warning
W_002,7/24/2026 10:54,Warning,Warning,Warning,Warning
W_002,7/24/2026 10:54,Warning,Warning,Warning,Warning
W_002,7/24/2026 10:54,Warning,Warning,Warning,Warning
W_002,7/24/2026 10:54,Warning,Warning,Warning,Warning
W_002,7/24/2026 10:54,Warning,Warning,Warning,Warning
W_002,7/24/2026 10:54,Warning,Warning,Warning,Warning
W_002,7/24/2026 10:54,Warning,Warning,Warning,Warning
W_002,7/24/2026 10:54,Warning,Warning,Warning,Warning
W_002,7/24/2026 10:54,Warning,Warning,Warning,Warning
W_002,7/24/2026 10:54,Warning,Warning,Warning,Warning
W_002,7/24/2026 10:54,Warning,Warning,Warning,Warning
W_002,7/24/2026 10:54,Warning,Warning,Warning,Warning
W_002,7/24/2026 10:54,Warning,Warning,Warning,Warning
W_002,7/24/2026 10:54,Warning,Warning,Warning,Warning
W_002,7/24/2026 10:54,Warning,Warning,Warning,Warning
W_002,7/24/2026 10:54,Warning,Warning,Warning,Warning
W_002,7/24/2026 10:54,Warning,Warning,Warning,Warning
W_002,7/24/2026 10:55,Warning,Warning,Warning,Warning
W_002,7/24/2026 10:55,Warning,Warning,Warning,Warning
W_002,7/24/2026 10:55,Warning,Warning,Warning,Warning
W_002,7/24/2026 10:55,Warning,Warning,Warning,Warning
W_002,7/24/2026 10:55,Warning,Warning,Warning,Warning
W_002,7/24/2026 10:55,Warning,Warning,Warning,Warning
W_002,7/24/2026 10:55,Warning,Warning,Warning,Warning
W_002,7/24/2026 10:55,Warning,Warning,Warning,Warning
W_002,7/24/2026 10:55,Warning,Warning,Warning,Warning
W_002,7/24/2026 10:55,Warning,Warning,Warning,Warning
W_002,7/24/2026 10:55,Warning,Warning,Warning,Warning
W_002,7/24/2026 10:55,Warning,Warning,Warning,Warning
W_002,7/24/2026 10:55,Warning,Warning,Warning,Warning
W_002,7/24/2026 10:55,Warning,Warning,Warning,Warning
W_002,7/24/2026 10:55,Warning,Warning,Warning,Warning
W_002,7/24/2026 10:55,Warning,Warning,Warning,Warning
W_002,7/24/2026 10:55,Warning,Warning,Warning,Warning
W_002,7/24/2026 10:55,Warning,Warning,Warning,Warning
W_002,7/24/2026 10:55,Warning,Warning,Warning,Warning
W_002,7/24/2026 10:55,Warning,Warning,Warning,Warning
W_002,7/24/2026 10:55,Warning,Warning,Warning,Warning
W_002,7/24/2026 10:55,Warning,Warning,Warning,Warning
W_002,7/24/2026 10:55,Warning,Warning,Warning,Warning
W_002,7/24/2026 10:55,Warning,Warning,Warning,Warning
W_002,7/24/2026 10:55,Warning,Warning,Warning,Warning
W_002,7/24/2026 10:55,Warning,Warning,Warning,Warning
W_002,7/24/2026 10:55,Warning,Warning,Warning,Warning
W_002,7/24/2026 10:55,Warning,Warning,Warning,Warning
W_002,7/24/2026 10:55,Warning,Warning,Warning,Warning
W_002,7/24/2026 10:55,Warning,Warning,Warning,Warning
W_002,7/24/2026 10:55,Warning,Warning,Warning,Warning
W_002,7/24/2026 10:55,Warning,Warning,Warning,Warning
W_002,7/24/2026 10:55,Warning,Warning,Warning,Warning
W_002,7/24/2026 10:55,Warning,Warning,Warning,Warning
W_002,7/24/2026 10:55,Warning,Warning,Warning,Warning
W_002,7/24/2026 10:55,Warning,Warning,Warning,Warning
W_002,7/24/2026 10:55,Warning,Warning,Warning,Warning
W_002,7/24/2026 10:55,Warning,Warning,Warning,Warning
W_002,7/24/2026 10:55,Warning,Warning,Warning,Warning
W_002,7/24/2026 10:55,Warning,Warning,Warning,Warning
W_002,7/24/2026 10:55,Warning,Warning,Warning,Warning
W_002,7/24/2026 10:55,Warning,Warning,Warning,Warning
W_002,7/24/2026 10:55,Warning,Warning,Warning,Warning
W_002,7/24/2026 10:55,Warning,Warning,Warning,Warning
W_002,7/24/2026 10:55,Warning,Warning,Warning,Warning
W_002,7/24/2026 10:55,Warning,Warning,Warning,Warning
W_002,7/24/2026 10:55,Warning,Warning,Warning,Warning
W_002,7/24/2026 10:55,Warning,Warning,Warning,Warning
W_002,7/24/2026 10:55,Warning,Warning,Warning,Warning
W_002,7/24/2026 10:55,Warning,Warning,Warning,Warning
W_002,7/24/2026 10:55,Warning,Warning,Warning,Warning
W_002,7/24/2026 10:55,Warning,Warning,Warning,Warning
W_002,7/24/2026 10:55,Warning,Warning,Warning,Warning
W_002,7/24/2026 10:55,Warning,Warning,Warning,Warning
W_002,7/24/2026 10:55,Warning,Warning,Warning,Warning
W_002,7/24/2026 10:55,Warning,Warning,Warning,Warning
W_002,7/24/2026 10:55,Warning,Warning,Warning,Warning
W_002,7/24/2026 10:55,Warning,Warning,Warning,Warning
W_002,7/24/2026 10:55,Warning,Warning,Warning,Warning
W_002,7/24/2026 10:55,Warning,Warning,Warning,Warning
W_002,7/24/2026 10:56,Warning,Warning,Warning,Warning
W_002,7/24/2026 10:56,Warning,Warning,Warning,Warning
W_002,7/24/2026 10:56,Warning,Warning,Warning,Warning
W_002,7/24/2026 10:56,Warning,Warning,Warning,Warning
W_002,7/24/2026 10:56,Warning,Warning,Warning,Warning
W_002,7/24/2026 10:56,Warning,Warning,Warning,Warning
W_002,7/24/2026 10:56,Warning,Warning,Warning,Warning
W_002,7/24/2026 10:56,Warning,Warning,Warning,Warning
W_002,7/24/2026 10:56,Warning,Warning,Warning,Warning
W_002,7/24/2026 10:56,Warning,Warning,Warning,Warning
W_002,7/24/2026 10:56,Warning,Warning,Warning,Warning
W_002,7/24/2026 10:56,Warning,Warning,Warning,Warning
W_002,7/24/2026 10:56,Warning,Warning,Warning,Warning
W_002,7/24/2026 10:56,Warning,Warning,Warning,Warning
W_002,7/24/2026 10:56,Warning,Warning,Warning,Warning
W_002,7/24/2026 10:56,Warning,Warning,Warning,Warning
W_002,7/24/2026 10:56,Warning,Warning,Warning,Warning
W_002,7/24/2026 10:56,Warning,Warning,Warning,Warning
W_002,7/24/2026 10:56,Warning,Warning,Warning,Warning
W_002,7/24/2026 10:56,Warning,Warning,Warning,Warning
W_002,7/24/2026 10:56,Warning,Warning,Warning,Warning
W_002,7/24/2026 10:56,Warning,Warning,Warning,Warning
W_002,7/24/2026 10:56,Warning,Warning,Warning,Warning
W_002,7/24/2026 10:56,Warning,Warning,Warning,Warning
W_002,7/24/2026 10:56,Warning,Warning,Warning,Warning
W_002,7/24/2026 10:56,Warning,Warning,Warning,Warning
W_002,7/24/2026 10:56,Warning,Warning,Warning,Warning
W_002,7/24/2026 10:56,Warning,Warning,Warning,Warning
W_002,7/24/2026 10:56,Warning,Warning,Warning,Warning
W_002,7/24/2026 10:56,Warning,Warning,Warning,Warning
W_002,7/24/2026 10:56,Warning,Warning,Warning,Warning
W_002,7/24/2026 10:56,Warning,Warning,Warning,Warning
W_002,7/24/2026 10:56,Warning,Warning,Warning,Warning
W_002,7/24/2026 10:56,Warning,Warning,Warning,Warning
W_002,7/24/2026 10:56,Warning,Warning,Warning,Warning
W_002,7/24/2026 10:56,Warning,Warning,Warning,Warning
W_002,7/24/2026 10:56,Warning,Warning,Warning,Warning
W_002,7/24/2026 10:56,Warning,Warning,Warning,Warning
W_002,7/24/2026 10:56,Warning,Warning,Warning,Warning
W_002,7/24/2026 10:56,Warning,Warning,Warning,Warning
W_002,7/24/2026 10:56,Warning,Warning,Warning,Warning
W_002,7/24/2026 10:56,Warning,Warning,Warning,Warning
W_002,7/24/2026 10:56,Warning,Warning,Warning,Warning
W_002,7/24/2026 10:56,Warning,Warning,Warning,Warning
W_002,7/24/2026 10:56,Warning,Warning,Warning,Warning
W_002,7/24/2026 10:56,Warning,Warning,Warning,Warning
W_002,7/24/2026 10:56,Warning,Warning,Warning,Warning
W_002,7/24/2026 10:56,Warning,Warning,Warning,Warning
W_002,7/24/2026 10:56,Warning,Warning,Warning,Warning
W_002,7/24/2026 10:56,Warning,Warning,Warning,Warning
W_002,7/24/2026 10:56,Warning,Warning,Warning,Warning
W_002,7/24/2026 10:56,Warning,Warning,Warning,Warning
W_002,7/24/2026 10:56,Warning,Warning,Warning,Warning
W_002,7/24/2026 10:56,Warning,Warning,Warning,Warning
W_002,7/24/2026 10:56,Warning,Warning,Warning,Warning
W_002,7/24/2026 10:56,Warning,Critical,Warning,Warning
W_002,7/24/2026 10:56,Warning,Warning,Warning,Warning
W_002,7/24/2026 10:56,Warning,Critical,Warning,Warning
W_002,7/24/2026 10:56,Warning,Warning,Warning,Warning
W_002,7/24/2026 10:56,Warning,Critical,Warning,Warning
W_002,7/24/2026 10:57,Warning,Critical,Warning,Warning
W_002,7/24/2026 10:57,Warning,Warning,Warning,Warning
W_002,7/24/2026 10:57,Warning,Critical,Warning,Warning
W_002,7/24/2026 10:57,Warning,Critical,Warning,Warning
W_002,7/24/2026 10:57,Warning,Critical,Warning,Warning
W_002,7/24/2026 10:57,Warning,Critical,Warning,Warning
W_002,7/24/2026 10:57,Warning,Critical,Warning,Warning
W_002,7/24/2026 10:57,Warning,Critical,Warning,Warning
W_002,7/24/2026 10:57,Warning,Critical,Warning,Warning
W_002,7/24/2026 10:57,Warning,Critical,Warning,Warning
W_002,7/24/2026 10:57,Warning,Critical,Warning,Warning
W_002,7/24/2026 10:57,Warning,Critical,Warning,Warning
W_002,7/24/2026 10:57,Warning,Critical,Warning,Warning
W_002,7/24/2026 10:57,Warning,Critical,Warning,Warning
W_002,7/24/2026 10:57,Warning,Critical,Warning,Warning
W_002,7/24/2026 10:57,Warning,Critical,Warning,Warning
W_002,7/24/2026 10:57,Warning,Critical,Warning,Warning
W_002,7/24/2026 10:57,Warning,Critical,Warning,Warning
W_002,7/24/2026 10:57,Warning,Critical,Warning,Warning
W_002,7/24/2026 10:57,Warning,Critical,Warning,Warning
W_002,7/24/2026 10:57,Warning,Critical,Warning,Warning
W_002,7/24/2026 10:57,Warning,Critical,Warning,Warning
W_002,7/24/2026 10:57,Warning,Critical,Warning,Warning
W_002,7/24/2026 10:57,Warning,Critical,Warning,Warning
W_002,7/24/2026 10:57,Warning,Critical,Warning,Warning
W_002,7/24/2026 10:57,Warning,Critical,Warning,Warning
W_002,7/24/2026 10:57,Warning,Critical,Warning,Warning
W_002,7/24/2026 10:57,Warning,Critical,Warning,Warning
W_002,7/24/2026 10:57,Warning,Critical,Warning,Warning
W_002,7/24/2026 10:57,Warning,Critical,Warning,Warning
W_002,7/24/2026 10:57,Warning,Critical,Warning,Warning
W_002,7/24/2026 10:57,Warning,Critical,Warning,Warning
W_002,7/24/2026 10:57,Warning,Critical,Warning,Warning
W_002,7/24/2026 10:57,Warning,Critical,Warning,Warning
W_002,7/24/2026 10:57,Warning,Critical,Warning,Warning
W_002,7/24/2026 10:57,Warning,Critical,Warning,Warning
W_002,7/24/2026 10:57,Warning,Critical,Warning,Warning
W_002,7/24/2026 10:57,Warning,Critical,Warning,Warning
W_002,7/24/2026 10:57,Warning,Critical,Warning,Warning
W_002,7/24/2026 10:57,Warning,Critical,Warning,Warning
W_002,7/24/2026 10:57,Warning,Critical,Warning,Warning
W_002,7/24/2026 10:57,Warning,Critical,Warning,Warning
W_002,7/24/2026 10:57,Warning,Critical,Warning,Warning
W_002,7/24/2026 10:57,Warning,Critical,Warning,Warning
W_002,7/24/2026 10:57,Warning,Critical,Warning,Warning
W_002,7/24/2026 10:57,Warning,Critical,Warning,Warning
W_002,7/24/2026 10:57,Warning,Critical,Warning,Warning
W_002,7/24/2026 10:57,Warning,Critical,Warning,Warning
W_002,7/24/2026 10:57,Warning,Critical,Warning,Warning
W_002,7/24/2026 10:57,Warning,Critical,Warning,Warning
W_002,7/24/2026 10:57,Warning,Critical,Warning,Warning
W_002,7/24/2026 10:57,Warning,Critical,Warning,Warning
W_002,7/24/2026 10:57,Warning,Critical,Warning,Warning
W_002,7/24/2026 10:57,Warning,Critical,Warning,Warning
W_002,7/24/2026 10:57,Warning,Warning,Warning,Warning
W_002,7/24/2026 10:57,Warning,Warning,Warning,Warning
W_002,7/24/2026 10:57,Warning,Warning,Warning,Warning
W_002,7/24/2026 10:57,Warning,Warning,Warning,Warning
W_002,7/24/2026 10:57,Warning,Warning,Warning,Warning
W_002,7/24/2026 10:57,Warning,Warning,Warning,Warning
W_002,7/24/2026 10:58,Warning,Warning,Warning,Warning
W_002,7/24/2026 10:58,Warning,Warning,Warning,Warning
W_002,7/24/2026 10:58,Warning,Warning,Warning,Warning
W_002,7/24/2026 10:58,Warning,Warning,Warning,Warning
W_002,7/24/2026 10:58,Warning,Warning,Warning,Warning
W_002,7/24/2026 10:58,Safe,Safe,Safe,Warning
W_002,7/24/2026 10:58,Safe,Safe,Safe,Warning
W_002,7/24/2026 10:58,Safe,Safe,Safe,Warning
W_002,7/24/2026 10:58,Safe,Safe,Safe,Warning
W_002,7/24/2026 10:58,Safe,Safe,Safe,Warning
W_002,7/24/2026 10:58,Safe,Safe,Safe,Warning
W_002,7/24/2026 10:58,Safe,Safe,Safe,Warning
W_002,7/24/2026 10:58,Safe,Safe,Safe,Warning
W_002,7/24/2026 10:58,Safe,Safe,Safe,Warning
W_002,7/24/2026 10:58,Safe,Safe,Safe,Warning
W_002,7/24/2026 10:58,Safe,Safe,Safe,Warning
W_002,7/24/2026 10:58,Safe,Safe,Safe,Warning
W_002,7/24/2026 10:58,Safe,Safe,Safe,Warning
W_002,7/24/2026 10:58,Safe,Safe,Safe,Warning
W_002,7/24/2026 10:58,Safe,Safe,Safe,Safe
W_002,7/24/2026 10:58,Safe,Safe,Safe,Warning
W_002,7/24/2026 10:58,Safe,Safe,Safe,Warning
W_002,7/24/2026 10:58,Safe,Safe,Safe,Warning
W_002,7/24/2026 10:58,Safe,Safe,Safe,Warning
W_002,7/24/2026 10:58,Safe,Safe,Safe,Warning
W_002,7/24/2026 10:58,Safe,Safe,Safe,Safe
W_002,7/24/2026 10:58,Safe,Safe,Safe,Warning
W_002,7/24/2026 10:58,Safe,Safe,Safe,Safe
W_002,7/24/2026 10:58,Safe,Safe,Safe,Warning
W_002,7/24/2026 10:58,Safe,Safe,Safe,Warning
W_002,7/24/2026 10:58,Safe,Safe,Safe,Warning
W_002,7/24/2026 10:58,Safe,Safe,Safe,Warning
W_002,7/24/2026 10:58,Safe,Safe,Safe,Warning
W_002,7/24/2026 10:58,Safe,Safe,Safe,Warning
W_002,7/24/2026 10:58,Safe,Safe,Safe,Warning
W_002,7/24/2026 10:58,Safe,Safe,Safe,Warning
W_002,7/24/2026 10:58,Safe,Safe,Safe,Warning
W_002,7/24/2026 10:58,Safe,Safe,Safe,Warning
W_002,7/24/2026 10:58,Safe,Safe,Safe,Warning
W_002,7/24/2026 10:58,Safe,Safe,Safe,Warning
W_002,7/24/2026 10:58,Safe,Safe,Safe,Warning
W_002,7/24/2026 10:58,Safe,Safe,Safe,Warning
W_002,7/24/2026 10:58,Safe,Safe,Safe,Warning
W_002,7/24/2026 10:58,Safe,Safe,Safe,Warning
W_002,7/24/2026 10:58,Safe,Safe,Safe,Warning
W_002,7/24/2026 10:58,Safe,Safe,Safe,Warning
W_002,7/24/2026 10:58,Safe,Safe,Safe,Warning
W_002,7/24/2026 10:58,Safe,Safe,Safe,Warning
W_002,7/24/2026 10:58,Safe,Safe,Safe,Warning
W_002,7/24/2026 10:58,Safe,Safe,Safe,Safe
W_002,7/24/2026 10:58,Safe,Safe,Safe,Safe
W_002,7/24/2026 10:58,Safe,Safe,Safe,Safe
W_002,7/24/2026 10:58,Safe,Safe,Safe,Safe
W_002,7/24/2026 10:58,Safe,Safe,Safe,Safe
W_002,7/24/2026 10:58,Safe,Safe,Safe,Safe
W_002,7/24/2026 10:58,Safe,Safe,Safe,Safe
W_002,7/24/2026 10:58,Safe,Safe,Safe,Safe
W_002,7/24/2026 10:58,Safe,Safe,Safe,Safe
W_002,7/24/2026 10:58,Safe,Safe,Safe,Safe
W_002,7/24/2026 10:58,Safe,Safe,Safe,Safe
W_002,7/24/2026 10:59,Safe,Safe,Safe,Safe
W_002,7/24/2026 10:59,Safe,Safe,Safe,Safe
W_002,7/24/2026 10:59,Safe,Safe,Safe,Warning
W_002,7/24/2026 10:59,Safe,Safe,Safe,Safe
W_002,7/24/2026 10:59,Safe,Safe,Safe,Safe
W_002,7/24/2026 10:59,Safe,Safe,Safe,Safe
W_002,7/24/2026 10:59,Safe,Safe,Safe,Safe
W_002,7/24/2026 10:59,Safe,Safe,Safe,Safe
W_002,7/24/2026 10:59,Safe,Safe,Safe,Safe
W_002,7/24/2026 10:59,Safe,Safe,Safe,Safe
W_002,7/24/2026 10:59,Safe,Safe,Safe,Safe
W_002,7/24/2026 10:59,Safe,Safe,Safe,Safe
W_002,7/24/2026 10:59,Safe,Safe,Safe,Safe
W_002,7/24/2026 10:59,Safe,Safe,Safe,Safe
W_002,7/24/2026 10:59,Safe,Safe,Safe,Warning
W_002,7/24/2026 10:59,Safe,Safe,Safe,Warning
W_002,7/24/2026 10:59,Safe,Safe,Safe,Warning
W_002,7/24/2026 10:59,Safe,Safe,Safe,Safe
W_002,7/24/2026 10:59,Safe,Safe,Safe,Warning
W_002,7/24/2026 10:59,Safe,Safe,Safe,Warning
W_002,7/24/2026 10:59,Safe,Safe,Safe,Warning
W_002,7/24/2026 10:59,Safe,Safe,Safe,Warning
W_002,7/24/2026 10:59,Safe,Safe,Safe,Safe
W_002,7/24/2026 10:59,Safe,Safe,Safe,Safe
W_002,7/24/2026 10:59,Safe,Safe,Safe,Warning
W_002,7/24/2026 10:59,Safe,Safe,Safe,Warning
W_002,7/24/2026 10:59,Safe,Safe,Safe,Safe
W_002,7/24/2026 10:59,Safe,Safe,Safe,Warning
W_002,7/24/2026 10:59,Safe,Safe,Safe,Safe
W_002,7/24/2026 10:59,Safe,Safe,Safe,Safe
W_002,7/24/2026 10:59,Safe,Safe,Safe,Safe
W_002,7/24/2026 10:59,Safe,Safe,Safe,Safe
W_002,7/24/2026 10:59,Safe,Safe,Safe,Safe
W_002,7/24/2026 10:59,Safe,Safe,Safe,Safe
W_002,7/24/2026 10:59,Safe,Safe,Safe,Warning
W_002,7/24/2026 10:59,Safe,Safe,Safe,Safe
W_002,7/24/2026 10:59,Safe,Safe,Safe,Safe
W_002,7/24/2026 10:59,Safe,Safe,Safe,Safe
W_002,7/24/2026 10:59,Safe,Safe,Safe,Safe
W_002,7/24/2026 10:59,Safe,Safe,Safe,Warning
W_002,7/24/2026 10:59,Safe,Safe,Safe,Warning
W_002,7/24/2026 10:59,Safe,Safe,Safe,Warning
W_002,7/24/2026 10:59,Safe,Safe,Safe,Safe
W_002,7/24/2026 10:59,Safe,Safe,Safe,Safe
W_002,7/24/2026 10:59,Safe,Safe,Safe,Safe
W_002,7/24/2026 10:59,Safe,Safe,Safe,Safe
W_002,7/24/2026 10:59,Safe,Safe,Safe,Safe
W_002,7/24/2026 10:59,Safe,Safe,Safe,Safe
W_002,7/24/2026 10:59,Safe,Safe,Safe,Safe
W_002,7/24/2026 10:59,Safe,Safe,Safe,Safe
W_002,7/24/2026 10:59,Safe,Safe,Safe,Safe
W_002,7/24/2026 10:59,Safe,Safe,Safe,Safe
W_002,7/24/2026 10:59,Safe,Safe,Safe,Safe
W_002,7/24/2026 10:59,Safe,Safe,Safe,Safe
W_002,7/24/2026 10:59,Safe,Safe,Safe,Warning
W_002,7/24/2026 10:59,Safe,Safe,Safe,Warning
W_002,7/24/2026 10:59,Safe,Safe,Safe,Safe
W_002,7/24/2026 13:00,Safe,Safe,Safe,Safe
W_002,7/24/2026 13:00,Safe,Safe,Safe,Safe
W_002,7/24/2026 13:00,Safe,Safe,Safe,Safe
W_002,7/24/2026 13:00,Safe,Safe,Safe,Safe
W_002,7/24/2026 13:00,Safe,Safe,Safe,Safe
W_002,7/24/2026 13:00,Safe,Safe,Safe,Safe
W_002,7/24/2026 13:00,Safe,Safe,Safe,Safe
W_002,7/24/2026 13:00,Safe,Safe,Safe,Safe
W_002,7/24/2026 13:00,Safe,Safe,Safe,Safe
W_002,7/24/2026 13:00,Safe,Safe,Safe,Safe
W_002,7/24/2026 13:00,Safe,Safe,Safe,Safe
W_002,7/24/2026 13:00,Safe,Safe,Safe,Safe
W_002,7/24/2026 13:00,Safe,Safe,Safe,Safe
W_002,7/24/2026 13:00,Safe,Safe,Safe,Safe
W_002,7/24/2026 13:00,Safe,Safe,Safe,Safe
W_002,7/24/2026 13:00,Safe,Safe,Safe,Safe
W_002,7/24/2026 13:00,Safe,Safe,Safe,Safe
W_002,7/24/2026 13:00,Safe,Safe,Safe,Safe
W_002,7/24/2026 13:00,Safe,Safe,Safe,Safe
W_002,7/24/2026 13:00,Safe,Safe,Safe,Safe
W_002,7/24/2026 13:00,Safe,Safe,Safe,Safe
W_002,7/24/2026 13:00,Safe,Safe,Safe,Safe
W_002,7/24/2026 13:00,Safe,Safe,Safe,Safe
W_002,7/24/2026 13:00,Safe,Safe,Safe,Safe
W_002,7/24/2026 13:00,Safe,Safe,Safe,Safe
W_002,7/24/2026 13:00,Safe,Safe,Safe,Safe
W_002,7/24/2026 13:00,Safe,Safe,Safe,Safe
W_002,7/24/2026 13:00,Safe,Safe,Safe,Safe
W_002,7/24/2026 13:00,Safe,Safe,Safe,Safe
W_002,7/24/2026 13:00,Safe,Safe,Safe,Safe
W_002,7/24/2026 13:00,Safe,Safe,Safe,Safe
W_002,7/24/2026 13:00,Safe,Safe,Safe,Safe
W_002,7/24/2026 13:00,Safe,Safe,Safe,Safe
W_002,7/24/2026 13:00,Safe,Safe,Safe,Safe
W_002,7/24/2026 13:00,Safe,Safe,Safe,Safe
W_002,7/24/2026 13:00,Safe,Safe,Safe,Safe
W_002,7/24/2026 13:00,Safe,Safe,Safe,Safe
W_002,7/24/2026 13:00,Safe,Safe,Safe,Safe
W_002,7/24/2026 13:00,Safe,Safe,Safe,Safe
W_002,7/24/2026 13:00,Safe,Safe,Safe,Safe
W_002,7/24/2026 13:00,Safe,Safe,Safe,Safe
W_002,7/24/2026 13:01,Safe,Safe,Safe,Safe
W_002,7/24/2026 13:01,Safe,Safe,Safe,Safe
W_002,7/24/2026 13:01,Safe,Safe,Safe,Safe
W_002,7/24/2026 13:01,Safe,Safe,Safe,Safe
W_002,7/24/2026 13:01,Safe,Safe,Safe,Safe
W_002,7/24/2026 13:01,Safe,Safe,Safe,Safe
W_002,7/24/2026 13:01,Safe,Safe,Safe,Safe
W_002,7/24/2026 13:01,Safe,Safe,Safe,Safe
W_002,7/24/2026 13:01,Safe,Safe,Safe,Safe
W_002,7/24/2026 13:01,Safe,Safe,Safe,Safe
W_002,7/24/2026 13:01,Safe,Safe,Safe,Safe
W_002,7/24/2026 13:01,Safe,Safe,Safe,Safe
W_002,7/24/2026 13:01,Safe,Safe,Safe,Safe
W_002,7/24/2026 13:01,Safe,Safe,Safe,Safe
W_002,7/24/2026 13:01,Safe,Safe,Safe,Safe
W_002,7/24/2026 13:01,Safe,Safe,Safe,Safe
W_002,7/24/2026 13:01,Safe,Safe,Safe,Safe
W_002,7/24/2026 13:01,Safe,Safe,Safe,Safe
W_002,7/24/2026 13:01,Safe,Safe,Safe,Safe
W_002,7/24/2026 13:01,Safe,Safe,Safe,Safe
W_002,7/24/2026 13:01,Safe,Safe,Safe,Safe
W_002,7/24/2026 13:01,Safe,Safe,Safe,Safe
W_002,7/24/2026 13:01,Safe,Safe,Safe,Safe
W_002,7/24/2026 13:01,Safe,Safe,Safe,Safe
W_002,7/24/2026 13:01,Safe,Safe,Safe,Safe
W_002,7/24/2026 13:01,Safe,Safe,Safe,Safe
W_002,7/24/2026 13:01,Safe,Safe,Safe,Safe
W_002,7/24/2026 13:01,Safe,Safe,Safe,Safe
W_002,7/24/2026 13:01,Safe,Safe,Safe,Safe
W_002,7/24/2026 13:01,Safe,Safe,Safe,Safe
W_002,7/24/2026 13:01,Safe,Safe,Safe,Safe
W_002,7/24/2026 13:01,Safe,Safe,Safe,Safe
W_002,7/24/2026 13:01,Safe,Safe,Safe,Safe
W_002,7/24/2026 13:01,Safe,Safe,Safe,Safe
W_002,7/24/2026 13:01,Safe,Safe,Safe,Safe
W_002,7/24/2026 13:01,Safe,Safe,Safe,Safe
W_002,7/24/2026 13:01,Safe,Safe,Safe,Safe
W_002,7/24/2026 13:01,Safe,Safe,Safe,Safe
W_002,7/24/2026 13:01,Safe,Safe,Safe,Safe
W_002,7/24/2026 13:01,Safe,Safe,Safe,Safe
W_002,7/24/2026 13:01,Safe,Safe,Safe,Safe
W_002,7/24/2026 13:01,Safe,Safe,Safe,Safe
W_002,7/24/2026 13:01,Safe,Safe,Safe,Safe
W_002,7/24/2026 13:01,Safe,Safe,Safe,Safe
W_002,7/24/2026 13:01,Safe,Safe,Safe,Safe
W_002,7/24/2026 13:01,Safe,Safe,Safe,Safe
W_002,7/24/2026 13:01,Safe,Safe,Safe,Safe
W_002,7/24/2026 13:01,Safe,Safe,Safe,Safe
W_002,7/24/2026 13:01,Safe,Safe,Safe,Safe
W_002,7/24/2026 13:01,Safe,Safe,Safe,Safe
W_002,7/24/2026 13:01,Safe,Safe,Safe,Safe
W_002,7/24/2026 13:01,Safe,Safe,Safe,Safe
W_002,7/24/2026 13:01,Safe,Safe,Safe,Safe
W_002,7/24/2026 13:01,Safe,Safe,Safe,Safe
W_002,7/24/2026 13:01,Safe,Safe,Safe,Safe
W_002,7/24/2026 13:01,Safe,Safe,Safe,Safe
W_002,7/24/2026 13:01,Safe,Safe,Safe,Safe
W_002,7/24/2026 13:01,Safe,Safe,Safe,Safe
W_002,7/24/2026 13:01,Safe,Safe,Safe,Safe
W_002,7/24/2026 13:01,Safe,Safe,Safe,Safe
W_002,7/24/2026 13:02,Safe,Safe,Safe,Safe
W_002,7/24/2026 13:02,Safe,Safe,Safe,Safe
W_002,7/24/2026 13:02,Safe,Safe,Safe,Safe
W_002,7/24/2026 13:02,Safe,Safe,Safe,Safe
W_002,7/24/2026 13:02,Safe,Safe,Safe,Safe
W_002,7/24/2026 13:02,Safe,Safe,Safe,Safe
W_002,7/24/2026 13:02,Safe,Safe,Safe,Safe
W_002,7/24/2026 13:02,Safe,Safe,Safe,Safe
W_002,7/24/2026 13:02,Safe,Safe,Safe,Safe
W_002,7/24/2026 13:02,Safe,Safe,Safe,Safe
W_002,7/24/2026 13:02,Safe,Safe,Safe,Safe
W_002,7/24/2026 13:02,Safe,Safe,Safe,Safe
W_002,7/24/2026 13:02,Safe,Safe,Safe,Safe
W_002,7/24/2026 13:02,Safe,Safe,Safe,Safe
W_002,7/24/2026 13:02,Safe,Safe,Safe,Safe
W_002,7/24/2026 13:02,Safe,Safe,Safe,Safe
W_002,7/24/2026 13:02,Safe,Safe,Safe,Safe
W_002,7/24/2026 13:02,Safe,Safe,Safe,Safe
W_002,7/24/2026 13:02,Safe,Safe,Safe,Safe
W_002,7/24/2026 13:02,Safe,Safe,Safe,Safe
W_002,7/24/2026 13:02,Safe,Safe,Safe,Safe
W_002,7/24/2026 13:02,Safe,Safe,Safe,Safe
W_002,7/24/2026 13:02,Safe,Safe,Safe,Safe
W_002,7/24/2026 13:02,Safe,Safe,Safe,Safe
W_002,7/24/2026 13:02,Safe,Safe,Safe,Safe
W_002,7/24/2026 13:02,Safe,Safe,Safe,Safe
W_002,7/24/2026 13:02,Safe,Safe,Safe,Safe
W_002,7/24/2026 13:02,Safe,Safe,Safe,Safe
W_002,7/24/2026 13:02,Safe,Safe,Safe,Safe
W_002,7/24/2026 13:02,Safe,Safe,Safe,Safe
W_002,7/24/2026 13:02,Safe,Safe,Safe,Safe
W_002,7/24/2026 13:02,Safe,Safe,Safe,Safe
W_002,7/24/2026 13:02,Safe,Safe,Safe,Safe
W_002,7/24/2026 13:02,Safe,Safe,Safe,Safe
W_002,7/24/2026 13:02,Safe,Safe,Safe,Safe
W_002,7/24/2026 13:02,Safe,Safe,Safe,Safe
W_002,7/24/2026 13:02,Safe,Safe,Safe,Safe
W_002,7/24/2026 13:02,Safe,Safe,Safe,Safe
W_002,7/24/2026 13:02,Safe,Safe,Safe,Safe
W_002,7/24/2026 13:02,Safe,Safe,Safe,Safe
W_002,7/24/2026 13:02,Safe,Safe,Safe,Safe
W_002,7/24/2026 13:02,Safe,Safe,Safe,Safe
W_002,7/24/2026 13:02,Safe,Safe,Safe,Safe
W_002,7/24/2026 13:02,Safe,Safe,Safe,Safe
W_002,7/24/2026 13:02,Safe,Safe,Safe,Safe
W_002,7/24/2026 13:02,Safe,Safe,Safe,Safe
W_002,7/24/2026 13:02,Safe,Safe,Safe,Safe
W_002,7/24/2026 13:02,Safe,Safe,Safe,Safe
W_002,7/24/2026 13:02,Safe,Safe,Safe,Safe
W_002,7/24/2026 13:02,Safe,Safe,Safe,Safe
W_002,7/24/2026 13:02,Safe,Safe,Safe,Safe
W_002,7/24/2026 13:02,Safe,Safe,Safe,Safe
W_002,7/24/2026 13:02,Safe,Safe,Safe,Safe
W_002,7/24/2026 13:02,Safe,Safe,Safe,Safe
W_002,7/24/2026 13:02,Safe,Safe,Safe,Safe
W_002,7/24/2026 13:02,Safe,Safe,Safe,Safe
W_002,7/24/2026 13:02,Safe,Safe,Safe,Safe
W_002,7/24/2026 13:02,Safe,Safe,Safe,Safe
W_002,7/24/2026 13:02,Safe,Safe,Safe,Safe
W_002,7/24/2026 13:02,Safe,Safe,Safe,Safe
W_002,7/24/2026 13:03,Safe,Safe,Safe,Safe
W_002,7/24/2026 13:03,Safe,Safe,Safe,Safe
W_002,7/24/2026 13:03,Safe,Safe,Safe,Safe
W_002,7/24/2026 13:03,Safe,Safe,Safe,Safe
W_002,7/24/2026 13:03,Safe,Safe,Safe,Safe
W_002,7/24/2026 13:03,Safe,Safe,Safe,Safe
W_002,7/24/2026 13:03,Safe,Safe,Safe,Safe
W_002,7/24/2026 13:03,Safe,Safe,Safe,Safe
W_002,7/24/2026 13:03,Safe,Safe,Safe,Safe
W_002,7/24/2026 13:03,Safe,Safe,Safe,Safe
W_002,7/24/2026 13:03,Safe,Safe,Safe,Safe
W_002,7/24/2026 13:03,Safe,Safe,Safe,Safe
W_002,7/24/2026 13:03,Safe,Safe,Safe,Safe
W_002,7/24/2026 13:03,Safe,Safe,Safe,Safe
W_002,7/24/2026 13:03,Safe,Safe,Safe,Safe
W_002,7/24/2026 13:03,Safe,Safe,Safe,Safe
W_002,7/24/2026 13:03,Safe,Safe,Safe,Safe
W_002,7/24/2026 13:03,Safe,Safe,Safe,Safe
W_002,7/24/2026 13:03,Safe,Safe,Safe,Safe
W_002,7/24/2026 13:03,Safe,Safe,Safe,Safe
W_002,7/24/2026 13:03,Safe,Safe,Safe,Safe
W_002,7/24/2026 13:03,Safe,Safe,Safe,Safe
W_002,7/24/2026 13:03,Safe,Safe,Safe,Safe
W_002,7/24/2026 13:03,Safe,Safe,Safe,Safe
W_002,7/24/2026 13:03,Safe,Safe,Safe,Safe
W_002,7/24/2026 13:03,Safe,Safe,Safe,Safe
W_002,7/24/2026 13:03,Safe,Safe,Safe,Safe
W_002,7/24/2026 13:03,Safe,Safe,Safe,Safe
W_002,7/24/2026 13:03,Safe,Safe,Safe,Safe
W_002,7/24/2026 13:03,Safe,Safe,Safe,Safe
W_002,7/24/2026 13:03,Safe,Safe,Safe,Safe
W_002,7/24/2026 13:03,Safe,Safe,Safe,Safe
W_002,7/24/2026 13:03,Safe,Safe,Safe,Safe
W_002,7/24/2026 13:03,Safe,Safe,Safe,Safe
W_002,7/24/2026 13:03,Safe,Safe,Safe,Safe
W_002,7/24/2026 13:03,Safe,Safe,Safe,Safe
W_002,7/24/2026 13:03,Safe,Safe,Safe,Safe
W_002,7/24/2026 13:03,Safe,Safe,Safe,Safe
W_002,7/24/2026 13:03,Safe,Safe,Safe,Safe
W_002,7/24/2026 13:03,Safe,Safe,Safe,Safe
W_002,7/24/2026 13:03,Safe,Safe,Safe,Safe
W_002,7/24/2026 13:03,Safe,Safe,Safe,Safe
W_002,7/24/2026 13:03,Safe,Safe,Safe,Safe
W_002,7/24/2026 13:03,Safe,Safe,Safe,Safe
W_002,7/24/2026 13:03,Safe,Safe,Safe,Safe
W_002,7/24/2026 13:03,Safe,Safe,Safe,Safe
W_002,7/24/2026 13:03,Safe,Safe,Safe,Safe
W_002,7/24/2026 13:03,Safe,Safe,Safe,Safe
W_002,7/24/2026 13:03,Safe,Safe,Safe,Safe
W_002,7/24/2026 13:03,Safe,Safe,Safe,Safe
W_002,7/24/2026 13:03,Safe,Safe,Safe,Safe
W_002,7/24/2026 13:03,Safe,Safe,Safe,Safe
W_002,7/24/2026 13:03,Safe,Safe,Safe,Safe
W_002,7/24/2026 13:03,Safe,Safe,Safe,Safe
W_002,7/24/2026 13:03,Safe,Safe,Safe,Safe
W_002,7/24/2026 13:03,Safe,Safe,Safe,Safe
W_002,7/24/2026 13:03,Safe,Safe,Safe,Safe
W_002,7/24/2026 13:03,Safe,Safe,Safe,Safe
W_002,7/24/2026 13:03,Safe,Safe,Safe,Safe
W_002,7/24/2026 13:03,Safe,Safe,Safe,Safe
W_002,7/24/2026 13:04,Safe,Safe,Safe,Safe
W_002,7/24/2026 13:04,Safe,Safe,Safe,Safe
W_002,7/24/2026 13:04,Safe,Safe,Safe,Safe
W_002,7/24/2026 13:04,Safe,Safe,Safe,Safe
W_002,7/24/2026 13:04,Safe,Safe,Safe,Safe
W_002,7/24/2026 13:04,Safe,Safe,Safe,Safe
W_002,7/24/2026 13:04,Safe,Safe,Safe,Safe
W_002,7/24/2026 13:04,Safe,Safe,Safe,Safe
W_002,7/24/2026 13:04,Safe,Safe,Safe,Safe
W_002,7/24/2026 13:04,Safe,Safe,Safe,Safe
W_002,7/24/2026 13:04,Safe,Safe,Safe,Safe
W_002,7/24/2026 13:04,Safe,Safe,Safe,Safe
W_002,7/24/2026 13:04,Safe,Safe,Safe,Safe
W_002,7/24/2026 13:04,Safe,Safe,Safe,Safe
W_002,7/24/2026 13:04,Safe,Safe,Safe,Safe
W_002,7/24/2026 13:04,Safe,Safe,Safe,Safe
W_002,7/24/2026 13:04,Safe,Safe,Safe,Safe
W_002,7/24/2026 13:04,Safe,Safe,Safe,Safe
W_002,7/24/2026 13:04,Safe,Safe,Safe,Safe
W_002,7/24/2026 13:04,Safe,Safe,Safe,Safe
W_002,7/24/2026 13:04,Safe,Safe,Safe,Safe
W_002,7/24/2026 13:04,Safe,Safe,Safe,Safe
W_002,7/24/2026 13:04,Safe,Safe,Safe,Safe
W_002,7/24/2026 13:04,Safe,Safe,Safe,Safe
W_002,7/24/2026 13:04,Safe,Safe,Safe,Safe
W_002,7/24/2026 13:04,Safe,Safe,Safe,Safe
W_002,7/24/2026 13:04,Safe,Safe,Safe,Safe
W_002,7/24/2026 13:04,Safe,Safe,Safe,Safe
W_002,7/24/2026 13:04,Safe,Safe,Safe,Safe
W_002,7/24/2026 13:04,Safe,Safe,Safe,Safe
W_002,7/24/2026 13:04,Safe,Safe,Safe,Safe
W_002,7/24/2026 13:04,Safe,Safe,Safe,Safe
W_002,7/24/2026 13:04,Safe,Safe,Safe,Safe
W_002,7/24/2026 13:04,Safe,Safe,Safe,Safe
W_002,7/24/2026 13:04,Safe,Safe,Safe,Safe
W_002,7/24/2026 13:04,Safe,Safe,Safe,Safe
W_002,7/24/2026 13:04,Safe,Safe,Safe,Safe
W_002,7/24/2026 13:04,Safe,Safe,Safe,Safe
W_002,7/24/2026 13:04,Safe,Safe,Safe,Safe
W_002,7/24/2026 13:04,Safe,Safe,Safe,Safe
W_002,7/24/2026 13:04,Safe,Safe,Safe,Safe
W_002,7/24/2026 13:04,Safe,Safe,Safe,Safe
W_002,7/24/2026 13:04,Safe,Safe,Safe,Safe
W_002,7/24/2026 13:04,Safe,Safe,Safe,Safe
W_002,7/24/2026 13:04,Safe,Safe,Safe,Safe
W_002,7/24/2026 13:04,Safe,Safe,Safe,Safe
W_002,7/24/2026 13:04,Safe,Safe,Safe,Safe
W_002,7/24/2026 13:04,Safe,Safe,Safe,Safe
W_002,7/24/2026 13:04,Safe,Safe,Safe,Safe
W_002,7/24/2026 13:04,Safe,Safe,Safe,Safe
W_002,7/24/2026 13:04,Safe,Safe,Safe,Safe
W_002,7/24/2026 13:04,Safe,Safe,Safe,Safe
W_002,7/24/2026 13:04,Safe,Safe,Safe,Safe
W_002,7/24/2026 13:04,Safe,Safe,Safe,Safe
W_002,7/24/2026 13:04,Safe,Safe,Safe,Safe
W_002,7/24/2026 13:04,Safe,Safe,Safe,Safe
W_002,7/24/2026 13:04,Safe,Safe,Safe,Safe
W_002,7/24/2026 13:04,Safe,Safe,Safe,Safe
W_002,7/24/2026 13:04,Safe,Safe,Safe,Safe
W_002,7/24/2026 13:04,Safe,Safe,Safe,Safe
W_002,7/24/2026 13:05,Safe,Safe,Safe,Safe
W_002,7/24/2026 13:05,Safe,Safe,Safe,Safe
W_002,7/24/2026 13:05,Safe,Safe,Safe,Safe
W_002,7/24/2026 13:05,Safe,Safe,Safe,Safe
W_002,7/24/2026 13:05,Safe,Safe,Safe,Safe
W_002,7/24/2026 13:05,Safe,Safe,Safe,Safe
W_002,7/24/2026 13:05,Safe,Safe,Safe,Safe
W_002,7/24/2026 13:05,Safe,Safe,Safe,Safe
W_002,7/24/2026 13:05,Safe,Safe,Safe,Safe
W_002,7/24/2026 13:05,Safe,Safe,Safe,Safe
W_002,7/24/2026 13:05,Safe,Safe,Safe,Safe
W_002,7/24/2026 13:05,Safe,Safe,Safe,Safe
W_002,7/24/2026 13:05,Safe,Safe,Safe,Safe
W_002,7/24/2026 13:05,Safe,Safe,Safe,Safe
W_002,7/24/2026 13:05,Safe,Safe,Safe,Safe
W_002,7/24/2026 13:05,Safe,Safe,Safe,Safe
W_002,7/24/2026 13:05,Safe,Safe,Safe,Safe
W_002,7/24/2026 13:05,Safe,Safe,Safe,Safe
W_002,7/24/2026 13:05,Safe,Safe,Safe,Safe
W_002,7/24/2026 13:05,Safe,Safe,Safe,Safe
W_002,7/24/2026 13:05,Safe,Safe,Safe,Safe
W_002,7/24/2026 13:05,Safe,Safe,Safe,Safe
W_002,7/24/2026 13:05,Safe,Safe,Safe,Safe
W_002,7/24/2026 13:05,Safe,Safe,Safe,Safe
W_002,7/24/2026 13:05,Safe,Safe,Safe,Safe
W_002,7/24/2026 13:05,Safe,Safe,Safe,Safe
W_002,7/24/2026 13:05,Safe,Safe,Safe,Safe
W_002,7/24/2026 13:05,Safe,Safe,Safe,Safe
W_002,7/24/2026 13:05,Safe,Safe,Safe,Safe
W_002,7/24/2026 13:05,Safe,Safe,Safe,Safe
W_002,7/24/2026 13:05,Safe,Safe,Safe,Safe
W_002,7/24/2026 13:05,Safe,Safe,Safe,Safe
W_002,7/24/2026 13:05,Safe,Safe,Safe,Safe
W_002,7/24/2026 13:05,Safe,Safe,Safe,Safe
W_002,7/24/2026 13:05,Safe,Safe,Safe,Safe
W_002,7/24/2026 13:05,Safe,Safe,Safe,Safe
W_002,7/24/2026 13:05,Safe,Safe,Safe,Safe
W_002,7/24/2026 13:05,Safe,Safe,Safe,Safe
W_002,7/24/2026 13:05,Safe,Safe,Safe,Safe
W_002,7/24/2026 13:05,Safe,Safe,Safe,Safe
W_002,7/24/2026 13:05,Safe,Safe,Safe,Safe
W_002,7/24/2026 13:05,Safe,Safe,Safe,Safe
W_002,7/24/2026 13:05,Safe,Safe,Safe,Safe
W_002,7/24/2026 13:05,Safe,Safe,Safe,Safe
W_002,7/24/2026 13:05,Safe,Safe,Safe,Safe
W_002,7/24/2026 13:05,Safe,Safe,Safe,Safe
W_002,7/24/2026 13:05,Safe,Safe,Safe,Safe
W_002,7/24/2026 13:05,Safe,Safe,Safe,Safe
W_002,7/24/2026 13:05,Safe,Safe,Safe,Safe
W_002,7/24/2026 13:05,Safe,Safe,Safe,Safe
W_002,7/24/2026 13:05,Safe,Safe,Safe,Safe
W_002,7/24/2026 13:05,Safe,Safe,Safe,Safe
W_002,7/24/2026 13:05,Safe,Safe,Safe,Safe
W_002,7/24/2026 13:05,Safe,Safe,Safe,Safe
W_002,7/24/2026 13:05,Safe,Safe,Safe,Safe
W_002,7/24/2026 13:05,Safe,Safe,Safe,Safe
W_002,7/24/2026 13:05,Safe,Safe,Safe,Safe
W_002,7/24/2026 13:05,Safe,Safe,Safe,Safe
W_002,7/24/2026 13:05,Safe,Safe,Safe,Safe
W_002,7/24/2026 13:05,Safe,Safe,Safe,Safe
W_002,7/24/2026 13:06,Safe,Safe,Safe,Safe
W_002,7/24/2026 13:06,Safe,Safe,Safe,Safe
W_002,7/24/2026 13:06,Safe,Safe,Safe,Safe
W_002,7/24/2026 13:06,Safe,Safe,Safe,Safe
W_002,7/24/2026 13:06,Safe,Safe,Safe,Safe
W_002,7/24/2026 13:06,Safe,Safe,Safe,Safe
W_002,7/24/2026 13:06,Safe,Safe,Safe,Safe
W_002,7/24/2026 13:06,Safe,Safe,Safe,Safe
W_002,7/24/2026 13:06,Safe,Safe,Safe,Safe
W_002,7/24/2026 13:06,Safe,Safe,Safe,Safe
W_002,7/24/2026 13:06,Safe,Safe,Safe,Safe
W_002,7/24/2026 13:06,Safe,Safe,Safe,Safe
W_002,7/24/2026 13:06,Safe,Safe,Safe,Safe
W_002,7/24/2026 13:06,Safe,Safe,Safe,Safe
W_002,7/24/2026 13:06,Safe,Safe,Safe,Safe
W_002,7/24/2026 13:06,Safe,Safe,Safe,Safe
W_002,7/24/2026 13:06,Safe,Safe,Safe,Safe
W_002,7/24/2026 13:06,Safe,Safe,Safe,Safe
W_002,7/24/2026 13:06,Safe,Safe,Safe,Safe
W_002,7/24/2026 13:06,Safe,Safe,Safe,Safe
W_002,7/24/2026 13:06,Safe,Safe,Safe,Safe
W_002,7/24/2026 13:06,Safe,Safe,Safe,Safe
W_002,7/24/2026 13:06,Safe,Safe,Safe,Safe
W_002,7/24/2026 13:06,Safe,Safe,Safe,Safe
W_002,7/24/2026 13:06,Safe,Safe,Safe,Safe
W_002,7/24/2026 13:06,Safe,Safe,Safe,Safe
W_002,7/24/2026 13:06,Safe,Safe,Safe,Safe
W_002,7/24/2026 13:06,Safe,Safe,Safe,Safe
W_002,7/24/2026 13:06,Safe,Safe,Safe,Safe
W_002,7/24/2026 13:06,Safe,Safe,Safe,Safe
W_002,7/24/2026 13:06,Safe,Safe,Safe,Safe
W_002,7/24/2026 13:06,Safe,Safe,Safe,Safe
W_002,7/24/2026 13:06,Safe,Safe,Safe,Safe
W_002,7/24/2026 13:06,Safe,Safe,Safe,Safe
W_002,7/24/2026 13:06,Safe,Safe,Safe,Safe
W_002,7/24/2026 13:06,Safe,Safe,Safe,Safe
W_002,7/24/2026 13:06,Safe,Safe,Safe,Safe
W_002,7/24/2026 13:06,Safe,Safe,Safe,Safe
W_002,7/24/2026 13:06,Safe,Safe,Safe,Safe
W_002,7/24/2026 13:06,Safe,Safe,Safe,Safe
W_002,7/24/2026 13:06,Safe,Safe,Safe,Safe
W_002,7/24/2026 13:06,Safe,Safe,Safe,Safe
W_002,7/24/2026 13:06,Safe,Safe,Safe,Safe
W_002,7/24/2026 13:06,Safe,Safe,Safe,Safe
W_002,7/24/2026 13:06,Safe,Safe,Safe,Safe
W_002,7/24/2026 13:06,Safe,Safe,Safe,Safe
W_002,7/24/2026 13:06,Safe,Safe,Safe,Safe
W_002,7/24/2026 13:06,Safe,Safe,Safe,Safe
W_002,7/24/2026 13:06,Safe,Safe,Safe,Safe
W_002,7/24/2026 13:06,Safe,Safe,Safe,Safe
W_002,7/24/2026 13:06,Safe,Safe,Safe,Safe
W_002,7/24/2026 13:06,Safe,Safe,Safe,Safe
W_002,7/24/2026 13:06,Safe,Safe,Safe,Safe
W_002,7/24/2026 13:06,Safe,Safe,Safe,Safe
W_002,7/24/2026 13:06,Safe,Safe,Safe,Safe
W_002,7/24/2026 13:06,Safe,Safe,Safe,Safe
W_002,7/24/2026 13:06,Safe,Safe,Safe,Safe
W_002,7/24/2026 13:06,Safe,Safe,Safe,Safe
W_002,7/24/2026 13:06,Safe,Safe,Safe,Safe
W_002,7/24/2026 13:06,Safe,Safe,Safe,Safe
W_002,7/24/2026 13:07,Safe,Safe,Safe,Safe
W_002,7/24/2026 13:07,Safe,Safe,Safe,Safe
W_002,7/24/2026 13:07,Safe,Safe,Safe,Safe
W_002,7/24/2026 13:07,Safe,Safe,Safe,Safe
W_002,7/24/2026 13:07,Safe,Safe,Safe,Safe
W_002,7/24/2026 13:07,Safe,Safe,Safe,Safe
W_002,7/24/2026 13:07,Safe,Safe,Safe,Safe
W_002,7/24/2026 13:07,Safe,Safe,Safe,Safe
W_002,7/24/2026 13:07,Safe,Safe,Safe,Safe
W_002,7/24/2026 13:07,Safe,Safe,Safe,Safe
W_002,7/24/2026 13:07,Safe,Safe,Safe,Safe
W_002,7/24/2026 13:07,Safe,Safe,Safe,Safe
W_002,7/24/2026 13:07,Safe,Safe,Safe,Safe
W_002,7/24/2026 13:07,Safe,Safe,Safe,Safe
W_002,7/24/2026 13:07,Safe,Safe,Safe,Safe
W_002,7/24/2026 13:07,Safe,Safe,Safe,Safe
W_002,7/24/2026 13:07,Safe,Safe,Safe,Safe
W_002,7/24/2026 13:07,Safe,Safe,Safe,Safe
W_002,7/24/2026 13:07,Safe,Safe,Safe,Safe
W_002,7/24/2026 13:07,Safe,Safe,Safe,Safe
W_002,7/24/2026 13:07,Safe,Safe,Safe,Safe
W_002,7/24/2026 13:07,Safe,Safe,Safe,Safe
W_002,7/24/2026 13:07,Safe,Safe,Safe,Safe
W_002,7/24/2026 13:07,Safe,Safe,Safe,Safe
W_002,7/24/2026 13:07,Safe,Safe,Safe,Safe
W_002,7/24/2026 13:07,Safe,Safe,Safe,Safe
W_002,7/24/2026 13:07,Safe,Safe,Safe,Safe
W_002,7/24/2026 13:07,Safe,Safe,Safe,Safe
W_002,7/24/2026 13:07,Safe,Safe,Safe,Safe
W_002,7/24/2026 13:07,Safe,Safe,Safe,Safe
W_002,7/24/2026 13:07,Safe,Safe,Safe,Safe
W_002,7/24/2026 13:07,Safe,Safe,Safe,Safe
W_002,7/24/2026 13:07,Safe,Safe,Safe,Safe
W_002,7/24/2026 13:07,Safe,Safe,Safe,Safe
W_002,7/24/2026 13:07,Safe,Safe,Safe,Safe
W_002,7/24/2026 13:07,Safe,Safe,Safe,Safe
W_002,7/24/2026 13:07,Safe,Safe,Safe,Safe
W_002,7/24/2026 13:07,Safe,Safe,Safe,Safe
W_002,7/24/2026 13:07,Safe,Safe,Safe,Safe
W_002,7/24/2026 13:07,Safe,Safe,Safe,Safe
W_002,7/24/2026 13:07,Safe,Safe,Safe,Safe
W_002,7/24/2026 13:07,Safe,Safe,Safe,Safe
W_002,7/24/2026 13:07,Safe,Safe,Safe,Safe
W_002,7/24/2026 13:07,Safe,Safe,Safe,Safe
W_002,7/24/2026 13:07,Safe,Safe,Safe,Safe
W_002,7/24/2026 13:07,Safe,Safe,Safe,Safe
W_002,7/24/2026 13:07,Safe,Safe,Safe,Safe
W_002,7/24/2026 13:07,Safe,Safe,Safe,Safe
W_002,7/24/2026 13:07,Safe,Safe,Safe,Safe
W_002,7/24/2026 13:07,Safe,Safe,Safe,Safe
W_002,7/24/2026 13:07,Safe,Safe,Safe,Safe
W_002,7/24/2026 13:07,Safe,Safe,Safe,Safe
W_002,7/24/2026 13:07,Safe,Safe,Safe,Safe
W_002,7/24/2026 13:07,Safe,Safe,Safe,Safe
W_002,7/24/2026 13:07,Safe,Safe,Safe,Safe
W_002,7/24/2026 13:07,Safe,Safe,Safe,Safe
W_002,7/24/2026 13:07,Safe,Safe,Safe,Safe
W_002,7/24/2026 13:07,Safe,Safe,Safe,Safe
W_002,7/24/2026 13:07,Safe,Safe,Safe,Safe
W_002,7/24/2026 13:07,Safe,Safe,Safe,Safe
W_002,7/24/2026 13:08,Safe,Safe,Safe,Safe
W_002,7/24/2026 13:08,Safe,Safe,Safe,Safe
W_002,7/24/2026 13:08,Safe,Safe,Safe,Safe
W_002,7/24/2026 13:08,Safe,Safe,Safe,Safe
W_002,7/24/2026 13:08,Safe,Safe,Safe,Safe
W_002,7/24/2026 13:08,Safe,Safe,Safe,Safe
W_002,7/24/2026 13:08,Safe,Safe,Safe,Safe
W_002,7/24/2026 13:08,Safe,Safe,Safe,Safe
W_002,7/24/2026 13:08,Safe,Safe,Safe,Safe
W_002,7/24/2026 13:08,Safe,Safe,Safe,Safe
W_002,7/24/2026 13:08,Safe,Safe,Safe,Safe
W_002,7/24/2026 13:08,Safe,Safe,Safe,Safe
W_002,7/24/2026 13:08,Safe,Safe,Safe,Safe
W_002,7/24/2026 13:08,Safe,Safe,Safe,Safe
W_002,7/24/2026 13:08,Safe,Safe,Safe,Safe
W_002,7/24/2026 13:08,Safe,Safe,Safe,Safe
W_002,7/24/2026 13:08,Safe,Safe,Safe,Safe
W_002,7/24/2026 13:08,Safe,Safe,Safe,Safe
W_002,7/24/2026 13:08,Safe,Safe,Safe,Safe
W_002,7/24/2026 13:08,Safe,Safe,Safe,Safe
W_002,7/24/2026 13:08,Safe,Safe,Safe,Safe
W_002,7/24/2026 13:08,Safe,Safe,Safe,Safe
W_002,7/24/2026 13:08,Safe,Safe,Safe,Safe
W_002,7/24/2026 13:08,Safe,Safe,Safe,Safe
W_002,7/24/2026 13:08,Safe,Safe,Safe,Safe
W_002,7/24/2026 13:08,Safe,Safe,Safe,Safe
W_002,7/24/2026 13:08,Safe,Safe,Safe,Safe
W_002,7/24/2026 13:08,Safe,Safe,Safe,Safe
W_002,7/24/2026 13:08,Safe,Safe,Safe,Safe
W_002,7/24/2026 13:08,Safe,Safe,Safe,Safe
W_002,7/24/2026 13:08,Safe,Safe,Safe,Safe
W_002,7/24/2026 13:08,Safe,Safe,Safe,Safe
W_002,7/24/2026 13:08,Safe,Safe,Safe,Safe
W_002,7/24/2026 13:08,Safe,Safe,Safe,Safe
W_002,7/24/2026 13:08,Safe,Safe,Safe,Safe
W_002,7/24/2026 13:08,Safe,Safe,Safe,Safe
W_002,7/24/2026 13:08,Safe,Safe,Safe,Safe
W_002,7/24/2026 13:08,Safe,Safe,Safe,Safe
W_002,7/24/2026 13:08,Safe,Safe,Safe,Safe
W_002,7/24/2026 13:08,Safe,Safe,Safe,Safe
W_002,7/24/2026 13:08,Safe,Safe,Safe,Safe
W_002,7/24/2026 13:08,Safe,Safe,Safe,Safe
W_002,7/24/2026 13:08,Safe,Safe,Safe,Safe
W_002,7/24/2026 13:08,Safe,Safe,Safe,Safe
W_002,7/24/2026 13:08,Safe,Safe,Safe,Safe
W_002,7/24/2026 13:08,Safe,Safe,Safe,Safe
W_002,7/24/2026 13:08,Safe,Safe,Safe,Safe
W_002,7/24/2026 13:08,Safe,Safe,Safe,Safe
W_002,7/24/2026 13:08,Safe,Safe,Safe,Safe
W_002,7/24/2026 13:08,Safe,Safe,Safe,Safe
W_002,7/24/2026 13:08,Safe,Safe,Safe,Safe
W_002,7/24/2026 13:08,Safe,Safe,Safe,Safe
W_002,7/24/2026 13:08,Safe,Safe,Safe,Safe
W_002,7/24/2026 13:08,Safe,Safe,Safe,Safe
W_002,7/24/2026 13:08,Safe,Safe,Safe,Safe
W_002,7/24/2026 13:08,Safe,Safe,Safe,Safe
W_002,7/24/2026 13:08,Safe,Safe,Safe,Safe
W_002,7/24/2026 13:08,Safe,Safe,Safe,Safe
W_002,7/24/2026 13:08,Safe,Safe,Safe,Safe
W_002,7/24/2026 13:08,Safe,Safe,Safe,Safe
W_002,7/24/2026 13:09,Safe,Safe,Safe,Safe
W_002,7/24/2026 13:09,Safe,Safe,Safe,Safe
W_002,7/24/2026 13:09,Safe,Safe,Safe,Safe
W_002,7/24/2026 13:09,Safe,Safe,Safe,Safe
W_002,7/24/2026 13:09,Safe,Safe,Safe,Safe
W_002,7/24/2026 13:09,Safe,Safe,Safe,Safe
W_002,7/24/2026 13:09,Safe,Safe,Safe,Safe
W_002,7/24/2026 13:09,Safe,Safe,Safe,Safe
W_002,7/24/2026 13:09,Safe,Safe,Safe,Safe
W_002,7/24/2026 13:09,Safe,Safe,Safe,Safe
W_002,7/24/2026 13:09,Safe,Safe,Safe,Safe
W_002,7/24/2026 13:09,Safe,Safe,Safe,Safe
W_002,7/24/2026 13:09,Safe,Safe,Safe,Safe
W_002,7/24/2026 13:09,Safe,Safe,Safe,Safe
W_002,7/24/2026 13:09,Safe,Safe,Safe,Safe
W_002,7/24/2026 13:09,Safe,Safe,Safe,Safe
W_002,7/24/2026 13:09,Safe,Safe,Safe,Safe
W_002,7/24/2026 13:09,Safe,Safe,Safe,Safe
W_002,7/24/2026 13:09,Safe,Safe,Safe,Safe
W_002,7/24/2026 13:09,Safe,Safe,Safe,Safe
W_002,7/24/2026 13:09,Safe,Safe,Safe,Safe
W_002,7/24/2026 13:09,Safe,Safe,Safe,Safe
W_002,7/24/2026 13:09,Safe,Safe,Safe,Safe
W_002,7/24/2026 13:09,Safe,Safe,Safe,Safe
W_002,7/24/2026 13:09,Safe,Safe,Safe,Safe
W_002,7/24/2026 13:09,Safe,Safe,Safe,Safe
W_002,7/24/2026 13:09,Safe,Safe,Safe,Safe
W_002,7/24/2026 13:09,Safe,Safe,Safe,Safe
W_002,7/24/2026 13:09,Safe,Safe,Safe,Safe
W_002,7/24/2026 13:09,Safe,Safe,Safe,Safe
W_002,7/24/2026 13:09,Safe,Safe,Safe,Safe
W_002,7/24/2026 13:09,Safe,Safe,Safe,Safe
W_002,7/24/2026 13:09,Safe,Safe,Safe,Safe
W_002,7/24/2026 13:09,Safe,Safe,Safe,Safe
W_002,7/24/2026 13:09,Safe,Safe,Safe,Safe
W_002,7/24/2026 13:09,Safe,Safe,Safe,Safe
W_002,7/24/2026 13:09,Safe,Safe,Safe,Safe
W_002,7/24/2026 13:09,Safe,Safe,Safe,Safe
W_002,7/24/2026 13:09,Safe,Safe,Safe,Safe
W_002,7/24/2026 13:09,Safe,Safe,Safe,Safe
W_002,7/24/2026 13:09,Safe,Safe,Safe,Safe
W_002,7/24/2026 13:09,Safe,Safe,Safe,Safe
W_002,7/24/2026 13:09,Safe,Safe,Safe,Safe
W_002,7/24/2026 13:09,Safe,Safe,Safe,Safe
W_002,7/24/2026 13:09,Safe,Safe,Safe,Safe
W_002,7/24/2026 13:09,Safe,Safe,Safe,Safe
W_002,7/24/2026 13:09,Safe,Safe,Safe,Safe
W_002,7/24/2026 13:09,Safe,Safe,Safe,Safe
W_002,7/24/2026 13:09,Safe,Safe,Safe,Safe
W_002,7/24/2026 13:09,Safe,Safe,Safe,Safe
W_002,7/24/2026 13:09,Safe,Safe,Safe,Safe
W_002,7/24/2026 13:09,Safe,Safe,Safe,Safe
W_002,7/24/2026 13:09,Safe,Safe,Safe,Safe
W_002,7/24/2026 13:09,Safe,Safe,Safe,Safe
W_002,7/24/2026 13:09,Safe,Safe,Safe,Safe
W_002,7/24/2026 13:09,Safe,Safe,Safe,Safe
W_002,7/24/2026 13:10,Safe,Safe,Safe,Safe
W_002,7/24/2026 13:10,Safe,Safe,Safe,Safe
W_002,7/24/2026 13:10,Safe,Safe,Safe,Safe
W_002,7/24/2026 13:10,Safe,Safe,Safe,Safe
W_002,7/24/2026 13:10,Safe,Safe,Safe,Safe
W_002,7/24/2026 13:10,Safe,Safe,Safe,Safe
W_002,7/24/2026 13:10,Safe,Safe,Safe,Safe
W_002,7/24/2026 13:10,Safe,Safe,Safe,Safe
W_002,7/24/2026 13:10,Safe,Safe,Safe,Safe
W_002,7/24/2026 13:10,Safe,Safe,Safe,Safe
W_002,7/24/2026 13:10,Safe,Safe,Safe,Safe
W_002,7/24/2026 13:10,Safe,Safe,Safe,Safe
W_002,7/24/2026 13:10,Safe,Safe,Safe,Safe
W_002,7/24/2026 13:10,Safe,Safe,Safe,Safe
W_002,7/24/2026 13:10,Safe,Safe,Safe,Safe
W_002,7/24/2026 13:10,Safe,Safe,Safe,Safe
W_002,7/24/2026 13:10,Safe,Safe,Safe,Safe
W_002,7/24/2026 13:10,Safe,Safe,Safe,Safe
W_002,7/24/2026 13:10,Safe,Safe,Safe,Safe
W_002,7/24/2026 13:10,Safe,Safe,Safe,Safe
W_002,7/24/2026 13:10,Safe,Safe,Safe,Safe
W_002,7/24/2026 13:10,Safe,Safe,Safe,Safe
W_002,7/24/2026 13:10,Safe,Safe,Safe,Safe
W_002,7/24/2026 13:10,Safe,Safe,Safe,Safe
W_002,7/24/2026 13:10,Safe,Safe,Safe,Safe
W_002,7/24/2026 13:10,Safe,Safe,Safe,Safe
W_002,7/24/2026 13:10,Safe,Safe,Safe,Safe
W_002,7/24/2026 13:10,Safe,Safe,Safe,Safe
W_002,7/24/2026 13:10,Safe,Safe,Safe,Safe
W_002,7/24/2026 13:10,Safe,Safe,Safe,Safe
W_002,7/24/2026 13:10,Safe,Safe,Safe,Safe
W_002,7/24/2026 13:10,Safe,Safe,Safe,Safe
W_002,7/24/2026 13:10,Safe,Safe,Safe,Safe
W_002,7/24/2026 13:10,Safe,Safe,Safe,Safe
W_002,7/24/2026 13:10,Safe,Safe,Safe,Safe
W_002,7/24/2026 13:10,Safe,Safe,Safe,Safe
W_002,7/24/2026 13:10,Safe,Safe,Safe,Safe
W_002,7/24/2026 13:10,Safe,Safe,Safe,Safe
W_002,7/24/2026 13:10,Safe,Safe,Safe,Safe
W_002,7/24/2026 13:10,Safe,Safe,Safe,Safe
W_002,7/24/2026 13:10,Safe,Safe,Safe,Safe
W_002,7/24/2026 13:10,Safe,Safe,Safe,Safe
W_002,7/24/2026 13:10,Safe,Safe,Safe,Safe
W_002,7/24/2026 13:10,Safe,Safe,Safe,Safe
W_002,7/24/2026 13:10,Safe,Safe,Safe,Safe
W_002,7/24/2026 13:10,Safe,Safe,Safe,Safe
W_002,7/24/2026 13:10,Safe,Safe,Safe,Safe
W_002,7/24/2026 13:10,Safe,Safe,Safe,Safe
W_002,7/24/2026 13:10,Safe,Safe,Safe,Safe
W_002,7/24/2026 13:10,Safe,Safe,Safe,Safe
W_002,7/24/2026 13:10,Safe,Safe,Safe,Safe
W_002,7/24/2026 13:10,Safe,Safe,Safe,Safe
W_002,7/24/2026 13:10,Safe,Safe,Safe,Safe
W_002,7/24/2026 13:10,Safe,Safe,Safe,Safe
W_002,7/24/2026 13:10,Safe,Safe,Safe,Safe
W_002,7/24/2026 13:10,Safe,Safe,Safe,Safe
W_002,7/24/2026 13:10,Safe,Safe,Safe,Safe
W_002,7/24/2026 13:10,Safe,Safe,Safe,Safe
W_002,7/24/2026 13:10,Safe,Safe,Safe,Safe
W_002,7/24/2026 13:10,Safe,Safe,Safe,Safe
W_002,7/24/2026 13:11,Safe,Safe,Safe,Safe
W_002,7/24/2026 13:11,Safe,Safe,Safe,Safe
W_002,7/24/2026 13:11,Safe,Safe,Safe,Safe
W_002,7/24/2026 13:11,Safe,Safe,Safe,Safe
W_002,7/24/2026 13:11,Safe,Safe,Safe,Safe
W_002,7/24/2026 13:11,Safe,Safe,Safe,Safe
W_002,7/24/2026 13:11,Safe,Safe,Safe,Safe
W_002,7/24/2026 13:11,Safe,Safe,Safe,Safe
W_002,7/24/2026 13:11,Safe,Safe,Safe,Safe
W_002,7/24/2026 13:11,Safe,Safe,Safe,Safe
W_002,7/24/2026 13:11,Safe,Safe,Safe,Safe
W_002,7/24/2026 13:11,Safe,Safe,Safe,Safe
W_002,7/24/2026 13:11,Safe,Safe,Safe,Safe
W_002,7/24/2026 13:11,Safe,Safe,Safe,Safe
W_002,7/24/2026 13:11,Safe,Safe,Safe,Safe
W_002,7/24/2026 13:11,Safe,Safe,Safe,Safe
W_002,7/24/2026 13:11,Safe,Safe,Safe,Safe
W_002,7/24/2026 13:11,Safe,Safe,Safe,Safe
W_002,7/24/2026 13:11,Safe,Safe,Safe,Safe
W_002,7/24/2026 13:11,Safe,Safe,Safe,Safe
W_002,7/24/2026 13:11,Safe,Safe,Safe,Safe
W_002,7/24/2026 13:11,Safe,Safe,Safe,Safe
W_002,7/24/2026 13:11,Safe,Safe,Safe,Safe
W_002,7/24/2026 13:11,Safe,Safe,Safe,Safe
W_002,7/24/2026 13:11,Safe,Safe,Safe,Safe
W_002,7/24/2026 13:11,Safe,Safe,Safe,Safe
W_002,7/24/2026 13:11,Safe,Safe,Safe,Safe
W_002,7/24/2026 13:11,Safe,Safe,Safe,Safe
W_002,7/24/2026 13:11,Safe,Safe,Safe,Safe
W_002,7/24/2026 13:11,Safe,Safe,Safe,Safe
W_002,7/24/2026 13:11,Safe,Safe,Safe,Safe
W_002,7/24/2026 13:11,Safe,Safe,Safe,Safe
W_002,7/24/2026 13:11,Safe,Safe,Safe,Safe
W_002,7/24/2026 13:11,Safe,Safe,Safe,Safe
W_002,7/24/2026 13:11,Safe,Safe,Safe,Safe
W_002,7/24/2026 13:11,Safe,Safe,Safe,Safe
W_002,7/24/2026 13:11,Safe,Safe,Safe,Safe
W_002,7/24/2026 13:11,Safe,Safe,Safe,Safe
W_002,7/24/2026 13:11,Safe,Safe,Safe,Safe
W_002,7/24/2026 13:11,Safe,Safe,Safe,Safe
W_002,7/24/2026 13:11,Safe,Safe,Safe,Safe
W_002,7/24/2026 13:11,Safe,Safe,Safe,Safe
W_002,7/24/2026 13:11,Safe,Safe,Safe,Safe
W_002,7/24/2026 13:11,Safe,Safe,Safe,Safe
W_002,7/24/2026 13:11,Safe,Safe,Safe,Safe
W_002,7/24/2026 13:11,Safe,Safe,Safe,Safe
W_002,7/24/2026 13:11,Safe,Safe,Safe,Safe
W_002,7/24/2026 13:11,Safe,Safe,Safe,Safe
W_002,7/24/2026 13:11,Safe,Safe,Safe,Safe
W_002,7/24/2026 13:11,Safe,Safe,Safe,Safe
W_002,7/24/2026 13:11,Safe,Safe,Safe,Safe
W_002,7/24/2026 13:11,Safe,Safe,Safe,Safe
W_002,7/24/2026 13:11,Safe,Safe,Safe,Safe
W_002,7/24/2026 13:11,Safe,Safe,Safe,Safe
W_002,7/24/2026 13:11,Safe,Safe,Safe,Safe
W_002,7/24/2026 13:11,Safe,Safe,Safe,Safe
W_002,7/24/2026 13:11,Safe,Safe,Safe,Safe
W_002,7/24/2026 13:11,Safe,Safe,Safe,Safe
W_002,7/24/2026 13:11,Safe,Safe,Safe,Safe
W_002,7/24/2026 13:11,Safe,Safe,Safe,Safe
W_002,7/24/2026 13:12,Safe,Safe,Safe,Safe
W_002,7/24/2026 13:12,Safe,Safe,Safe,Safe
W_002,7/24/2026 13:12,Safe,Safe,Safe,Safe
W_002,7/24/2026 13:12,Safe,Safe,Safe,Safe
W_002,7/24/2026 13:12,Safe,Safe,Safe,Safe
W_002,7/24/2026 13:12,Safe,Safe,Safe,Safe
W_002,7/24/2026 13:12,Safe,Safe,Safe,Safe
W_002,7/24/2026 13:12,Safe,Safe,Safe,Safe
W_002,7/24/2026 13:12,Safe,Safe,Safe,Safe
W_002,7/24/2026 13:12,Safe,Safe,Safe,Safe
W_002,7/24/2026 13:12,Safe,Safe,Safe,Safe
W_002,7/24/2026 13:12,Safe,Safe,Safe,Safe
W_002,7/24/2026 13:12,Safe,Safe,Safe,Safe
W_002,7/24/2026 13:12,Safe,Safe,Safe,Safe
W_002,7/24/2026 13:12,Safe,Safe,Safe,Safe
W_002,7/24/2026 13:12,Safe,Safe,Safe,Safe
W_002,7/24/2026 13:12,Safe,Safe,Safe,Safe
W_002,7/24/2026 13:12,Safe,Safe,Safe,Safe
W_002,7/24/2026 13:12,Safe,Safe,Safe,Safe
W_002,7/24/2026 13:12,Safe,Safe,Safe,Safe
W_002,7/24/2026 13:12,Safe,Safe,Safe,Safe
W_002,7/24/2026 13:12,Safe,Safe,Safe,Safe
W_002,7/24/2026 13:12,Safe,Safe,Safe,Safe
W_002,7/24/2026 13:12,Safe,Safe,Safe,Safe
W_002,7/24/2026 13:12,Safe,Safe,Safe,Safe
W_002,7/24/2026 13:12,Safe,Safe,Safe,Safe
W_002,7/24/2026 13:12,Safe,Safe,Safe,Safe
W_002,7/24/2026 13:12,Safe,Safe,Safe,Safe
W_002,7/24/2026 13:12,Safe,Safe,Safe,Safe
W_002,7/24/2026 13:12,Safe,Safe,Safe,Safe
W_002,7/24/2026 13:12,Safe,Safe,Safe,Safe
W_002,7/24/2026 13:12,Safe,Safe,Safe,Safe
W_002,7/24/2026 13:12,Safe,Safe,Safe,Safe
W_002,7/24/2026 13:12,Safe,Safe,Safe,Safe
W_002,7/24/2026 13:12,Safe,Safe,Safe,Safe
W_002,7/24/2026 13:12,Safe,Safe,Safe,Safe
W_002,7/24/2026 13:12,Safe,Safe,Safe,Safe
W_002,7/24/2026 13:12,Safe,Safe,Safe,Safe
W_002,7/24/2026 13:12,Safe,Safe,Safe,Safe
W_002,7/24/2026 13:12,Safe,Safe,Safe,Safe
W_002,7/24/2026 13:12,Safe,Safe,Safe,Safe
W_002,7/24/2026 13:12,Safe,Safe,Safe,Safe
W_002,7/24/2026 13:12,Safe,Safe,Safe,Safe
W_002,7/24/2026 13:12,Safe,Safe,Safe,Safe
W_002,7/24/2026 13:12,Safe,Safe,Safe,Safe
W_002,7/24/2026 13:12,Safe,Safe,Safe,Safe
W_002,7/24/2026 13:12,Safe,Safe,Safe,Safe
W_002,7/24/2026 13:12,Safe,Safe,Safe,Safe
W_002,7/24/2026 13:12,Safe,Safe,Safe,Safe
W_002,7/24/2026 13:12,Safe,Safe,Safe,Safe
W_002,7/24/2026 13:12,Safe,Safe,Safe,Safe
W_002,7/24/2026 13:12,Safe,Safe,Safe,Safe
W_002,7/24/2026 13:12,Safe,Safe,Safe,Safe
W_002,7/24/2026 13:12,Safe,Safe,Safe,Safe
W_002,7/24/2026 13:12,Safe,Safe,Safe,Safe
W_002,7/24/2026 13:12,Safe,Safe,Safe,Safe
W_002,7/24/2026 13:12,Safe,Safe,Safe,Safe
W_002,7/24/2026 13:12,Safe,Safe,Safe,Safe
W_002,7/24/2026 13:12,Safe,Safe,Safe,Safe
W_002,7/24/2026 13:12,Safe,Safe,Safe,Safe
W_002,7/24/2026 13:13,Safe,Safe,Safe,Safe
W_002,7/24/2026 13:13,Safe,Safe,Safe,Safe
W_002,7/24/2026 13:13,Safe,Safe,Safe,Safe
W_002,7/24/2026 13:13,Safe,Safe,Safe,Safe
W_002,7/24/2026 13:13,Safe,Safe,Safe,Safe
W_002,7/24/2026 13:13,Safe,Safe,Safe,Safe
W_002,7/24/2026 13:13,Safe,Safe,Safe,Safe
W_002,7/24/2026 13:13,Safe,Safe,Safe,Safe
W_002,7/24/2026 13:13,Safe,Safe,Safe,Safe
W_002,7/24/2026 13:13,Safe,Safe,Safe,Safe
W_002,7/24/2026 13:13,Safe,Safe,Safe,Safe
W_002,7/24/2026 13:13,Safe,Safe,Safe,Safe
W_002,7/24/2026 13:13,Safe,Safe,Safe,Safe
W_002,7/24/2026 13:13,Safe,Safe,Safe,Safe
W_002,7/24/2026 13:13,Safe,Safe,Safe,Safe
W_002,7/24/2026 13:13,Safe,Safe,Safe,Safe
W_002,7/24/2026 13:13,Safe,Safe,Safe,Safe
W_002,7/24/2026 13:13,Safe,Safe,Safe,Safe
W_002,7/24/2026 13:13,Safe,Safe,Safe,Safe
W_002,7/24/2026 13:13,Safe,Safe,Safe,Safe
W_002,7/24/2026 13:13,Safe,Safe,Safe,Safe
W_002,7/24/2026 13:13,Safe,Safe,Safe,Safe
W_002,7/24/2026 13:13,Safe,Safe,Safe,Safe
W_002,7/24/2026 13:13,Safe,Safe,Safe,Safe
W_002,7/24/2026 13:13,Safe,Safe,Safe,Safe
W_002,7/24/2026 13:13,Safe,Safe,Safe,Safe
W_002,7/24/2026 13:13,Safe,Safe,Safe,Safe
W_002,7/24/2026 13:13,Safe,Safe,Safe,Safe
W_002,7/24/2026 13:13,Safe,Safe,Safe,Safe
W_002,7/24/2026 13:13,Safe,Safe,Safe,Safe
W_002,7/24/2026 13:13,Safe,Safe,Safe,Safe
W_002,7/24/2026 13:13,Safe,Safe,Safe,Safe
W_002,7/24/2026 13:13,Safe,Safe,Warning,Safe
W_002,7/24/2026 13:13,Safe,Safe,Safe,Safe
W_002,7/24/2026 13:13,Safe,Warning,Warning,Safe
W_002,7/24/2026 13:13,Safe,Safe,Safe,Safe
W_002,7/24/2026 13:13,Safe,Safe,Safe,Safe
W_002,7/24/2026 13:13,Safe,Safe,Safe,Safe
W_002,7/24/2026 13:13,Safe,Warning,Warning,Safe
W_002,7/24/2026 13:13,Safe,Safe,Safe,Safe
W_002,7/24/2026 13:13,Safe,Safe,Safe,Safe
W_002,7/24/2026 13:13,Safe,Safe,Safe,Safe
W_002,7/24/2026 13:13,Safe,Safe,Safe,Safe
W_002,7/24/2026 13:13,Safe,Safe,Safe,Safe
W_002,7/24/2026 13:13,Safe,Safe,Safe,Safe
W_002,7/24/2026 13:13,Safe,Safe,Safe,Safe
W_002,7/24/2026 13:13,Safe,Safe,Safe,Safe
W_002,7/24/2026 13:13,Safe,Safe,Safe,Safe
W_002,7/24/2026 13:13,Safe,Safe,Safe,Safe
W_002,7/24/2026 13:13,Safe,Safe,Safe,Safe
W_002,7/24/2026 13:13,Safe,Safe,Safe,Safe
W_002,7/24/2026 13:14,Safe,Safe,Safe,Safe
W_002,7/24/2026 13:14,Safe,Safe,Safe,Safe
W_002,7/24/2026 13:14,Safe,Safe,Safe,Safe
W_002,7/24/2026 13:14,Safe,Safe,Safe,Safe
W_002,7/24/2026 13:14,Safe,Safe,Safe,Safe
W_002,7/24/2026 13:14,Safe,Safe,Safe,Safe
W_002,7/24/2026 13:14,Safe,Safe,Safe,Safe
W_002,7/24/2026 13:14,Safe,Safe,Safe,Safe
W_002,7/24/2026 13:14,Safe,Safe,Safe,Safe
W_002,7/24/2026 13:14,Safe,Safe,Safe,Safe
W_002,7/24/2026 13:14,Safe,Safe,Safe,Safe
W_002,7/24/2026 13:14,Safe,Safe,Safe,Safe
W_002,7/24/2026 13:14,Safe,Safe,Safe,Safe
W_002,7/24/2026 13:14,Safe,Safe,Safe,Safe
W_002,7/24/2026 13:14,Safe,Safe,Safe,Safe
W_002,7/24/2026 13:14,Safe,Safe,Safe,Safe
W_002,7/24/2026 13:14,Safe,Safe,Safe,Safe
W_002,7/24/2026 13:14,Safe,Safe,Safe,Safe
W_002,7/24/2026 13:14,Safe,Safe,Safe,Safe
W_002,7/24/2026 13:14,Safe,Safe,Safe,Safe
W_002,7/24/2026 13:14,Safe,Safe,Safe,Safe
W_002,7/24/2026 13:14,Safe,Safe,Safe,Safe
W_002,7/24/2026 13:14,Safe,Safe,Safe,Safe
W_002,7/24/2026 13:14,Safe,Safe,Safe,Safe
W_002,7/24/2026 13:14,Safe,Safe,Safe,Safe
W_002,7/24/2026 13:14,Safe,Safe,Safe,Safe
W_002,7/24/2026 13:14,Safe,Safe,Safe,Safe
W_002,7/24/2026 13:14,Safe,Safe,Safe,Safe
W_002,7/24/2026 13:14,Safe,Safe,Safe,Safe
W_002,7/24/2026 13:14,Safe,Safe,Safe,Safe
W_002,7/24/2026 13:14,Safe,Safe,Safe,Safe
W_002,7/24/2026 13:14,Safe,Safe,Safe,Safe
W_002,7/24/2026 13:14,Safe,Safe,Safe,Safe
W_002,7/24/2026 13:14,Safe,Safe,Safe,Safe
W_002,7/24/2026 13:14,Safe,Safe,Safe,Safe
W_002,7/24/2026 13:14,Safe,Safe,Safe,Safe
W_002,7/24/2026 13:14,Safe,Safe,Safe,Safe
W_002,7/24/2026 13:14,Safe,Safe,Safe,Safe
W_002,7/24/2026 13:14,Safe,Safe,Safe,Safe
W_002,7/24/2026 13:14,Safe,Safe,Safe,Safe
W_002,7/24/2026 13:14,Safe,Safe,Safe,Safe
W_002,7/24/2026 13:14,Safe,Safe,Safe,Safe
W_002,7/24/2026 13:14,Safe,Safe,Safe,Safe
W_002,7/24/2026 13:14,Safe,Safe,Safe,Safe
W_002,7/24/2026 13:14,Safe,Safe,Safe,Safe
W_002,7/24/2026 13:14,Safe,Safe,Safe,Safe
W_002,7/24/2026 13:14,Safe,Safe,Safe,Safe
W_002,7/24/2026 13:14,Safe,Safe,Safe,Safe
W_002,7/24/2026 13:14,Safe,Safe,Safe,Safe
W_002,7/24/2026 13:14,Safe,Safe,Safe,Safe
W_002,7/24/2026 13:14,Safe,Safe,Safe,Safe
W_002,7/24/2026 13:14,Safe,Safe,Safe,Safe
W_002,7/24/2026 13:14,Safe,Safe,Safe,Safe
W_002,7/24/2026 13:14,Safe,Safe,Safe,Safe
W_002,7/24/2026 13:14,Safe,Safe,Safe,Safe
W_002,7/24/2026 13:14,Safe,Safe,Safe,Safe
W_002,7/24/2026 13:14,Safe,Safe,Safe,Safe
W_002,7/24/2026 13:14,Safe,Safe,Safe,Safe
W_002,7/24/2026 13:14,Safe,Safe,Safe,Safe
W_002,7/24/2026 13:14,Safe,Safe,Safe,Safe
W_002,7/24/2026 13:15,Safe,Safe,Safe,Safe
W_002,7/24/2026 13:15,Safe,Safe,Safe,Safe
W_002,7/24/2026 13:15,Safe,Safe,Safe,Safe
W_002,7/24/2026 13:15,Safe,Safe,Safe,Safe
W_002,7/24/2026 13:15,Safe,Safe,Safe,Safe
W_002,7/24/2026 13:15,Safe,Safe,Safe,Safe
W_002,7/24/2026 13:15,Safe,Safe,Safe,Safe
W_002,7/24/2026 13:15,Safe,Safe,Safe,Safe
W_002,7/24/2026 13:15,Safe,Safe,Safe,Safe
W_002,7/24/2026 13:15,Safe,Safe,Safe,Safe
W_002,7/24/2026 13:15,Safe,Safe,Safe,Safe
W_002,7/24/2026 13:15,Safe,Safe,Safe,Safe
W_002,7/24/2026 13:15,Safe,Safe,Safe,Safe
W_002,7/24/2026 13:15,Safe,Safe,Safe,Safe
W_002,7/24/2026 13:15,Safe,Safe,Safe,Safe
W_002,7/24/2026 13:15,Safe,Safe,Safe,Safe
W_002,7/24/2026 13:15,Safe,Safe,Safe,Safe
W_002,7/24/2026 13:15,Safe,Safe,Safe,Safe
W_002,7/24/2026 13:15,Safe,Safe,Safe,Safe
W_002,7/24/2026 13:15,Safe,Safe,Safe,Safe
W_002,7/24/2026 13:15,Safe,Safe,Safe,Safe
W_002,7/24/2026 13:15,Safe,Safe,Safe,Safe
W_002,7/24/2026 13:15,Safe,Safe,Safe,Safe
W_002,7/24/2026 13:15,Safe,Safe,Safe,Safe
W_002,7/24/2026 13:15,Safe,Safe,Safe,Safe
W_002,7/24/2026 13:15,Safe,Safe,Safe,Safe
W_002,7/24/2026 13:15,Safe,Safe,Safe,Safe
W_002,7/24/2026 13:15,Safe,Safe,Safe,Safe
W_002,7/24/2026 13:15,Safe,Safe,Safe,Safe
W_002,7/24/2026 13:15,Safe,Safe,Safe,Safe
W_002,7/24/2026 13:15,Safe,Safe,Safe,Safe
W_002,7/24/2026 13:15,Safe,Safe,Safe,Safe
W_002,7/24/2026 13:15,Safe,Safe,Safe,Safe
W_002,7/24/2026 13:15,Safe,Safe,Safe,Safe
W_002,7/24/2026 13:15,Safe,Safe,Safe,Safe
W_002,7/24/2026 13:15,Safe,Safe,Safe,Safe
W_002,7/24/2026 13:15,Safe,Safe,Safe,Safe
W_002,7/24/2026 13:15,Safe,Safe,Safe,Safe
W_002,7/24/2026 13:15,Safe,Safe,Safe,Safe
W_002,7/24/2026 13:15,Safe,Safe,Safe,Safe
W_002,7/24/2026 13:15,Safe,Safe,Safe,Safe
W_002,7/24/2026 13:15,Safe,Safe,Safe,Safe
W_002,7/24/2026 13:15,Safe,Safe,Safe,Safe
W_002,7/24/2026 13:15,Safe,Safe,Safe,Safe
W_002,7/24/2026 13:15,Safe,Safe,Safe,Safe
W_002,7/24/2026 13:15,Safe,Safe,Safe,Safe
W_002,7/24/2026 13:15,Safe,Safe,Safe,Safe
W_002,7/24/2026 13:15,Safe,Safe,Safe,Safe
W_002,7/24/2026 13:15,Safe,Safe,Safe,Safe
W_002,7/24/2026 13:15,Safe,Safe,Safe,Safe
W_002,7/24/2026 13:15,Safe,Safe,Safe,Safe
W_002,7/24/2026 13:15,Safe,Safe,Safe,Safe
W_002,7/24/2026 13:15,Safe,Safe,Safe,Safe
W_002,7/24/2026 13:15,Safe,Safe,Safe,Safe
W_002,7/24/2026 13:15,Safe,Safe,Safe,Safe
W_002,7/24/2026 13:15,Safe,Safe,Safe,Safe
W_002,7/24/2026 13:15,Safe,Safe,Safe,Safe
W_002,7/24/2026 13:15,Safe,Safe,Safe,Safe
W_002,7/24/2026 13:15,Safe,Safe,Safe,Safe
W_002,7/24/2026 13:15,Safe,Safe,Safe,Safe
W_002,7/24/2026 13:16,Safe,Safe,Safe,Safe
W_002,7/24/2026 13:16,Safe,Safe,Safe,Safe
W_002,7/24/2026 13:16,Safe,Safe,Safe,Safe
W_002,7/24/2026 13:16,Safe,Safe,Safe,Safe
W_002,7/24/2026 13:16,Safe,Safe,Safe,Safe
W_002,7/24/2026 13:16,Safe,Safe,Safe,Safe
W_002,7/24/2026 13:16,Safe,Safe,Safe,Safe
W_002,7/24/2026 13:16,Safe,Safe,Safe,Safe
W_002,7/24/2026 13:16,Safe,Safe,Safe,Safe
W_002,7/24/2026 13:16,Safe,Safe,Safe,Safe
W_002,7/24/2026 13:16,Safe,Safe,Safe,Safe
W_002,7/24/2026 13:16,Safe,Safe,Safe,Safe
W_002,7/24/2026 13:16,Safe,Safe,Safe,Safe
W_002,7/24/2026 13:16,Safe,Safe,Safe,Safe
W_002,7/24/2026 13:16,Safe,Safe,Safe,Safe
W_002,7/24/2026 13:16,Safe,Safe,Safe,Safe
W_002,7/24/2026 13:16,Safe,Safe,Safe,Safe
W_002,7/24/2026 13:16,Safe,Safe,Safe,Safe
W_002,7/24/2026 13:16,Safe,Safe,Safe,Safe
W_002,7/24/2026 13:16,Safe,Safe,Safe,Safe
W_002,7/24/2026 13:16,Safe,Safe,Safe,Safe
W_002,7/24/2026 13:16,Safe,Safe,Safe,Safe
W_002,7/24/2026 13:16,Safe,Safe,Safe,Safe
W_002,7/24/2026 13:16,Safe,Safe,Safe,Safe
W_002,7/24/2026 13:16,Safe,Safe,Safe,Safe
W_002,7/24/2026 13:16,Safe,Safe,Safe,Safe
W_002,7/24/2026 13:16,Safe,Safe,Safe,Safe
W_002,7/24/2026 13:16,Safe,Safe,Safe,Safe
W_002,7/24/2026 13:16,Safe,Safe,Safe,Safe
W_002,7/24/2026 13:16,Safe,Safe,Safe,Safe
W_002,7/24/2026 13:16,Safe,Safe,Safe,Safe
W_002,7/24/2026 13:16,Safe,Safe,Safe,Safe
W_002,7/24/2026 13:16,Safe,Safe,Safe,Safe
W_002,7/24/2026 13:16,Safe,Safe,Safe,Safe
W_002,7/24/2026 13:16,Safe,Safe,Safe,Safe
W_002,7/24/2026 13:16,Safe,Safe,Safe,Safe
W_002,7/24/2026 13:16,Safe,Safe,Safe,Safe
W_002,7/24/2026 13:16,Safe,Safe,Safe,Safe
W_002,7/24/2026 13:16,Safe,Safe,Safe,Safe
W_002,7/24/2026 13:16,Safe,Safe,Safe,Safe
W_002,7/24/2026 13:16,Safe,Safe,Safe,Safe
W_002,7/24/2026 13:16,Safe,Safe,Safe,Safe
W_002,7/24/2026 13:16,Safe,Safe,Safe,Safe
W_002,7/24/2026 13:16,Safe,Safe,Safe,Safe
W_002,7/24/2026 13:16,Safe,Safe,Safe,Safe
W_002,7/24/2026 13:16,Safe,Safe,Safe,Safe
W_002,7/24/2026 13:16,Safe,Safe,Safe,Safe
W_002,7/24/2026 13:16,Safe,Safe,Safe,Safe
W_002,7/24/2026 13:16,Safe,Safe,Safe,Safe
W_002,7/24/2026 13:16,Safe,Safe,Safe,Safe
W_002,7/24/2026 13:16,Safe,Safe,Safe,Safe
W_002,7/24/2026 13:16,Safe,Safe,Safe,Safe
W_002,7/24/2026 13:16,Safe,Safe,Safe,Safe
W_002,7/24/2026 13:16,Safe,Safe,Safe,Safe
W_002,7/24/2026 13:16,Safe,Safe,Safe,Safe
W_002,7/24/2026 13:16,Safe,Safe,Safe,Safe
W_002,7/24/2026 13:16,Safe,Safe,Safe,Safe
W_002,7/24/2026 13:16,Safe,Safe,Safe,Safe
W_002,7/24/2026 13:16,Safe,Safe,Safe,Safe
W_002,7/24/2026 13:16,Safe,Safe,Safe,Safe
W_002,7/24/2026 13:17,Safe,Safe,Safe,Safe
W_002,7/24/2026 13:17,Safe,Safe,Safe,Safe
W_002,7/24/2026 13:17,Safe,Safe,Safe,Safe
W_002,7/24/2026 13:17,Safe,Safe,Safe,Safe
W_002,7/24/2026 13:17,Safe,Safe,Safe,Safe
W_002,7/24/2026 13:17,Safe,Safe,Safe,Safe
W_002,7/24/2026 13:17,Safe,Safe,Safe,Safe
W_002,7/24/2026 13:17,Safe,Safe,Safe,Safe
W_002,7/24/2026 13:17,Safe,Safe,Safe,Safe
W_002,7/24/2026 13:17,Safe,Safe,Safe,Safe
W_002,7/24/2026 13:17,Safe,Safe,Safe,Safe
W_002,7/24/2026 13:17,Safe,Safe,Safe,Safe
W_002,7/24/2026 13:17,Safe,Safe,Safe,Safe
W_002,7/24/2026 13:17,Safe,Safe,Safe,Safe
W_002,7/24/2026 13:17,Safe,Safe,Safe,Safe
W_002,7/24/2026 13:17,Safe,Safe,Safe,Safe
W_002,7/24/2026 13:17,Safe,Safe,Safe,Safe
W_002,7/24/2026 13:17,Safe,Safe,Safe,Safe
W_002,7/24/2026 13:17,Safe,Safe,Safe,Safe
W_002,7/24/2026 13:17,Safe,Safe,Safe,Safe
W_002,7/24/2026 13:17,Safe,Safe,Safe,Safe
W_002,7/24/2026 13:17,Safe,Safe,Safe,Safe
W_002,7/24/2026 13:17,Safe,Safe,Safe,Safe
W_002,7/24/2026 13:17,Safe,Safe,Safe,Safe
W_002,7/24/2026 13:17,Safe,Safe,Safe,Safe
W_002,7/24/2026 13:17,Safe,Safe,Safe,Safe
W_002,7/24/2026 13:17,Safe,Safe,Safe,Safe
W_002,7/24/2026 13:17,Safe,Safe,Safe,Safe
W_002,7/24/2026 13:17,Safe,Safe,Safe,Safe
W_002,7/24/2026 13:17,Safe,Safe,Safe,Safe
W_002,7/24/2026 13:17,Safe,Safe,Safe,Safe
W_002,7/24/2026 13:17,Safe,Safe,Safe,Safe
W_002,7/24/2026 13:17,Safe,Safe,Safe,Safe
W_002,7/24/2026 13:17,Safe,Safe,Safe,Safe
W_002,7/24/2026 13:17,Safe,Safe,Safe,Safe
W_002,7/24/2026 13:17,Safe,Safe,Safe,Safe
W_002,7/24/2026 13:17,Safe,Safe,Safe,Safe
W_002,7/24/2026 13:17,Safe,Safe,Safe,Safe
W_002,7/24/2026 13:17,Safe,Safe,Safe,Safe
W_002,7/24/2026 13:17,Safe,Safe,Safe,Safe
W_002,7/24/2026 13:17,Safe,Safe,Safe,Safe
W_002,7/24/2026 13:17,Safe,Safe,Safe,Safe
W_002,7/24/2026 13:17,Safe,Safe,Safe,Safe
W_002,7/24/2026 13:17,Safe,Safe,Safe,Safe
W_002,7/24/2026 13:17,Safe,Safe,Safe,Safe
W_002,7/24/2026 13:17,Safe,Safe,Safe,Safe
W_002,7/24/2026 13:17,Safe,Safe,Safe,Safe
W_002,7/24/2026 13:17,Safe,Safe,Safe,Safe
W_002,7/24/2026 13:17,Safe,Safe,Safe,Safe
W_002,7/24/2026 13:17,Safe,Safe,Safe,Safe
W_002,7/24/2026 13:17,Safe,Safe,Safe,Safe
W_002,7/24/2026 13:17,Safe,Safe,Safe,Safe
W_002,7/24/2026 13:17,Safe,Safe,Safe,Safe
W_002,7/24/2026 13:17,Safe,Safe,Safe,Safe
W_002,7/24/2026 13:17,Safe,Safe,Safe,Safe
W_002,7/24/2026 13:17,Safe,Safe,Safe,Safe
W_002,7/24/2026 13:17,Safe,Safe,Safe,Safe
W_002,7/24/2026 13:17,Safe,Safe,Safe,Safe
W_002,7/24/2026 13:17,Safe,Safe,Safe,Safe
W_002,7/24/2026 13:17,Safe,Safe,Safe,Safe
W_002,7/24/2026 13:18,Safe,Safe,Safe,Safe
W_002,7/24/2026 13:18,Safe,Safe,Safe,Safe
W_002,7/24/2026 13:18,Safe,Safe,Safe,Safe
W_002,7/24/2026 13:18,Safe,Safe,Safe,Safe
W_002,7/24/2026 13:18,Safe,Safe,Safe,Safe
W_002,7/24/2026 13:18,Safe,Safe,Safe,Safe
W_002,7/24/2026 13:18,Safe,Safe,Safe,Safe
W_002,7/24/2026 13:18,Safe,Safe,Safe,Safe
W_002,7/24/2026 13:18,Safe,Safe,Safe,Safe
W_002,7/24/2026 13:18,Safe,Safe,Safe,Safe
W_002,7/24/2026 13:18,Safe,Safe,Safe,Safe
W_002,7/24/2026 13:18,Safe,Safe,Safe,Safe
W_002,7/24/2026 13:18,Safe,Safe,Safe,Safe
W_002,7/24/2026 13:18,Safe,Safe,Safe,Safe
W_002,7/24/2026 13:18,Safe,Safe,Safe,Safe
W_002,7/24/2026 13:18,Safe,Safe,Safe,Safe
W_002,7/24/2026 13:18,Safe,Safe,Safe,Safe
W_002,7/24/2026 13:18,Safe,Safe,Safe,Safe
W_002,7/24/2026 13:18,Safe,Safe,Safe,Safe
W_002,7/24/2026 13:18,Safe,Safe,Safe,Safe
W_002,7/24/2026 13:18,Safe,Safe,Safe,Safe
W_002,7/24/2026 13:18,Safe,Safe,Safe,Safe
W_002,7/24/2026 13:18,Safe,Safe,Safe,Safe
W_002,7/24/2026 13:18,Safe,Safe,Safe,Safe
W_002,7/24/2026 13:18,Safe,Safe,Safe,Safe
W_002,7/24/2026 13:18,Safe,Safe,Safe,Safe
W_002,7/24/2026 13:18,Safe,Safe,Safe,Safe
W_002,7/24/2026 13:18,Safe,Safe,Safe,Safe
W_002,7/24/2026 13:18,Safe,Safe,Safe,Safe
W_002,7/24/2026 13:18,Safe,Safe,Safe,Safe
W_002,7/24/2026 13:18,Safe,Safe,Safe,Safe
W_002,7/24/2026 13:18,Safe,Safe,Safe,Safe
W_002,7/24/2026 13:18,Safe,Safe,Safe,Safe
W_002,7/24/2026 13:18,Safe,Safe,Safe,Safe
W_002,7/24/2026 13:18,Safe,Safe,Safe,Safe
W_002,7/24/2026 13:18,Safe,Safe,Safe,Safe
W_002,7/24/2026 13:18,Safe,Safe,Safe,Safe
W_002,7/24/2026 13:18,Safe,Safe,Safe,Safe
W_002,7/24/2026 13:18,Safe,Safe,Safe,Safe
W_002,7/24/2026 13:18,Safe,Safe,Safe,Safe
W_002,7/24/2026 13:18,Safe,Safe,Safe,Safe
W_002,7/24/2026 13:18,Safe,Safe,Safe,Safe
W_002,7/24/2026 13:18,Safe,Safe,Safe,Safe
W_002,7/24/2026 13:18,Safe,Safe,Safe,Safe
W_002,7/24/2026 13:18,Safe,Safe,Safe,Safe
W_002,7/24/2026 13:18,Safe,Safe,Safe,Safe
W_002,7/24/2026 13:18,Safe,Safe,Safe,Safe
W_002,7/24/2026 13:18,Safe,Safe,Safe,Safe
W_002,7/24/2026 13:18,Safe,Safe,Safe,Safe
W_002,7/24/2026 13:18,Safe,Safe,Safe,Safe
W_002,7/24/2026 13:18,Safe,Safe,Safe,Safe
W_002,7/24/2026 13:18,Safe,Safe,Safe,Safe
W_002,7/24/2026 13:18,Safe,Safe,Safe,Safe
W_002,7/24/2026 13:18,Safe,Safe,Safe,Safe
W_002,7/24/2026 13:18,Safe,Safe,Safe,Safe
W_002,7/24/2026 13:18,Safe,Safe,Safe,Safe
W_002,7/24/2026 13:18,Safe,Safe,Safe,Safe
W_002,7/24/2026 13:18,Safe,Safe,Safe,Safe
W_002,7/24/2026 13:18,Safe,Safe,Safe,Safe
W_002,7/24/2026 13:18,Safe,Safe,Safe,Safe
W_002,7/24/2026 13:19,Safe,Safe,Safe,Safe
W_002,7/24/2026 13:19,Safe,Safe,Safe,Safe
W_002,7/24/2026 13:19,Safe,Safe,Safe,Safe
W_002,7/24/2026 13:19,Safe,Safe,Safe,Safe
W_002,7/24/2026 13:19,Safe,Safe,Safe,Safe
W_002,7/24/2026 13:19,Safe,Safe,Safe,Safe
W_002,7/24/2026 13:19,Safe,Safe,Safe,Safe
W_002,7/24/2026 13:19,Safe,Safe,Safe,Safe
W_002,7/24/2026 13:19,Safe,Safe,Safe,Safe
W_002,7/24/2026 13:19,Safe,Safe,Safe,Safe
W_002,7/24/2026 13:19,Safe,Safe,Safe,Safe
W_002,7/24/2026 13:19,Safe,Safe,Safe,Safe
W_002,7/24/2026 13:19,Safe,Safe,Safe,Safe
W_002,7/24/2026 13:19,Safe,Safe,Safe,Safe
W_002,7/24/2026 13:19,Safe,Safe,Safe,Safe
W_002,7/24/2026 13:19,Safe,Safe,Safe,Safe
W_002,7/24/2026 13:19,Safe,Safe,Safe,Safe
W_002,7/24/2026 13:19,Safe,Safe,Safe,Safe
W_002,7/24/2026 13:19,Safe,Safe,Safe,Safe
W_002,7/24/2026 13:19,Safe,Safe,Safe,Safe
W_002,7/24/2026 13:19,Safe,Safe,Safe,Safe
W_002,7/24/2026 13:19,Safe,Safe,Safe,Safe
W_002,7/24/2026 13:19,Safe,Safe,Safe,Safe
W_002,7/24/2026 13:19,Safe,Safe,Safe,Safe
W_002,7/24/2026 13:19,Safe,Safe,Safe,Safe
W_002,7/24/2026 13:19,Safe,Safe,Safe,Safe
W_002,7/24/2026 13:19,Safe,Safe,Safe,Safe
W_002,7/24/2026 13:19,Safe,Safe,Safe,Safe
W_002,7/24/2026 13:19,Safe,Safe,Safe,Safe
W_002,7/24/2026 13:19,Safe,Safe,Safe,Safe
W_002,7/24/2026 13:19,Safe,Safe,Safe,Safe
W_002,7/24/2026 13:19,Safe,Safe,Safe,Safe
W_002,7/24/2026 13:19,Safe,Safe,Safe,Safe
W_002,7/24/2026 13:19,Safe,Safe,Safe,Safe
W_002,7/24/2026 13:19,Safe,Safe,Safe,Safe
W_002,7/24/2026 13:19,Safe,Safe,Safe,Safe
W_002,7/24/2026 13:19,Safe,Safe,Safe,Safe
W_002,7/24/2026 13:19,Safe,Safe,Safe,Safe
W_002,7/24/2026 13:19,Safe,Safe,Safe,Safe
W_002,7/24/2026 13:19,Safe,Safe,Safe,Safe
W_002,7/24/2026 13:19,Safe,Safe,Safe,Safe
W_002,7/24/2026 13:19,Safe,Safe,Safe,Safe
W_002,7/24/2026 13:19,Safe,Safe,Safe,Safe
W_002,7/24/2026 13:19,Safe,Safe,Safe,Safe
W_002,7/24/2026 13:19,Safe,Safe,Safe,Safe
W_002,7/24/2026 13:19,Safe,Safe,Safe,Safe
W_002,7/24/2026 13:19,Safe,Safe,Safe,Safe
W_002,7/24/2026 13:19,Safe,Safe,Safe,Safe
W_002,7/24/2026 13:19,Safe,Safe,Safe,Safe
W_002,7/24/2026 13:19,Safe,Safe,Safe,Safe
W_002,7/24/2026 13:19,Safe,Safe,Safe,Safe
W_002,7/24/2026 13:19,Safe,Safe,Safe,Safe
W_002,7/24/2026 13:19,Safe,Safe,Safe,Safe
W_002,7/24/2026 13:19,Safe,Safe,Safe,Safe
W_002,7/24/2026 13:19,Safe,Safe,Safe,Safe
W_002,7/24/2026 13:19,Safe,Safe,Safe,Safe
W_002,7/24/2026 13:19,Safe,Safe,Safe,Safe
W_002,7/24/2026 13:19,Safe,Safe,Safe,Safe
W_002,7/24/2026 13:19,Safe,Safe,Safe,Safe
W_002,7/24/2026 13:19,Safe,Safe,Safe,Safe
W_002,7/24/2026 13:20,Safe,Safe,Safe,Safe
W_002,7/24/2026 13:20,Safe,Safe,Safe,Safe
W_002,7/24/2026 13:20,Safe,Safe,Safe,Safe
W_002,7/24/2026 13:20,Safe,Safe,Safe,Safe
W_002,7/24/2026 13:20,Safe,Safe,Safe,Safe
W_002,7/24/2026 13:20,Safe,Safe,Safe,Safe
W_002,7/24/2026 13:20,Safe,Safe,Safe,Safe
W_002,7/24/2026 13:20,Safe,Safe,Safe,Safe
W_002,7/24/2026 13:20,Safe,Safe,Safe,Safe
W_002,7/24/2026 13:20,Safe,Safe,Safe,Safe
W_002,7/24/2026 13:20,Safe,Safe,Safe,Safe
W_002,7/24/2026 13:20,Safe,Safe,Safe,Safe
W_002,7/24/2026 13:20,Safe,Safe,Safe,Safe
W_002,7/24/2026 13:20,Safe,Safe,Safe,Safe
W_002,7/24/2026 13:20,Safe,Safe,Safe,Safe
W_002,7/24/2026 13:20,Safe,Safe,Safe,Safe
W_002,7/24/2026 13:20,Safe,Safe,Safe,Safe
W_002,7/24/2026 13:20,Safe,Safe,Safe,Safe
W_002,7/24/2026 13:20,Safe,Safe,Safe,Safe
W_002,7/24/2026 13:20,Safe,Safe,Safe,Safe
W_002,7/24/2026 13:20,Safe,Safe,Safe,Safe
W_002,7/24/2026 13:20,Safe,Safe,Safe,Safe
W_002,7/24/2026 13:20,Safe,Safe,Safe,Safe
W_002,7/24/2026 13:20,Safe,Safe,Safe,Safe
W_002,7/24/2026 13:20,Safe,Safe,Safe,Safe
W_002,7/24/2026 13:20,Safe,Safe,Safe,Safe
W_002,7/24/2026 13:20,Safe,Safe,Safe,Safe
W_002,7/24/2026 13:20,Safe,Safe,Safe,Safe
W_002,7/24/2026 13:20,Safe,Safe,Safe,Safe
W_002,7/24/2026 13:20,Safe,Safe,Safe,Safe
W_002,7/24/2026 13:20,Safe,Safe,Safe,Safe
W_002,7/24/2026 13:20,Safe,Safe,Safe,Safe
W_002,7/24/2026 13:20,Safe,Safe,Safe,Safe
W_002,7/24/2026 13:20,Safe,Safe,Safe,Safe
W_002,7/24/2026 13:20,Safe,Safe,Safe,Safe
W_002,7/24/2026 13:20,Warning,Safe,Safe,Safe
W_002,7/24/2026 13:20,Warning,Safe,Safe,Safe
W_002,7/24/2026 13:20,Warning,Safe,Safe,Safe
W_002,7/24/2026 13:20,Warning,Critical,Safe,Safe
W_002,7/24/2026 13:20,Warning,Safe,Safe,Safe
W_002,7/24/2026 13:20,Warning,Safe,Safe,Safe
W_002,7/24/2026 13:20,Warning,Critical,Safe,Safe
W_002,7/24/2026 13:20,Warning,Critical,Safe,Safe
W_002,7/24/2026 13:20,Warning,Critical,Safe,Safe
W_002,7/24/2026 13:20,Warning,Critical,Safe,Safe
W_002,7/24/2026 13:20,Warning,Critical,Safe,Safe
W_002,7/24/2026 13:20,Warning,Critical,Safe,Safe
W_002,7/24/2026 13:20,Warning,Critical,Safe,Safe
W_002,7/24/2026 13:20,Warning,Critical,Safe,Safe
W_002,7/24/2026 13:20,Warning,Critical,Safe,Safe
W_002,7/24/2026 13:20,Warning,Critical,Safe,Safe
W_002,7/24/2026 13:20,Warning,Critical,Safe,Safe
W_002,7/24/2026 13:20,Warning,Critical,Warning,Safe
W_002,7/24/2026 13:20,Warning,Critical,Safe,Safe
W_002,7/24/2026 13:20,Warning,Critical,Warning,Safe
W_002,7/24/2026 13:20,Warning,Critical,Warning,Safe
W_002,7/24/2026 13:20,Warning,Critical,Warning,Safe
W_002,7/24/2026 13:20,Warning,Critical,Warning,Safe
W_002,7/24/2026 13:20,Warning,Critical,Warning,Safe
W_002,7/24/2026 13:20,Warning,Critical,Warning,Safe
W_002,7/24/2026 13:21,Warning,Critical,Warning,Safe
W_002,7/24/2026 13:21,Warning,Critical,Warning,Safe
W_002,7/24/2026 13:21,Warning,Critical,Warning,Safe
W_002,7/24/2026 13:21,Warning,Critical,Warning,Safe
W_002,7/24/2026 13:21,Warning,Critical,Warning,Safe
W_002,7/24/2026 13:21,Warning,Critical,Warning,Warning
W_002,7/24/2026 13:21,Warning,Critical,Warning,Safe
W_002,7/24/2026 13:21,Warning,Critical,Warning,Warning
W_002,7/24/2026 13:21,Warning,Critical,Warning,Safe
W_002,7/24/2026 13:21,Warning,Critical,Warning,Safe
W_002,7/24/2026 13:21,Warning,Critical,Warning,Safe
W_002,7/24/2026 13:21,Warning,Critical,Warning,Safe
W_002,7/24/2026 13:21,Warning,Critical,Warning,Safe
W_002,7/24/2026 13:21,Warning,Critical,Warning,Safe
W_002,7/24/2026 13:21,Warning,Critical,Warning,Safe
W_002,7/24/2026 13:21,Warning,Critical,Warning,Warning
W_002,7/24/2026 13:21,Warning,Critical,Warning,Safe
W_002,7/24/2026 13:21,Warning,Critical,Warning,Warning
W_002,7/24/2026 13:21,Warning,Critical,Warning,Safe
W_002,7/24/2026 13:21,Warning,Critical,Warning,Safe
W_002,7/24/2026 13:21,Warning,Critical,Warning,Safe
W_002,7/24/2026 13:21,Warning,Critical,Warning,Safe
W_002,7/24/2026 13:21,Warning,Critical,Warning,Warning
W_002,7/24/2026 13:21,Warning,Critical,Warning,Warning
W_002,7/24/2026 13:21,Warning,Critical,Warning,Safe
W_002,7/24/2026 13:21,Warning,Critical,Warning,Warning
W_002,7/24/2026 13:21,Warning,Critical,Warning,Warning
W_002,7/24/2026 13:21,Warning,Critical,Warning,Warning
W_002,7/24/2026 13:21,Warning,Critical,Warning,Warning
W_002,7/24/2026 13:21,Warning,Critical,Warning,Warning
W_002,7/24/2026 13:21,Warning,Critical,Warning,Warning
W_002,7/24/2026 13:21,Warning,Critical,Warning,Warning
W_002,7/24/2026 13:21,Warning,Critical,Warning,Warning
W_002,7/24/2026 13:21,Warning,Critical,Warning,Warning
W_002,7/24/2026 13:21,Warning,Critical,Warning,Warning
W_002,7/24/2026 13:21,Warning,Critical,Warning,Warning
W_002,7/24/2026 13:21,Warning,Critical,Warning,Warning
W_002,7/24/2026 13:21,Warning,Critical,Warning,Warning
W_002,7/24/2026 13:21,Warning,Critical,Warning,Warning
W_002,7/24/2026 13:21,Warning,Critical,Warning,Safe
W_002,7/24/2026 13:21,Warning,Critical,Warning,Safe
W_002,7/24/2026 13:21,Warning,Critical,Warning,Warning
W_002,7/24/2026 13:21,Warning,Critical,Warning,Warning
W_002,7/24/2026 13:21,Warning,Critical,Warning,Warning
W_002,7/24/2026 13:21,Warning,Critical,Warning,Warning
W_002,7/24/2026 13:21,Warning,Critical,Warning,Warning
W_002,7/24/2026 13:21,Warning,Critical,Warning,Warning
W_002,7/24/2026 13:21,Warning,Critical,Warning,Warning
W_002,7/24/2026 13:21,Warning,Critical,Warning,Warning
W_002,7/24/2026 13:21,Warning,Critical,Warning,Warning
W_002,7/24/2026 13:21,Warning,Critical,Warning,Warning
W_002,7/24/2026 13:21,Warning,Critical,Warning,Warning
W_002,7/24/2026 13:21,Warning,Critical,Warning,Warning
W_002,7/24/2026 13:21,Warning,Critical,Warning,Warning
W_002,7/24/2026 13:21,Warning,Critical,Warning,Warning
W_002,7/24/2026 13:21,Warning,Critical,Warning,Warning
W_002,7/24/2026 13:21,Warning,Critical,Warning,Warning
W_002,7/24/2026 13:21,Warning,Critical,Warning,Warning
W_002,7/24/2026 13:21,Warning,Critical,Warning,Warning
W_002,7/24/2026 13:21,Warning,Critical,Warning,Warning
W_002,7/24/2026 13:22,Warning,Critical,Warning,Warning
W_002,7/24/2026 13:22,Warning,Critical,Warning,Warning
W_002,7/24/2026 13:22,Warning,Critical,Warning,Warning
W_002,7/24/2026 13:22,Warning,Critical,Warning,Warning
W_002,7/24/2026 13:22,Warning,Critical,Warning,Warning
W_002,7/24/2026 13:22,Warning,Critical,Warning,Warning
W_002,7/24/2026 13:22,Warning,Critical,Warning,Warning
W_002,7/24/2026 13:22,Warning,Critical,Warning,Warning
W_002,7/24/2026 13:22,Warning,Critical,Warning,Warning
W_002,7/24/2026 13:22,Warning,Critical,Warning,Warning
W_002,7/24/2026 13:22,Warning,Critical,Warning,Warning
W_002,7/24/2026 13:22,Warning,Critical,Warning,Warning
W_002,7/24/2026 13:22,Warning,Critical,Warning,Warning
W_002,7/24/2026 13:22,Warning,Critical,Warning,Warning
W_002,7/24/2026 13:22,Warning,Critical,Warning,Warning
W_002,7/24/2026 13:22,Warning,Critical,Warning,Warning
W_002,7/24/2026 13:22,Warning,Critical,Warning,Warning
W_002,7/24/2026 13:22,Warning,Critical,Warning,Warning
W_002,7/24/2026 13:22,Warning,Critical,Warning,Warning
W_002,7/24/2026 13:22,Warning,Critical,Warning,Warning
W_002,7/24/2026 13:22,Warning,Critical,Warning,Warning
W_002,7/24/2026 13:22,Warning,Critical,Warning,Warning
W_002,7/24/2026 13:22,Warning,Critical,Warning,Warning
W_002,7/24/2026 13:22,Warning,Critical,Warning,Warning
W_002,7/24/2026 13:22,Warning,Critical,Warning,Warning
W_002,7/24/2026 13:22,Warning,Critical,Warning,Warning
W_002,7/24/2026 13:22,Warning,Critical,Warning,Warning
W_002,7/24/2026 13:22,Warning,Critical,Warning,Warning
W_002,7/24/2026 13:22,Warning,Critical,Warning,Warning
W_002,7/24/2026 13:22,Warning,Critical,Warning,Warning
W_002,7/24/2026 13:22,Warning,Critical,Warning,Warning
W_002,7/24/2026 13:22,Warning,Critical,Warning,Warning
W_002,7/24/2026 13:22,Warning,Critical,Warning,Warning
W_002,7/24/2026 13:22,Warning,Critical,Warning,Warning
W_002,7/24/2026 13:22,Warning,Critical,Warning,Warning
W_002,7/24/2026 13:22,Warning,Critical,Warning,Warning
W_002,7/24/2026 13:22,Warning,Critical,Warning,Warning
W_002,7/24/2026 13:22,Warning,Critical,Warning,Warning
W_002,7/24/2026 13:22,Warning,Critical,Warning,Warning
W_002,7/24/2026 13:22,Warning,Critical,Warning,Warning
W_002,7/24/2026 13:22,Warning,Critical,Warning,Warning
W_002,7/24/2026 13:22,Warning,Critical,Warning,Warning
W_002,7/24/2026 13:22,Warning,Critical,Warning,Warning
W_002,7/24/2026 13:22,Warning,Critical,Warning,Warning
W_002,7/24/2026 13:22,Warning,Critical,Warning,Warning
W_002,7/24/2026 13:22,Warning,Critical,Warning,Warning
W_002,7/24/2026 13:22,Warning,Critical,Warning,Warning
W_002,7/24/2026 13:22,Warning,Critical,Warning,Warning
W_002,7/24/2026 13:22,Warning,Critical,Warning,Warning
W_002,7/24/2026 13:22,Warning,Critical,Warning,Warning
W_002,7/24/2026 13:22,Warning,Critical,Warning,Warning
W_002,7/24/2026 13:22,Warning,Critical,Warning,Warning
W_002,7/24/2026 13:22,Warning,Critical,Warning,Warning
W_002,7/24/2026 13:22,Warning,Critical,Warning,Warning
W_002,7/24/2026 13:22,Warning,Critical,Warning,Warning
W_002,7/24/2026 13:22,Warning,Critical,Warning,Warning
W_002,7/24/2026 13:22,Warning,Critical,Warning,Warning
W_002,7/24/2026 13:22,Warning,Critical,Warning,Warning
W_002,7/24/2026 13:22,Warning,Critical,Warning,Warning
W_002,7/24/2026 13:22,Warning,Critical,Warning,Warning
W_002,7/24/2026 13:23,Warning,Critical,Warning,Warning
W_002,7/24/2026 13:23,Warning,Critical,Warning,Warning
W_002,7/24/2026 13:23,Warning,Critical,Warning,Warning
W_002,7/24/2026 13:23,Warning,Critical,Warning,Warning
W_002,7/24/2026 13:23,Warning,Critical,Warning,Warning
W_002,7/24/2026 13:23,Warning,Critical,Warning,Warning
W_002,7/24/2026 13:23,Warning,Critical,Warning,Warning
W_002,7/24/2026 13:23,Warning,Critical,Warning,Warning
W_002,7/24/2026 13:23,Warning,Critical,Warning,Warning
W_002,7/24/2026 13:23,Warning,Critical,Warning,Warning
W_002,7/24/2026 13:23,Warning,Critical,Warning,Warning
W_002,7/24/2026 13:23,Warning,Critical,Warning,Warning
W_002,7/24/2026 13:23,Warning,Critical,Warning,Warning
W_002,7/24/2026 13:23,Warning,Critical,Warning,Warning
W_002,7/24/2026 13:23,Warning,Critical,Warning,Warning
W_002,7/24/2026 13:23,Warning,Critical,Warning,Warning
W_002,7/24/2026 13:23,Warning,Critical,Warning,Warning
W_002,7/24/2026 13:23,Warning,Critical,Warning,Warning
W_002,7/24/2026 13:23,Warning,Critical,Warning,Warning
W_002,7/24/2026 13:23,Warning,Critical,Warning,Warning
W_002,7/24/2026 13:23,Warning,Critical,Warning,Warning
W_002,7/24/2026 13:23,Warning,Critical,Warning,Warning
W_002,7/24/2026 13:23,Warning,Critical,Warning,Warning
W_002,7/24/2026 13:23,Warning,Critical,Warning,Warning
W_002,7/24/2026 13:23,Warning,Critical,Warning,Warning
W_002,7/24/2026 13:23,Warning,Critical,Warning,Warning
W_002,7/24/2026 13:23,Warning,Critical,Warning,Warning
W_002,7/24/2026 13:23,Warning,Critical,Warning,Warning
W_002,7/24/2026 13:23,Warning,Critical,Warning,Warning
W_002,7/24/2026 13:23,Warning,Critical,Warning,Warning
W_002,7/24/2026 13:23,Warning,Critical,Warning,Warning
W_002,7/24/2026 13:23,Warning,Critical,Warning,Warning
W_002,7/24/2026 13:23,Warning,Critical,Warning,Warning
W_002,7/24/2026 13:23,Warning,Critical,Warning,Warning
W_002,7/24/2026 13:23,Warning,Critical,Warning,Warning
W_002,7/24/2026 13:23,Warning,Critical,Warning,Warning
W_002,7/24/2026 13:23,Warning,Critical,Warning,Warning
W_002,7/24/2026 13:23,Warning,Critical,Warning,Warning
W_002,7/24/2026 13:23,Warning,Critical,Warning,Warning
W_002,7/24/2026 13:24,Warning,Critical,Warning,Warning
W_002,7/24/2026 13:24,Warning,Critical,Warning,Warning
W_002,7/24/2026 13:24,Warning,Critical,Warning,Warning
W_002,7/24/2026 13:24,Warning,Critical,Warning,Warning
W_002,7/24/2026 13:24,Warning,Critical,Warning,Warning
W_002,7/24/2026 13:24,Warning,Critical,Warning,Warning
W_002,7/24/2026 13:24,Warning,Critical,Warning,Warning
W_002,7/24/2026 13:24,Warning,Critical,Warning,Warning
W_002,7/24/2026 13:24,Warning,Critical,Warning,Warning
W_002,7/24/2026 13:24,Warning,Critical,Warning,Warning
W_002,7/24/2026 13:24,Warning,Critical,Warning,Warning
W_002,7/24/2026 13:24,Warning,Critical,Warning,Warning
W_002,7/24/2026 13:24,Warning,Critical,Warning,Warning
W_002,7/24/2026 13:24,Warning,Critical,Warning,Warning
W_002,7/24/2026 13:24,Warning,Critical,Warning,Warning
W_002,7/24/2026 13:24,Warning,Critical,Warning,Warning
W_002,7/24/2026 13:24,Warning,Critical,Warning,Warning
W_002,7/24/2026 13:24,Warning,Critical,Warning,Warning
W_002,7/24/2026 13:24,Warning,Critical,Warning,Warning
W_002,7/24/2026 13:24,Warning,Critical,Warning,Warning
W_002,7/24/2026 13:24,Warning,Critical,Warning,Warning
W_002,7/24/2026 13:24,Warning,Critical,Warning,Warning
W_002,7/24/2026 13:24,Warning,Critical,Warning,Warning
W_002,7/24/2026 13:24,Warning,Critical,Warning,Warning
W_002,7/24/2026 13:24,Warning,Critical,Warning,Warning
W_002,7/24/2026 13:24,Warning,Critical,Warning,Warning
W_002,7/24/2026 13:24,Warning,Critical,Warning,Warning
W_002,7/24/2026 13:24,Warning,Critical,Warning,Warning
W_002,7/24/2026 13:24,Warning,Critical,Warning,Warning
W_002,7/24/2026 13:24,Warning,Critical,Warning,Warning
W_002,7/24/2026 13:24,Warning,Critical,Warning,Warning
W_002,7/24/2026 13:24,Warning,Critical,Warning,Warning
W_002,7/24/2026 13:24,Warning,Critical,Warning,Warning
W_002,7/24/2026 13:24,Warning,Critical,Warning,Warning
W_002,7/24/2026 13:24,Warning,Critical,Warning,Warning
W_002,7/24/2026 13:24,Warning,Critical,Warning,Warning
W_002,7/24/2026 13:24,Warning,Critical,Warning,Warning
W_002,7/24/2026 13:24,Warning,Critical,Warning,Warning
W_002,7/24/2026 13:24,Warning,Critical,Warning,Warning
W_002,7/24/2026 13:24,Warning,Critical,Warning,Warning
W_002,7/24/2026 13:24,Warning,Critical,Warning,Warning
W_002,7/24/2026 13:24,Warning,Critical,Warning,Warning
W_002,7/24/2026 13:24,Warning,Critical,Warning,Warning
W_002,7/24/2026 13:24,Warning,Critical,Warning,Warning
W_002,7/24/2026 13:24,Warning,Critical,Warning,Warning
W_002,7/24/2026 13:24,Warning,Critical,Warning,Warning
W_002,7/24/2026 13:24,Warning,Critical,Warning,Warning
W_002,7/24/2026 13:24,Warning,Critical,Warning,Warning
W_002,7/24/2026 13:24,Warning,Critical,Warning,Warning
W_002,7/24/2026 13:24,Warning,Critical,Warning,Warning
W_002,7/24/2026 13:24,Warning,Critical,Warning,Warning
W_002,7/24/2026 13:24,Warning,Critical,Warning,Warning
W_002,7/24/2026 13:24,Warning,Critical,Warning,Warning
W_002,7/24/2026 13:24,Warning,Critical,Warning,Warning
W_002,7/24/2026 13:24,Warning,Critical,Warning,Warning
W_002,7/24/2026 13:24,Warning,Critical,Warning,Warning
W_002,7/24/2026 13:24,Warning,Critical,Warning,Warning
W_002,7/24/2026 13:24,Warning,Critical,Warning,Warning
W_002,7/24/2026 13:24,Warning,Critical,Warning,Warning
W_002,7/24/2026 13:24,Warning,Critical,Warning,Warning
W_002,7/24/2026 13:25,Warning,Critical,Warning,Warning
W_002,7/24/2026 13:25,Warning,Critical,Warning,Warning
W_002,7/24/2026 13:25,Warning,Critical,Warning,Warning
W_002,7/24/2026 13:25,Warning,Critical,Warning,Warning
W_002,7/24/2026 13:25,Warning,Critical,Warning,Warning
W_002,7/24/2026 13:25,Warning,Critical,Warning,Warning
W_002,7/24/2026 13:25,Warning,Critical,Warning,Warning
W_002,7/24/2026 13:25,Warning,Critical,Warning,Warning
W_002,7/24/2026 13:25,Warning,Critical,Warning,Warning
W_002,7/24/2026 13:25,Warning,Critical,Warning,Warning
W_002,7/24/2026 13:25,Warning,Critical,Warning,Warning
W_002,7/24/2026 13:25,Warning,Critical,Warning,Warning
W_002,7/24/2026 13:25,Warning,Critical,Warning,Warning
W_002,7/24/2026 13:25,Warning,Critical,Warning,Warning
W_002,7/24/2026 13:25,Warning,Critical,Warning,Warning
W_002,7/24/2026 13:25,Warning,Critical,Warning,Warning
W_002,7/24/2026 13:25,Warning,Critical,Warning,Warning
W_002,7/24/2026 13:25,Warning,Critical,Warning,Warning
W_002,7/24/2026 13:25,Warning,Critical,Warning,Warning
W_002,7/24/2026 13:25,Warning,Critical,Warning,Warning
W_002,7/24/2026 13:25,Warning,Critical,Warning,Warning
W_002,7/24/2026 13:25,Warning,Critical,Warning,Warning
W_002,7/24/2026 13:25,Warning,Critical,Warning,Warning
W_002,7/24/2026 13:25,Warning,Critical,Warning,Warning
W_002,7/24/2026 13:25,Warning,Critical,Warning,Warning
W_002,7/24/2026 13:25,Warning,Critical,Warning,Warning
W_002,7/24/2026 13:25,Warning,Critical,Warning,Warning
W_002,7/24/2026 13:25,Warning,Critical,Warning,Warning
W_002,7/24/2026 13:25,Warning,Critical,Warning,Warning
W_002,7/24/2026 13:25,Warning,Critical,Warning,Warning
W_002,7/24/2026 13:25,Warning,Critical,Warning,Warning
W_002,7/24/2026 13:25,Warning,Critical,Warning,Warning
W_002,7/24/2026 13:25,Warning,Critical,Warning,Warning
W_002,7/24/2026 13:25,Warning,Critical,Warning,Warning
W_002,7/24/2026 13:25,Warning,Critical,Warning,Warning
W_002,7/24/2026 13:25,Warning,Critical,Warning,Warning
W_002,7/24/2026 13:25,Warning,Critical,Warning,Warning
W_002,7/24/2026 13:25,Warning,Critical,Warning,Warning
W_002,7/24/2026 13:25,Warning,Critical,Warning,Warning
W_002,7/24/2026 13:25,Warning,Critical,Warning,Warning
W_002,7/24/2026 13:25,Warning,Critical,Warning,Warning
W_002,7/24/2026 13:25,Warning,Critical,Warning,Warning
W_002,7/24/2026 13:25,Warning,Critical,Warning,Warning
W_002,7/24/2026 13:25,Warning,Critical,Warning,Warning
W_002,7/24/2026 13:25,Warning,Critical,Warning,Warning
W_002,7/24/2026 13:25,Warning,Critical,Warning,Warning
W_002,7/24/2026 13:25,Warning,Critical,Warning,Warning
W_002,7/24/2026 13:25,Warning,Critical,Warning,Warning
W_002,7/24/2026 13:25,Warning,Critical,Warning,Warning
W_002,7/24/2026 13:25,Warning,Critical,Warning,Warning
W_002,7/24/2026 13:25,Warning,Critical,Warning,Warning
W_002,7/24/2026 13:25,Warning,Critical,Warning,Warning
W_002,7/24/2026 13:25,Warning,Critical,Warning,Warning
W_002,7/24/2026 13:25,Warning,Critical,Warning,Warning
W_002,7/24/2026 13:25,Warning,Critical,Warning,Warning
W_002,7/24/2026 13:25,Warning,Critical,Warning,Warning
W_002,7/24/2026 13:25,Warning,Critical,Warning,Warning
W_002,7/24/2026 13:25,Warning,Critical,Warning,Warning
W_002,7/24/2026 13:25,Warning,Critical,Warning,Warning
W_002,7/24/2026 13:25,Warning,Critical,Warning,Warning
W_002,7/24/2026 13:26,Warning,Critical,Warning,Warning
W_002,7/24/2026 13:26,Warning,Critical,Warning,Warning
W_002,7/24/2026 13:26,Warning,Critical,Warning,Warning
W_002,7/24/2026 13:26,Warning,Critical,Warning,Warning
W_002,7/24/2026 13:26,Warning,Critical,Warning,Warning
W_002,7/24/2026 13:26,Warning,Critical,Warning,Warning
W_002,7/24/2026 13:26,Warning,Critical,Warning,Warning
W_002,7/24/2026 13:26,Warning,Critical,Warning,Warning
W_002,7/24/2026 13:26,Warning,Critical,Warning,Warning
W_002,7/24/2026 13:26,Warning,Critical,Warning,Warning
W_002,7/24/2026 13:26,Warning,Critical,Warning,Warning
W_002,7/24/2026 13:26,Warning,Critical,Warning,Warning
W_002,7/24/2026 13:26,Warning,Critical,Warning,Warning
W_002,7/24/2026 13:26,Warning,Critical,Warning,Warning
W_002,7/24/2026 13:26,Warning,Critical,Warning,Warning
W_002,7/24/2026 13:26,Warning,Critical,Warning,Warning
W_002,7/24/2026 13:26,Warning,Critical,Warning,Warning
W_002,7/24/2026 13:26,Warning,Critical,Warning,Warning
W_002,7/24/2026 13:26,Warning,Critical,Warning,Warning
W_002,7/24/2026 13:26,Warning,Critical,Warning,Warning
W_002,7/24/2026 13:26,Warning,Critical,Warning,Warning
W_002,7/24/2026 13:26,Warning,Critical,Warning,Warning
W_002,7/24/2026 13:26,Warning,Critical,Warning,Warning
W_002,7/24/2026 13:26,Warning,Critical,Warning,Warning
W_002,7/24/2026 13:26,Warning,Critical,Warning,Warning
W_002,7/24/2026 13:26,Warning,Critical,Warning,Warning
W_002,7/24/2026 13:26,Warning,Critical,Warning,Warning
W_002,7/24/2026 13:26,Warning,Critical,Warning,Warning
W_002,7/24/2026 13:26,Warning,Critical,Warning,Warning
W_002,7/24/2026 13:26,Warning,Critical,Warning,Warning
W_002,7/24/2026 13:26,Warning,Critical,Warning,Warning
W_002,7/24/2026 13:26,Warning,Critical,Warning,Warning
W_002,7/24/2026 13:26,Warning,Critical,Warning,Warning
W_002,7/24/2026 13:26,Warning,Critical,Warning,Warning
W_002,7/24/2026 13:26,Warning,Warning,Warning,Warning
W_002,7/24/2026 13:26,Warning,Warning,Warning,Warning
W_002,7/24/2026 13:26,Warning,Warning,Warning,Warning
W_002,7/24/2026 13:26,Warning,Warning,Warning,Warning
W_002,7/24/2026 13:26,Warning,Warning,Warning,Warning
W_002,7/24/2026 13:26,Warning,Warning,Warning,Warning
W_002,7/24/2026 13:26,Warning,Warning,Warning,Warning
W_002,7/24/2026 13:26,Warning,Warning,Warning,Warning
W_002,7/24/2026 13:26,Safe,Safe,Warning,Warning
W_002,7/24/2026 13:26,Safe,Safe,Safe,Warning
W_002,7/24/2026 13:26,Safe,Safe,Warning,Warning
W_002,7/24/2026 13:26,Safe,Safe,Safe,Warning
W_002,7/24/2026 13:26,Safe,Safe,Warning,Warning
W_002,7/24/2026 13:26,Safe,Safe,Safe,Warning
W_002,7/24/2026 13:26,Safe,Safe,Safe,Warning
W_002,7/24/2026 13:26,Safe,Safe,Safe,Warning
W_002,7/24/2026 13:26,Safe,Safe,Warning,Warning
W_002,7/24/2026 13:26,Safe,Safe,Safe,Warning
W_002,7/24/2026 13:26,Safe,Safe,Warning,Warning
W_002,7/24/2026 13:26,Safe,Safe,Safe,Warning
W_002,7/24/2026 13:26,Safe,Safe,Safe,Warning
W_002,7/24/2026 13:26,Safe,Safe,Warning,Warning
W_002,7/24/2026 13:26,Safe,Safe,Safe,Warning
W_002,7/24/2026 13:27,Safe,Safe,Warning,Warning
W_002,7/24/2026 13:27,Safe,Safe,Warning,Warning
W_002,7/24/2026 13:27,Safe,Safe,Safe,Warning
W_002,7/24/2026 13:27,Safe,Safe,Safe,Warning
W_002,7/24/2026 13:27,Safe,Safe,Warning,Warning
W_002,7/24/2026 13:27,Safe,Safe,Warning,Warning
W_002,7/24/2026 13:27,Safe,Safe,Safe,Warning
W_002,7/24/2026 13:27,Safe,Safe,Safe,Warning
W_002,7/24/2026 13:27,Safe,Safe,Warning,Warning
W_002,7/24/2026 13:27,Safe,Safe,Warning,Warning
W_002,7/24/2026 13:27,Safe,Safe,Warning,Warning
W_002,7/24/2026 13:27,Safe,Safe,Safe,Warning
W_002,7/24/2026 13:27,Safe,Safe,Safe,Warning
W_002,7/24/2026 13:27,Safe,Safe,Warning,Warning
W_002,7/24/2026 13:27,Safe,Safe,Warning,Warning
W_002,7/24/2026 13:27,Safe,Safe,Safe,Warning
W_002,7/24/2026 13:27,Safe,Safe,Warning,Warning
W_002,7/24/2026 13:27,Safe,Safe,Warning,Warning
W_002,7/24/2026 13:27,Safe,Safe,Warning,Warning
W_002,7/24/2026 13:27,Safe,Safe,Warning,Warning
W_002,7/24/2026 13:27,Safe,Safe,Warning,Warning
W_002,7/24/2026 13:27,Safe,Safe,Warning,Warning
W_002,7/24/2026 13:27,Safe,Safe,Warning,Warning
W_002,7/24/2026 13:27,Safe,Safe,Warning,Warning
W_002,7/24/2026 13:27,Safe,Safe,Warning,Warning
W_002,7/24/2026 13:27,Safe,Safe,Warning,Warning
W_002,7/24/2026 13:27,Safe,Safe,Safe,Warning
W_002,7/24/2026 13:27,Safe,Safe,Warning,Warning
W_002,7/24/2026 13:27,Safe,Safe,Warning,Warning
W_002,7/24/2026 13:27,Safe,Safe,Warning,Warning
W_002,7/24/2026 13:27,Safe,Safe,Warning,Warning
W_002,7/24/2026 13:27,Safe,Safe,Warning,Warning
W_002,7/24/2026 13:27,Safe,Safe,Warning,Warning
W_002,7/24/2026 13:27,Safe,Safe,Warning,Warning
W_002,7/24/2026 13:27,Safe,Safe,Warning,Warning
W_002,7/24/2026 13:27,Safe,Safe,Warning,Warning
W_002,7/24/2026 13:27,Safe,Safe,Warning,Warning
W_002,7/24/2026 13:27,Safe,Safe,Safe,Warning
W_002,7/24/2026 13:27,Safe,Safe,Safe,Warning
W_002,7/24/2026 13:27,Safe,Safe,Safe,Warning
W_002,7/24/2026 13:28,Safe,Safe,Safe,Warning
W_002,7/24/2026 13:28,Safe,Safe,Safe,Warning
W_002,7/24/2026 13:28,Safe,Safe,Safe,Warning
W_002,7/24/2026 13:28,Safe,Safe,Safe,Warning
W_002,7/24/2026 13:28,Safe,Safe,Safe,Warning
W_002,7/24/2026 13:28,Safe,Safe,Safe,Warning
W_002,7/24/2026 13:28,Safe,Safe,Safe,Warning
W_002,7/24/2026 13:28,Safe,Safe,Safe,Warning
W_002,7/24/2026 13:28,Safe,Safe,Safe,Warning
W_002,7/24/2026 13:28,Safe,Safe,Safe,Warning
W_002,7/24/2026 13:28,Safe,Safe,Safe,Warning
W_002,7/24/2026 13:28,Safe,Safe,Safe,Warning
W_002,7/24/2026 13:28,Safe,Safe,Safe,Warning
W_002,7/24/2026 13:28,Safe,Safe,Safe,Warning
W_002,7/24/2026 13:28,Safe,Safe,Safe,Warning
W_002,7/24/2026 13:28,Safe,Safe,Safe,Warning
W_002,7/24/2026 13:28,Safe,Safe,Safe,Warning
W_002,7/24/2026 13:28,Safe,Safe,Safe,Warning
W_002,7/24/2026 13:28,Safe,Safe,Safe,Warning
W_002,7/24/2026 13:28,Safe,Safe,Safe,Warning
W_002,7/24/2026 13:28,Safe,Safe,Safe,Warning
W_002,7/24/2026 13:28,Safe,Safe,Safe,Safe
W_002,7/24/2026 13:28,Safe,Safe,Safe,Warning
W_002,7/24/2026 13:28,Safe,Safe,Safe,Warning
W_002,7/24/2026 13:28,Safe,Safe,Safe,Warning
W_002,7/24/2026 13:28,Safe,Safe,Safe,Warning
W_002,7/24/2026 13:28,Safe,Safe,Safe,Warning
W_002,7/24/2026 13:28,Safe,Safe,Safe,Warning
W_002,7/24/2026 13:28,Safe,Safe,Safe,Warning
W_002,7/24/2026 13:28,Safe,Safe,Safe,Warning
W_002,7/24/2026 13:28,Safe,Safe,Safe,Warning
W_002,7/24/2026 13:28,Safe,Safe,Safe,Warning
W_002,7/24/2026 13:28,Safe,Safe,Safe,Warning
W_002,7/24/2026 13:28,Safe,Safe,Safe,Warning
W_002,7/24/2026 13:28,Safe,Safe,Safe,Warning
W_002,7/24/2026 13:28,Safe,Safe,Safe,Warning
W_002,7/24/2026 13:28,Safe,Safe,Safe,Warning
W_002,7/24/2026 13:28,Safe,Safe,Safe,Warning
W_002,7/24/2026 13:28,Safe,Safe,Warning,Warning
W_002,7/24/2026 13:28,Safe,Safe,Warning,Warning
W_002,7/24/2026 13:28,Safe,Safe,Warning,Warning
W_002,7/24/2026 13:28,Safe,Safe,Warning,Warning
W_002,7/24/2026 13:28,Safe,Safe,Warning,Safe
W_002,7/24/2026 13:28,Safe,Safe,Warning,Warning
W_002,7/24/2026 13:28,Safe,Safe,Warning,Warning
W_002,7/24/2026 13:28,Safe,Safe,Warning,Safe
W_002,7/24/2026 13:28,Safe,Safe,Warning,Warning
W_002,7/24/2026 13:28,Safe,Safe,Warning,Warning
W_002,7/24/2026 13:28,Safe,Safe,Warning,Warning
W_002,7/24/2026 13:28,Safe,Safe,Warning,Safe
W_002,7/24/2026 13:28,Safe,Safe,Warning,Warning
W_002,7/24/2026 13:28,Safe,Safe,Warning,Safe
W_002,7/24/2026 13:28,Safe,Safe,Warning,Warning
W_002,7/24/2026 13:28,Safe,Safe,Safe,Safe
W_002,7/24/2026 13:28,Safe,Safe,Warning,Warning
W_002,7/24/2026 13:28,Safe,Safe,Warning,Warning
W_002,7/24/2026 13:28,Safe,Safe,Warning,Warning
W_002,7/24/2026 13:28,Safe,Safe,Warning,Safe
W_002,7/24/2026 13:28,Safe,Safe,Warning,Warning
W_002,7/24/2026 13:28,Safe,Safe,Warning,Safe
W_002,7/24/2026 13:29,Safe,Safe,Warning,Warning
W_002,7/24/2026 13:29,Safe,Safe,Safe,Safe
W_002,7/24/2026 13:29,Safe,Safe,Warning,Warning
W_002,7/24/2026 13:29,Safe,Safe,Warning,Warning
W_002,7/24/2026 13:29,Safe,Safe,Warning,Warning
W_002,7/24/2026 13:29,Safe,Safe,Warning,Warning
W_002,7/24/2026 13:29,Safe,Safe,Warning,Safe
W_002,7/24/2026 13:29,Safe,Safe,Warning,Warning
W_002,7/24/2026 13:29,Safe,Safe,Warning,Warning
W_002,7/24/2026 13:29,Safe,Safe,Warning,Warning
W_002,7/24/2026 13:29,Safe,Safe,Warning,Safe
W_002,7/24/2026 13:29,Safe,Safe,Warning,Safe
W_002,7/24/2026 13:29,Safe,Safe,Warning,Warning
W_002,7/24/2026 13:29,Safe,Safe,Warning,Safe
W_002,7/24/2026 13:29,Safe,Safe,Warning,Safe
W_002,7/24/2026 13:29,Safe,Safe,Safe,Safe
W_002,7/24/2026 13:29,Safe,Safe,Warning,Safe
W_002,7/24/2026 13:29,Safe,Safe,Warning,Safe
W_002,7/24/2026 13:29,Safe,Safe,Warning,Safe
W_002,7/24/2026 13:29,Safe,Safe,Warning,Safe
W_002,7/24/2026 13:29,Safe,Safe,Safe,Safe
W_002,7/24/2026 13:29,Safe,Safe,Warning,Safe
W_002,7/24/2026 13:29,Safe,Safe,Warning,Safe
W_002,7/24/2026 13:29,Safe,Safe,Warning,Safe
W_002,7/24/2026 13:29,Safe,Safe,Warning,Safe
W_002,7/24/2026 13:29,Safe,Safe,Warning,Safe
W_002,7/24/2026 13:29,Safe,Safe,Warning,Safe
W_002,7/24/2026 13:29,Safe,Safe,Warning,Safe
W_002,7/24/2026 13:29,Safe,Safe,Warning,Warning
W_002,7/24/2026 13:29,Safe,Safe,Warning,Safe
W_002,7/24/2026 13:29,Safe,Safe,Warning,Warning
W_002,7/24/2026 13:29,Safe,Safe,Safe,Safe
W_002,7/24/2026 13:29,Safe,Safe,Safe,Safe
W_002,7/24/2026 13:29,Safe,Safe,Warning,Safe
W_002,7/24/2026 13:29,Safe,Safe,Warning,Safe
W_002,7/24/2026 13:29,Safe,Safe,Warning,Safe
W_002,7/24/2026 13:29,Safe,Safe,Safe,Safe
W_002,7/24/2026 13:29,Safe,Safe,Safe,Safe
W_002,7/24/2026 13:29,Safe,Safe,Safe,Safe
W_002,7/24/2026 13:29,Safe,Safe,Safe,Safe
W_002,7/24/2026 13:29,Safe,Safe,Warning,Safe
W_002,7/24/2026 13:29,Safe,Safe,Safe,Safe
W_002,7/24/2026 13:29,Safe,Safe,Warning,Safe
W_002,7/24/2026 13:29,Safe,Safe,Safe,Safe
W_002,7/24/2026 13:29,Safe,Safe,Safe,Safe
W_002,7/24/2026 13:29,Safe,Safe,Safe,Safe
W_002,7/24/2026 13:29,Safe,Safe,Safe,Safe
W_002,7/24/2026 13:29,Safe,Safe,Warning,Safe
W_002,7/24/2026 13:29,Safe,Safe,Safe,Safe
W_002,7/24/2026 13:29,Safe,Safe,Safe,Safe
W_002,7/24/2026 13:29,Safe,Safe,Safe,Safe
W_002,7/24/2026 13:29,Safe,Safe,Safe,Safe
W_002,7/24/2026 13:29,Safe,Safe,Safe,Safe
W_002,7/24/2026 13:29,Safe,Safe,Safe,Safe
W_002,7/24/2026 13:29,Safe,Safe,Safe,Safe
W_002,7/24/2026 13:29,Safe,Safe,Safe,Safe
W_002,7/24/2026 13:29,Safe,Safe,Warning,Safe
W_002,7/24/2026 13:29,Safe,Safe,Warning,Safe
W_002,7/24/2026 13:29,Safe,Safe,Warning,Safe
W_002,7/24/2026 13:29,Safe,Safe,Warning,Safe
W_002,7/24/2026 13:30,Safe,Safe,Safe,Safe
W_002,7/24/2026 13:30,Safe,Safe,Safe,Safe
W_002,7/24/2026 13:30,Safe,Safe,Warning,Safe
W_002,7/24/2026 13:30,Safe,Safe,Warning,Safe
W_002,7/24/2026 13:30,Safe,Safe,Safe,Safe
W_002,7/24/2026 13:30,Safe,Safe,Warning,Safe
W_002,7/24/2026 13:30,Safe,Safe,Warning,Safe
W_002,7/24/2026 13:30,Safe,Safe,Warning,Safe
W_002,7/24/2026 13:30,Safe,Safe,Warning,Safe
W_002,7/24/2026 13:30,Safe,Safe,Warning,Safe
W_002,7/24/2026 13:30,Safe,Safe,Warning,Safe
W_002,7/24/2026 13:30,Safe,Safe,Warning,Safe
W_002,7/24/2026 13:30,Safe,Safe,Safe,Safe
W_002,7/24/2026 13:30,Safe,Safe,Warning,Safe
W_002,7/24/2026 13:30,Safe,Safe,Warning,Safe
W_002,7/24/2026 13:30,Safe,Safe,Warning,Safe
W_002,7/24/2026 13:30,Safe,Safe,Warning,Safe
W_002,7/24/2026 13:30,Safe,Safe,Warning,Safe
W_002,7/24/2026 13:30,Safe,Safe,Warning,Safe
W_002,7/24/2026 13:30,Safe,Safe,Warning,Safe
W_002,7/24/2026 13:30,Safe,Safe,Warning,Safe
W_002,7/24/2026 13:30,Safe,Safe,Warning,Safe
W_002,7/24/2026 13:30,Safe,Safe,Warning,Safe
W_002,7/24/2026 13:30,Safe,Safe,Warning,Safe
W_002,7/24/2026 13:30,Safe,Safe,Warning,Safe
W_002,7/24/2026 13:30,Safe,Safe,Warning,Safe
W_002,7/24/2026 13:30,Safe,Safe,Warning,Warning
W_002,7/24/2026 13:30,Safe,Safe,Warning,Safe
W_002,7/24/2026 13:30,Safe,Safe,Warning,Safe
W_002,7/24/2026 13:30,Safe,Safe,Warning,Warning
W_002,7/24/2026 13:30,Safe,Safe,Warning,Safe
W_002,7/24/2026 13:30,Safe,Safe,Warning,Safe
W_002,7/24/2026 13:30,Safe,Safe,Warning,Warning
W_002,7/24/2026 13:30,Safe,Safe,Warning,Safe
W_002,7/24/2026 13:30,Safe,Safe,Warning,Safe
W_002,7/24/2026 13:30,Safe,Safe,Warning,Safe
W_002,7/24/2026 13:30,Safe,Safe,Warning,Safe
W_002,7/24/2026 13:30,Safe,Safe,Warning,Safe
W_002,7/24/2026 13:30,Safe,Safe,Warning,Safe
W_002,7/24/2026 13:30,Safe,Safe,Warning,Safe
W_002,7/24/2026 13:30,Safe,Safe,Warning,Safe
W_002,7/24/2026 13:30,Safe,Safe,Warning,Safe
W_002,7/24/2026 13:30,Safe,Safe,Warning,Safe
W_002,7/24/2026 13:30,Safe,Safe,Warning,Safe
W_002,7/24/2026 13:30,Safe,Safe,Warning,Safe
W_002,7/24/2026 13:30,Safe,Safe,Warning,Safe
W_002,7/24/2026 13:30,Safe,Safe,Warning,Safe
W_002,7/24/2026 13:30,Safe,Safe,Warning,Safe
W_002,7/24/2026 13:30,Safe,Safe,Warning,Safe
W_002,7/24/2026 13:30,Safe,Safe,Warning,Safe
W_002,7/24/2026 13:30,Safe,Safe,Warning,Safe
W_002,7/24/2026 13:30,Safe,Safe,Safe,Safe
W_002,7/24/2026 13:30,Safe,Safe,Warning,Warning
W_002,7/24/2026 13:30,Safe,Safe,Warning,Warning
W_002,7/24/2026 13:30,Safe,Safe,Warning,Warning
W_002,7/24/2026 13:30,Safe,Safe,Warning,Warning
W_002,7/24/2026 13:30,Safe,Safe,Safe,Safe
W_002,7/24/2026 13:30,Safe,Safe,Safe,Safe
W_002,7/24/2026 13:30,Safe,Safe,Warning,Safe
W_002,7/24/2026 13:30,Safe,Safe,Safe,Safe
W_002,7/24/2026 13:31,Safe,Safe,Safe,Safe
W_002,7/24/2026 13:31,Safe,Safe,Safe,Safe
W_002,7/24/2026 13:31,Safe,Safe,Safe,Safe
W_002,7/24/2026 13:31,Safe,Safe,Warning,Safe
W_002,7/24/2026 13:31,Safe,Safe,Safe,Safe
W_002,7/24/2026 13:31,Safe,Safe,Safe,Safe
W_002,7/24/2026 13:31,Safe,Safe,Safe,Safe
W_002,7/24/2026 13:31,Safe,Safe,Safe,Safe
W_002,7/24/2026 13:31,Safe,Safe,Safe,Safe
W_002,7/24/2026 13:31,Safe,Safe,Safe,Safe
W_002,7/24/2026 13:31,Safe,Safe,Safe,Safe
W_002,7/24/2026 13:31,Safe,Safe,Safe,Safe
W_002,7/24/2026 13:31,Safe,Safe,Safe,Safe
W_002,7/24/2026 13:31,Safe,Safe,Safe,Safe
W_002,7/24/2026 13:31,Safe,Safe,Safe,Safe
W_002,7/24/2026 13:31,Safe,Safe,Safe,Safe
W_002,7/24/2026 13:31,Safe,Safe,Safe,Safe
W_002,7/24/2026 13:31,Safe,Safe,Safe,Safe
W_002,7/24/2026 13:31,Safe,Safe,Safe,Warning
W_002,7/24/2026 13:31,Safe,Safe,Safe,Safe
W_002,7/24/2026 13:31,Safe,Safe,Safe,Warning
W_002,7/24/2026 13:31,Safe,Safe,Safe,Safe
W_002,7/24/2026 13:31,Safe,Safe,Safe,Safe
W_002,7/24/2026 13:31,Safe,Safe,Safe,Safe
W_002,7/24/2026 13:31,Safe,Safe,Safe,Safe
W_002,7/24/2026 13:31,Warning,Safe,Safe,Safe
W_002,7/24/2026 13:31,Warning,Safe,Safe,Warning
W_002,7/24/2026 13:31,Warning,Safe,Safe,Safe
W_002,7/24/2026 13:31,Warning,Safe,Safe,Safe
W_002,7/24/2026 13:31,Warning,Safe,Safe,Safe
W_002,7/24/2026 13:31,Warning,Safe,Safe,Safe
W_002,7/24/2026 13:31,Warning,Safe,Warning,Safe
W_002,7/24/2026 13:31,Warning,Safe,Warning,Safe
W_002,7/24/2026 13:31,Warning,Safe,Safe,Safe
W_002,7/24/2026 13:31,Warning,Safe,Safe,Safe
W_002,7/24/2026 13:31,Warning,Safe,Safe,Safe
W_002,7/24/2026 13:31,Warning,Safe,Safe,Safe
W_002,7/24/2026 13:31,Warning,Safe,Safe,Safe
W_002,7/24/2026 13:31,Warning,Safe,Safe,Safe
W_002,7/24/2026 13:31,Warning,Safe,Warning,Warning
W_002,7/24/2026 13:31,Warning,Safe,Warning,Safe
W_002,7/24/2026 13:31,Warning,Safe,Warning,Safe
W_002,7/24/2026 13:31,Warning,Safe,Safe,Safe
W_002,7/24/2026 13:31,Warning,Safe,Safe,Safe
W_002,7/24/2026 13:31,Warning,Safe,Safe,Safe
W_002,7/24/2026 13:31,Warning,Safe,Warning,Warning
W_002,7/24/2026 13:31,Warning,Safe,Warning,Safe
W_002,7/24/2026 13:31,Warning,Safe,Warning,Warning
W_002,7/24/2026 13:31,Warning,Safe,Safe,Safe
W_002,7/24/2026 13:31,Warning,Safe,Safe,Safe
W_002,7/24/2026 13:31,Warning,Safe,Safe,Safe
W_002,7/24/2026 13:31,Warning,Safe,Safe,Safe
W_002,7/24/2026 13:31,Warning,Safe,Safe,Safe
W_002,7/24/2026 13:31,Warning,Safe,Safe,Safe
W_002,7/24/2026 13:31,Warning,Safe,Safe,Safe
W_002,7/24/2026 13:31,Warning,Safe,Warning,Safe
W_002,7/24/2026 13:31,Warning,Safe,Safe,Safe
W_002,7/24/2026 13:31,Warning,Safe,Safe,Safe
W_002,7/24/2026 13:31,Warning,Safe,Safe,Safe
W_002,7/24/2026 13:31,Warning,Safe,Safe,Safe
W_002,7/24/2026 13:32,Warning,Safe,Warning,Safe
W_002,7/24/2026 13:32,Warning,Safe,Safe,Safe
W_002,7/24/2026 13:32,Warning,Safe,Safe,Safe
W_002,7/24/2026 13:32,Warning,Safe,Warning,Safe
W_002,7/24/2026 13:32,Warning,Safe,Safe,Safe
W_002,7/24/2026 13:32,Warning,Safe,Warning,Safe
W_002,7/24/2026 13:32,Warning,Safe,Warning,Safe
W_002,7/24/2026 13:32,Warning,Safe,Safe,Safe
W_002,7/24/2026 13:32,Warning,Safe,Safe,Safe
W_002,7/24/2026 13:32,Warning,Safe,Safe,Safe
W_002,7/24/2026 13:32,Warning,Safe,Safe,Safe
W_002,7/24/2026 13:32,Warning,Safe,Safe,Safe
W_002,7/24/2026 13:32,Warning,Safe,Warning,Safe
W_002,7/24/2026 13:32,Warning,Safe,Safe,Safe
W_002,7/24/2026 13:32,Warning,Safe,Warning,Safe
W_002,7/24/2026 13:32,Warning,Safe,Warning,Safe
W_002,7/24/2026 13:32,Warning,Safe,Warning,Safe
W_002,7/24/2026 13:32,Warning,Safe,Warning,Safe
W_002,7/24/2026 13:32,Warning,Safe,Warning,Safe
W_002,7/24/2026 13:32,Warning,Safe,Warning,Safe
W_002,7/24/2026 13:32,Warning,Safe,Safe,Safe
W_002,7/24/2026 13:32,Warning,Safe,Warning,Safe
W_002,7/24/2026 13:32,Warning,Safe,Safe,Safe
W_002,7/24/2026 13:32,Warning,Safe,Warning,Safe
W_002,7/24/2026 13:32,Warning,Safe,Warning,Safe
W_002,7/24/2026 13:32,Warning,Safe,Warning,Safe
W_002,7/24/2026 13:32,Warning,Safe,Warning,Safe
W_002,7/24/2026 13:32,Warning,Safe,Safe,Safe
W_002,7/24/2026 13:32,Warning,Safe,Warning,Safe
W_002,7/24/2026 13:32,Warning,Safe,Warning,Safe
W_002,7/24/2026 13:32,Warning,Safe,Warning,Safe
W_002,7/24/2026 13:32,Warning,Safe,Warning,Safe
W_002,7/24/2026 13:32,Warning,Safe,Warning,Safe
W_002,7/24/2026 13:32,Warning,Safe,Warning,Safe
W_002,7/24/2026 13:32,Warning,Safe,Warning,Safe
W_002,7/24/2026 13:32,Warning,Safe,Warning,Safe
W_002,7/24/2026 13:32,Warning,Safe,Warning,Safe
W_002,7/24/2026 13:32,Warning,Safe,Warning,Safe
W_002,7/24/2026 13:32,Warning,Safe,Warning,Safe
W_002,7/24/2026 13:32,Warning,Safe,Warning,Safe
W_002,7/24/2026 13:32,Warning,Safe,Warning,Safe
W_002,7/24/2026 13:32,Warning,Safe,Warning,Safe
W_002,7/24/2026 13:32,Warning,Safe,Warning,Safe
W_002,7/24/2026 13:32,Warning,Safe,Warning,Safe
W_002,7/24/2026 13:32,Warning,Safe,Warning,Warning
W_002,7/24/2026 13:32,Warning,Safe,Warning,Safe
W_002,7/24/2026 13:32,Warning,Safe,Warning,Warning
W_002,7/24/2026 13:32,Warning,Safe,Warning,Warning
W_002,7/24/2026 13:32,Warning,Safe,Warning,Warning
W_002,7/24/2026 13:32,Warning,Safe,Warning,Warning
W_002,7/24/2026 13:32,Warning,Critical,Warning,Warning
W_002,7/24/2026 13:32,Warning,Critical,Warning,Warning
W_002,7/24/2026 13:32,Warning,Safe,Warning,Warning
W_002,7/24/2026 13:32,Warning,Safe,Warning,Warning
W_002,7/24/2026 13:32,Warning,Critical,Warning,Warning
W_002,7/24/2026 13:32,Warning,Safe,Warning,Warning
W_002,7/24/2026 13:32,Warning,Critical,Warning,Warning
W_002,7/24/2026 13:32,Warning,Critical,Warning,Warning
W_002,7/24/2026 13:32,Warning,Critical,Warning,Warning
W_002,7/24/2026 13:32,Warning,Critical,Warning,Warning
W_002,7/24/2026 13:33,Warning,Critical,Warning,Warning
W_002,7/24/2026 13:33,Warning,Critical,Warning,Warning
W_002,7/24/2026 13:33,Warning,Safe,Warning,Warning
W_002,7/24/2026 13:33,Warning,Critical,Warning,Warning
W_002,7/24/2026 13:33,Warning,Critical,Warning,Warning
W_002,7/24/2026 13:33,Warning,Critical,Warning,Warning
W_002,7/24/2026 13:33,Warning,Critical,Warning,Warning
W_002,7/24/2026 13:33,Warning,Critical,Warning,Warning
W_002,7/24/2026 13:33,Warning,Critical,Warning,Warning
W_002,7/24/2026 13:33,Warning,Critical,Warning,Warning
W_002,7/24/2026 13:33,Warning,Critical,Warning,Warning
W_002,7/24/2026 13:33,Warning,Critical,Warning,Warning
W_002,7/24/2026 13:33,Warning,Critical,Warning,Warning
W_002,7/24/2026 13:33,Warning,Critical,Warning,Warning
W_002,7/24/2026 13:33,Warning,Critical,Warning,Warning
W_002,7/24/2026 13:33,Warning,Critical,Warning,Warning
W_002,7/24/2026 13:33,Warning,Critical,Warning,Warning
W_002,7/24/2026 13:33,Warning,Critical,Warning,Warning
W_002,7/24/2026 13:33,Warning,Critical,Warning,Warning
W_002,7/24/2026 13:33,Warning,Critical,Warning,Warning
W_002,7/24/2026 13:33,Warning,Critical,Warning,Warning
W_002,7/24/2026 13:33,Warning,Critical,Warning,Warning
W_002,7/24/2026 13:33,Warning,Critical,Warning,Warning
W_002,7/24/2026 13:33,Warning,Critical,Warning,Warning
W_002,7/24/2026 13:33,Warning,Critical,Warning,Warning
W_002,7/24/2026 13:33,Warning,Critical,Warning,Warning
W_002,7/24/2026 13:33,Warning,Critical,Warning,Warning
W_002,7/24/2026 13:33,Warning,Critical,Warning,Warning
W_002,7/24/2026 13:33,Warning,Critical,Warning,Warning
W_002,7/24/2026 13:33,Warning,Critical,Warning,Warning
W_002,7/24/2026 13:33,Warning,Critical,Warning,Warning
W_002,7/24/2026 13:33,Warning,Critical,Warning,Warning
W_002,7/24/2026 13:33,Warning,Critical,Warning,Warning
W_002,7/24/2026 13:33,Warning,Critical,Warning,Warning
W_002,7/24/2026 13:33,Warning,Critical,Warning,Warning
W_002,7/24/2026 13:33,Warning,Critical,Warning,Warning
W_002,7/24/2026 13:33,Warning,Critical,Warning,Warning
W_002,7/24/2026 13:33,Warning,Critical,Warning,Warning
W_002,7/24/2026 13:33,Warning,Critical,Warning,Warning
W_002,7/24/2026 13:33,Warning,Critical,Warning,Warning
W_002,7/24/2026 13:33,Warning,Critical,Warning,Warning
W_002,7/24/2026 13:33,Warning,Critical,Warning,Warning
W_002,7/24/2026 13:33,Warning,Critical,Warning,Warning
W_002,7/24/2026 13:33,Warning,Critical,Warning,Warning
W_002,7/24/2026 13:33,Warning,Critical,Warning,Warning
W_002,7/24/2026 13:33,Warning,Critical,Warning,Warning
W_002,7/24/2026 13:33,Warning,Critical,Warning,Warning
W_002,7/24/2026 13:33,Warning,Critical,Warning,Warning
W_002,7/24/2026 13:33,Warning,Critical,Warning,Warning
W_002,7/24/2026 13:33,Warning,Critical,Warning,Warning
W_002,7/24/2026 13:33,Warning,Critical,Warning,Warning
W_002,7/24/2026 13:33,Warning,Critical,Warning,Warning
W_002,7/24/2026 13:33,Warning,Critical,Warning,Warning
W_002,7/24/2026 13:33,Warning,Critical,Warning,Warning
W_002,7/24/2026 13:33,Warning,Critical,Warning,Warning
W_002,7/24/2026 13:33,Warning,Critical,Warning,Warning
W_002,7/24/2026 13:33,Warning,Critical,Warning,Warning
W_002,7/24/2026 13:33,Warning,Critical,Warning,Warning
W_002,7/24/2026 13:33,Warning,Critical,Warning,Warning
W_002,7/24/2026 13:33,Warning,Critical,Warning,Warning
W_002,7/24/2026 13:34,Warning,Critical,Warning,Warning
W_002,7/24/2026 13:34,Warning,Critical,Warning,Warning
W_002,7/24/2026 13:34,Warning,Critical,Warning,Warning
W_002,7/24/2026 13:34,Warning,Critical,Warning,Warning
W_002,7/24/2026 13:34,Warning,Critical,Warning,Warning
W_002,7/24/2026 13:34,Warning,Critical,Warning,Warning
W_002,7/24/2026 13:34,Warning,Critical,Warning,Warning
W_002,7/24/2026 13:34,Warning,Critical,Warning,Warning
W_002,7/24/2026 13:34,Warning,Critical,Warning,Warning
W_002,7/24/2026 13:34,Warning,Critical,Warning,Warning
W_002,7/24/2026 13:34,Warning,Critical,Warning,Warning
W_002,7/24/2026 13:34,Warning,Critical,Warning,Warning
W_002,7/24/2026 13:34,Warning,Critical,Warning,Warning
W_002,7/24/2026 13:34,Warning,Critical,Warning,Warning
W_002,7/24/2026 13:34,Warning,Critical,Warning,Warning
W_002,7/24/2026 13:34,Warning,Critical,Warning,Warning
W_002,7/24/2026 13:34,Warning,Critical,Warning,Warning
W_002,7/24/2026 13:34,Warning,Critical,Warning,Warning
W_002,7/24/2026 13:34,Warning,Critical,Warning,Warning
W_002,7/24/2026 13:34,Warning,Critical,Warning,Warning
W_002,7/24/2026 13:34,Warning,Critical,Warning,Warning
W_002,7/24/2026 13:34,Warning,Critical,Warning,Warning
W_002,7/24/2026 13:34,Warning,Critical,Warning,Warning
W_002,7/24/2026 13:34,Warning,Critical,Warning,Warning
W_002,7/24/2026 13:34,Warning,Critical,Warning,Warning
W_002,7/24/2026 13:34,Warning,Critical,Warning,Warning
W_002,7/24/2026 13:34,Warning,Critical,Warning,Warning
W_002,7/24/2026 13:34,Warning,Critical,Warning,Warning
W_002,7/24/2026 13:34,Warning,Critical,Warning,Warning
W_002,7/24/2026 13:34,Warning,Critical,Warning,Warning
W_002,7/24/2026 13:34,Warning,Critical,Warning,Warning
W_002,7/24/2026 13:34,Warning,Critical,Warning,Warning
W_002,7/24/2026 13:34,Warning,Critical,Warning,Warning
W_002,7/24/2026 13:34,Warning,Critical,Warning,Warning
W_002,7/24/2026 13:34,Warning,Critical,Warning,Warning
W_002,7/24/2026 13:34,Warning,Critical,Warning,Warning
W_002,7/24/2026 13:34,Warning,Critical,Warning,Warning
W_002,7/24/2026 13:34,Warning,Critical,Warning,Warning
W_002,7/24/2026 13:34,Warning,Critical,Warning,Warning
W_002,7/24/2026 13:34,Warning,Critical,Warning,Warning
W_002,7/24/2026 13:34,Warning,Critical,Warning,Warning
W_002,7/24/2026 13:34,Warning,Critical,Warning,Warning
W_002,7/24/2026 13:34,Warning,Critical,Warning,Warning
W_002,7/24/2026 13:34,Warning,Critical,Warning,Warning
W_002,7/24/2026 13:34,Warning,Critical,Warning,Warning
W_002,7/24/2026 13:34,Warning,Critical,Warning,Warning
W_002,7/24/2026 13:34,Warning,Critical,Warning,Warning
W_002,7/24/2026 13:34,Warning,Critical,Warning,Warning
W_002,7/24/2026 13:34,Warning,Critical,Warning,Warning
W_002,7/24/2026 13:34,Warning,Critical,Warning,Warning
W_002,7/24/2026 13:34,Warning,Critical,Warning,Warning
W_002,7/24/2026 13:34,Warning,Critical,Warning,Warning
W_002,7/24/2026 13:34,Warning,Critical,Warning,Warning
W_002,7/24/2026 13:34,Warning,Critical,Warning,Warning
W_002,7/24/2026 13:34,Warning,Critical,Warning,Warning
W_002,7/24/2026 13:34,Warning,Critical,Warning,Warning
W_002,7/24/2026 13:34,Warning,Critical,Warning,Warning
W_002,7/24/2026 13:34,Warning,Critical,Warning,Warning
W_002,7/24/2026 13:34,Warning,Critical,Warning,Warning
W_002,7/24/2026 13:34,Warning,Critical,Warning,Warning
W_002,7/24/2026 13:35,Warning,Critical,Warning,Warning
W_002,7/24/2026 13:35,Warning,Critical,Warning,Warning
W_002,7/24/2026 13:35,Warning,Critical,Warning,Warning
W_002,7/24/2026 13:35,Warning,Critical,Warning,Warning
W_002,7/24/2026 13:35,Warning,Critical,Warning,Warning
W_002,7/24/2026 13:35,Warning,Critical,Warning,Warning
W_002,7/24/2026 13:35,Warning,Critical,Warning,Warning
W_002,7/24/2026 13:35,Warning,Critical,Warning,Warning
W_002,7/24/2026 13:35,Warning,Critical,Warning,Warning
W_002,7/24/2026 13:35,Warning,Critical,Warning,Warning
W_002,7/24/2026 13:35,Warning,Critical,Warning,Warning
W_002,7/24/2026 13:35,Warning,Critical,Warning,Warning
W_002,7/24/2026 13:35,Warning,Critical,Warning,Warning
W_002,7/24/2026 13:35,Warning,Critical,Warning,Warning
W_002,7/24/2026 13:35,Warning,Critical,Warning,Warning
W_002,7/24/2026 13:35,Warning,Critical,Warning,Warning
W_002,7/24/2026 13:35,Warning,Critical,Warning,Warning
W_002,7/24/2026 13:35,Warning,Critical,Warning,Warning
W_002,7/24/2026 13:35,Warning,Critical,Warning,Warning
W_002,7/24/2026 13:35,Warning,Critical,Warning,Warning
W_002,7/24/2026 13:35,Warning,Critical,Warning,Warning
W_002,7/24/2026 13:35,Warning,Critical,Warning,Warning
W_002,7/24/2026 13:35,Warning,Critical,Warning,Warning
W_002,7/24/2026 13:35,Warning,Critical,Warning,Warning
W_002,7/24/2026 13:35,Warning,Critical,Warning,Warning
W_002,7/24/2026 13:35,Warning,Critical,Warning,Warning
W_002,7/24/2026 13:35,Warning,Critical,Warning,Warning
W_002,7/24/2026 13:35,Warning,Critical,Warning,Warning
W_002,7/24/2026 13:35,Warning,Critical,Warning,Warning
W_002,7/24/2026 13:35,Warning,Critical,Warning,Warning
W_002,7/24/2026 13:35,Warning,Critical,Warning,Warning
W_002,7/24/2026 13:35,Warning,Critical,Warning,Warning
W_002,7/24/2026 13:35,Warning,Critical,Warning,Warning
W_002,7/24/2026 13:35,Warning,Critical,Warning,Warning
W_002,7/24/2026 13:35,Warning,Critical,Warning,Warning
W_002,7/24/2026 13:35,Warning,Critical,Warning,Warning
W_002,7/24/2026 13:35,Warning,Critical,Warning,Warning
W_002,7/24/2026 13:35,Warning,Critical,Warning,Warning
W_002,7/24/2026 13:35,Warning,Critical,Warning,Warning
W_002,7/24/2026 13:35,Warning,Critical,Warning,Warning
W_002,7/24/2026 13:35,Warning,Critical,Warning,Warning
W_002,7/24/2026 13:35,Warning,Critical,Warning,Warning
W_002,7/24/2026 13:35,Warning,Critical,Warning,Warning
W_002,7/24/2026 13:35,Warning,Critical,Warning,Warning
W_002,7/24/2026 13:35,Warning,Critical,Warning,Warning
W_002,7/24/2026 13:35,Warning,Critical,Warning,Warning
W_002,7/24/2026 13:35,Warning,Critical,Warning,Warning
W_002,7/24/2026 13:35,Warning,Critical,Warning,Warning
W_002,7/24/2026 13:35,Warning,Critical,Warning,Warning
W_002,7/24/2026 13:35,Warning,Critical,Warning,Warning
W_002,7/24/2026 13:35,Warning,Critical,Warning,Warning
W_002,7/24/2026 13:35,Warning,Critical,Warning,Warning
W_002,7/24/2026 13:35,Warning,Critical,Warning,Warning
W_002,7/24/2026 13:35,Warning,Critical,Warning,Warning
W_002,7/24/2026 13:35,Warning,Critical,Warning,Warning
W_002,7/24/2026 13:35,Warning,Critical,Warning,Warning
W_002,7/24/2026 13:35,Warning,Critical,Warning,Warning
W_002,7/24/2026 13:35,Warning,Critical,Warning,Warning
W_002,7/24/2026 13:35,Warning,Critical,Warning,Warning
W_002,7/24/2026 13:35,Warning,Critical,Warning,Warning
W_002,7/24/2026 13:36,Warning,Critical,Warning,Warning
W_002,7/24/2026 13:36,Warning,Critical,Warning,Warning
W_002,7/24/2026 13:36,Warning,Critical,Warning,Warning
W_002,7/24/2026 13:36,Warning,Critical,Warning,Warning
W_002,7/24/2026 13:36,Warning,Critical,Warning,Warning
W_002,7/24/2026 13:36,Warning,Critical,Warning,Warning
W_002,7/24/2026 13:36,Warning,Critical,Warning,Warning
W_002,7/24/2026 13:36,Warning,Critical,Warning,Warning
W_002,7/24/2026 13:36,Warning,Critical,Warning,Warning
W_002,7/24/2026 13:36,Warning,Critical,Warning,Warning
W_002,7/24/2026 13:36,Warning,Critical,Warning,Warning
W_002,7/24/2026 13:36,Warning,Critical,Warning,Warning
W_002,7/24/2026 13:36,Warning,Critical,Warning,Warning
W_002,7/24/2026 13:36,Warning,Critical,Warning,Warning
W_002,7/24/2026 13:36,Warning,Critical,Warning,Warning
W_002,7/24/2026 13:36,Warning,Critical,Warning,Warning
W_002,7/24/2026 13:36,Warning,Critical,Warning,Warning
W_002,7/24/2026 13:36,Warning,Critical,Warning,Warning
W_002,7/24/2026 13:36,Warning,Critical,Warning,Warning
W_002,7/24/2026 13:36,Warning,Critical,Warning,Warning
W_002,7/24/2026 13:36,Warning,Critical,Warning,Warning
W_002,7/24/2026 13:36,Warning,Critical,Warning,Warning
W_002,7/24/2026 13:36,Warning,Critical,Warning,Warning
W_002,7/24/2026 13:36,Warning,Critical,Warning,Warning
W_002,7/24/2026 13:36,Warning,Critical,Warning,Warning
W_002,7/24/2026 13:36,Warning,Critical,Warning,Warning
W_002,7/24/2026 13:36,Warning,Critical,Warning,Warning
W_002,7/24/2026 13:36,Warning,Critical,Warning,Warning
W_002,7/24/2026 13:36,Warning,Critical,Warning,Warning
W_002,7/24/2026 13:36,Critical,Critical,Warning,Warning
W_002,7/24/2026 13:36,Critical,Critical,Warning,Warning
W_002,7/24/2026 13:36,Critical,Critical,Warning,Warning
W_002,7/24/2026 13:36,Critical,Critical,Warning,Warning
W_002,7/24/2026 13:36,Critical,Critical,Warning,Warning
W_002,7/24/2026 13:36,Critical,Critical,Warning,Warning
W_002,7/24/2026 13:36,Critical,Critical,Warning,Warning
W_002,7/24/2026 13:36,Critical,Critical,Warning,Warning
W_002,7/24/2026 13:36,Critical,Critical,Warning,Warning
W_002,7/24/2026 13:36,Critical,Critical,Warning,Warning
W_002,7/24/2026 13:36,Critical,Critical,Warning,Warning
W_002,7/24/2026 13:36,Critical,Critical,Warning,Warning
W_002,7/24/2026 13:36,Critical,Critical,Warning,Warning
W_002,7/24/2026 13:36,Critical,Critical,Warning,Warning
W_002,7/24/2026 13:36,Critical,Critical,Warning,Warning
W_002,7/24/2026 13:36,Critical,Critical,Warning,Warning
W_002,7/24/2026 13:36,Critical,Critical,Warning,Warning
W_002,7/24/2026 13:36,Critical,Critical,Warning,Warning
W_002,7/24/2026 13:36,Critical,Critical,Warning,Warning
W_002,7/24/2026 13:36,Critical,Critical,Warning,Warning
W_002,7/24/2026 13:36,Critical,Critical,Warning,Warning
W_002,7/24/2026 13:36,Critical,Critical,Warning,Warning
W_002,7/24/2026 13:36,Critical,Critical,Warning,Warning
W_002,7/24/2026 13:36,Warning,Critical,Warning,Warning
W_002,7/24/2026 13:36,Warning,Critical,Warning,Warning
W_002,7/24/2026 13:36,Warning,Critical,Warning,Warning
W_002,7/24/2026 13:36,Warning,Critical,Warning,Warning
W_002,7/24/2026 13:36,Warning,Critical,Warning,Warning
W_002,7/24/2026 13:36,Warning,Critical,Warning,Warning
W_002,7/24/2026 13:36,Warning,Critical,Warning,Warning
W_002,7/24/2026 13:36,Warning,Critical,Warning,Warning
W_002,7/24/2026 13:37,Warning,Critical,Warning,Warning
W_002,7/24/2026 13:37,Warning,Critical,Warning,Warning
W_002,7/24/2026 13:37,Warning,Critical,Warning,Warning
W_002,7/24/2026 13:37,Warning,Critical,Warning,Warning
W_002,7/24/2026 13:37,Warning,Critical,Warning,Warning
W_002,7/24/2026 13:37,Warning,Critical,Warning,Warning
W_002,7/24/2026 13:37,Warning,Critical,Warning,Warning
W_002,7/24/2026 13:37,Warning,Critical,Warning,Warning
W_002,7/24/2026 13:37,Warning,Critical,Warning,Warning
W_002,7/24/2026 13:37,Warning,Critical,Warning,Warning
W_002,7/24/2026 13:37,Warning,Critical,Warning,Warning
W_002,7/24/2026 13:37,Warning,Critical,Warning,Warning
W_002,7/24/2026 13:37,Warning,Critical,Warning,Warning
W_002,7/24/2026 13:37,Warning,Critical,Warning,Warning
W_002,7/24/2026 13:37,Warning,Critical,Warning,Warning
W_002,7/24/2026 13:37,Warning,Critical,Warning,Warning
W_002,7/24/2026 13:37,Warning,Critical,Warning,Warning
W_002,7/24/2026 13:37,Warning,Critical,Warning,Warning
W_002,7/24/2026 13:37,Warning,Critical,Warning,Warning
W_002,7/24/2026 13:37,Warning,Critical,Warning,Warning
W_002,7/24/2026 13:37,Warning,Critical,Warning,Warning
W_002,7/24/2026 13:37,Warning,Critical,Warning,Warning
W_002,7/24/2026 13:37,Warning,Critical,Warning,Warning
W_002,7/24/2026 13:37,Warning,Critical,Warning,Warning
W_002,7/24/2026 13:37,Warning,Critical,Warning,Warning
W_002,7/24/2026 13:37,Warning,Critical,Warning,Warning
W_002,7/24/2026 13:37,Warning,Critical,Warning,Warning
W_002,7/24/2026 13:37,Warning,Critical,Warning,Warning
W_002,7/24/2026 13:37,Warning,Critical,Warning,Warning
W_002,7/24/2026 13:37,Warning,Critical,Warning,Warning
W_002,7/24/2026 13:37,Warning,Critical,Warning,Warning
W_002,7/24/2026 13:37,Warning,Critical,Warning,Warning
W_002,7/24/2026 13:37,Warning,Critical,Warning,Warning
W_002,7/24/2026 13:37,Warning,Critical,Warning,Warning
W_002,7/24/2026 13:37,Warning,Critical,Warning,Warning
W_002,7/24/2026 13:37,Warning,Critical,Warning,Warning
W_002,7/24/2026 13:37,Warning,Critical,Warning,Warning
W_002,7/24/2026 13:37,Warning,Critical,Warning,Warning
W_002,7/24/2026 13:37,Warning,Critical,Warning,Warning
W_002,7/24/2026 13:37,Warning,Critical,Warning,Warning
W_002,7/24/2026 13:37,Warning,Critical,Warning,Warning
W_002,7/24/2026 13:37,Warning,Critical,Warning,Warning
W_002,7/24/2026 13:37,Warning,Critical,Warning,Warning
W_002,7/24/2026 13:37,Warning,Critical,Warning,Warning
W_002,7/24/2026 13:37,Warning,Critical,Warning,Warning
W_002,7/24/2026 13:37,Warning,Critical,Warning,Warning
W_002,7/24/2026 13:37,Warning,Critical,Warning,Warning
W_002,7/24/2026 13:37,Warning,Critical,Warning,Warning
W_002,7/24/2026 13:37,Warning,Critical,Warning,Warning
W_002,7/24/2026 13:37,Warning,Critical,Warning,Warning
W_002,7/24/2026 13:37,Warning,Critical,Warning,Warning
W_002,7/24/2026 13:37,Warning,Critical,Warning,Warning
W_002,7/24/2026 13:37,Warning,Critical,Warning,Warning
W_002,7/24/2026 13:37,Warning,Critical,Warning,Warning
W_002,7/24/2026 13:37,Warning,Critical,Warning,Warning
W_002,7/24/2026 13:37,Warning,Critical,Warning,Warning
W_002,7/24/2026 13:37,Warning,Critical,Warning,Warning
W_002,7/24/2026 13:37,Warning,Critical,Warning,Warning
W_002,7/24/2026 13:37,Warning,Critical,Warning,Warning
W_002,7/24/2026 13:37,Warning,Critical,Warning,Warning
W_002,7/24/2026 13:38,Warning,Critical,Warning,Warning
W_002,7/24/2026 13:38,Warning,Critical,Warning,Warning
W_002,7/24/2026 13:38,Warning,Critical,Warning,Warning
W_002,7/24/2026 13:38,Warning,Critical,Warning,Warning
W_002,7/24/2026 13:38,Warning,Critical,Warning,Warning
W_002,7/24/2026 13:38,Warning,Critical,Warning,Warning
W_002,7/24/2026 13:38,Warning,Critical,Warning,Warning
W_002,7/24/2026 13:38,Warning,Critical,Warning,Warning
W_002,7/24/2026 13:38,Warning,Critical,Warning,Warning
W_002,7/24/2026 13:38,Warning,Critical,Warning,Warning
W_002,7/24/2026 13:38,Warning,Critical,Warning,Warning
W_002,7/24/2026 13:38,Warning,Critical,Warning,Warning
W_002,7/24/2026 13:38,Warning,Critical,Warning,Warning
W_002,7/24/2026 13:38,Warning,Critical,Warning,Warning
W_002,7/24/2026 13:38,Warning,Critical,Warning,Warning
W_002,7/24/2026 13:38,Warning,Critical,Warning,Warning
W_002,7/24/2026 13:38,Warning,Critical,Warning,Warning
W_002,7/24/2026 13:38,Warning,Critical,Warning,Warning
W_002,7/24/2026 13:38,Warning,Critical,Warning,Warning
W_002,7/24/2026 13:38,Warning,Critical,Warning,Warning
W_002,7/24/2026 13:38,Warning,Critical,Warning,Warning
W_002,7/24/2026 13:38,Warning,Critical,Warning,Warning
W_002,7/24/2026 13:38,Warning,Critical,Warning,Warning
W_002,7/24/2026 13:38,Warning,Critical,Warning,Warning
W_002,7/24/2026 13:38,Warning,Critical,Warning,Warning
W_002,7/24/2026 13:38,Warning,Critical,Warning,Warning
W_002,7/24/2026 13:38,Warning,Critical,Warning,Warning
W_002,7/24/2026 13:38,Warning,Critical,Warning,Warning
W_002,7/24/2026 13:38,Warning,Critical,Warning,Warning
W_002,7/24/2026 13:38,Warning,Critical,Warning,Warning
W_002,7/24/2026 13:38,Warning,Critical,Warning,Warning
W_002,7/24/2026 13:38,Warning,Critical,Warning,Warning
W_002,7/24/2026 13:38,Warning,Critical,Warning,Warning
W_002,7/24/2026 13:38,Warning,Critical,Warning,Warning
W_002,7/24/2026 13:38,Warning,Critical,Warning,Warning
W_002,7/24/2026 13:38,Warning,Critical,Warning,Warning
W_002,7/24/2026 13:38,Warning,Critical,Warning,Warning
W_002,7/24/2026 13:38,Warning,Critical,Warning,Warning
W_002,7/24/2026 13:38,Warning,Critical,Warning,Warning
W_002,7/24/2026 13:38,Warning,Critical,Warning,Warning
W_002,7/24/2026 13:38,Warning,Critical,Warning,Warning
W_002,7/24/2026 13:38,Warning,Critical,Warning,Warning
W_002,7/24/2026 13:38,Warning,Critical,Warning,Warning
W_002,7/24/2026 13:38,Warning,Critical,Warning,Warning
W_002,7/24/2026 13:38,Warning,Critical,Warning,Warning
W_002,7/24/2026 13:38,Warning,Critical,Warning,Warning
W_002,7/24/2026 13:38,Warning,Critical,Warning,Warning
W_002,7/24/2026 13:38,Warning,Critical,Warning,Warning
W_002,7/24/2026 13:38,Warning,Critical,Warning,Warning
W_002,7/24/2026 13:38,Warning,Critical,Warning,Warning
W_002,7/24/2026 13:38,Warning,Critical,Warning,Warning
W_002,7/24/2026 13:38,Warning,Critical,Warning,Warning
W_002,7/24/2026 13:38,Warning,Critical,Warning,Warning
W_002,7/24/2026 13:38,Warning,Critical,Warning,Warning
W_002,7/24/2026 13:38,Warning,Critical,Warning,Warning
W_002,7/24/2026 13:38,Warning,Critical,Warning,Warning
W_002,7/24/2026 13:38,Warning,Critical,Warning,Warning
W_002,7/24/2026 13:38,Warning,Critical,Warning,Warning
W_002,7/24/2026 13:38,Warning,Critical,Warning,Warning
W_002,7/24/2026 13:39,Warning,Critical,Warning,Warning
W_002,7/24/2026 13:39,Warning,Critical,Warning,Warning
W_002,7/24/2026 13:39,Warning,Critical,Warning,Warning
W_002,7/24/2026 13:39,Warning,Critical,Warning,Warning
W_002,7/24/2026 13:39,Warning,Critical,Warning,Warning
W_002,7/24/2026 13:39,Warning,Critical,Warning,Warning
W_002,7/24/2026 13:39,Warning,Critical,Warning,Warning
W_002,7/24/2026 13:39,Warning,Critical,Warning,Warning
W_002,7/24/2026 13:39,Warning,Critical,Warning,Warning
W_002,7/24/2026 13:39,Warning,Critical,Warning,Warning
W_002,7/24/2026 13:39,Warning,Critical,Warning,Warning
W_002,7/24/2026 13:39,Warning,Critical,Warning,Warning
W_002,7/24/2026 13:39,Warning,Critical,Warning,Warning
W_002,7/24/2026 13:39,Warning,Critical,Warning,Warning
W_002,7/24/2026 13:39,Warning,Critical,Warning,Warning
W_002,7/24/2026 13:39,Warning,Critical,Warning,Warning
W_002,7/24/2026 13:39,Warning,Critical,Warning,Warning
W_002,7/24/2026 13:39,Warning,Critical,Warning,Warning
W_002,7/24/2026 13:39,Warning,Critical,Warning,Warning
W_002,7/24/2026 13:39,Warning,Critical,Warning,Warning
W_002,7/24/2026 13:39,Warning,Critical,Warning,Warning
W_002,7/24/2026 13:39,Warning,Critical,Warning,Warning
W_002,7/24/2026 13:39,Warning,Critical,Warning,Warning
W_002,7/24/2026 13:39,Warning,Critical,Warning,Warning
W_002,7/24/2026 13:39,Warning,Critical,Warning,Warning
W_002,7/24/2026 13:39,Warning,Critical,Warning,Warning
W_002,7/24/2026 13:39,Warning,Critical,Warning,Warning
W_002,7/24/2026 13:39,Warning,Critical,Warning,Warning
W_002,7/24/2026 13:39,Warning,Critical,Warning,Warning
W_002,7/24/2026 13:39,Warning,Critical,Warning,Warning
W_002,7/24/2026 13:39,Warning,Critical,Warning,Warning
W_002,7/24/2026 13:39,Warning,Critical,Warning,Warning
W_002,7/24/2026 13:39,Warning,Critical,Warning,Warning
W_002,7/24/2026 13:39,Warning,Critical,Warning,Warning
W_002,7/24/2026 13:39,Warning,Critical,Warning,Warning
W_002,7/24/2026 13:39,Warning,Critical,Warning,Warning
W_002,7/24/2026 13:39,Warning,Critical,Warning,Warning
W_002,7/24/2026 13:39,Warning,Critical,Warning,Warning
W_002,7/24/2026 13:39,Warning,Critical,Warning,Warning
W_002,7/24/2026 13:39,Warning,Critical,Warning,Warning
W_002,7/24/2026 13:39,Warning,Critical,Warning,Warning
W_002,7/24/2026 13:39,Warning,Critical,Warning,Warning
W_002,7/24/2026 13:39,Warning,Critical,Warning,Warning
W_002,7/24/2026 13:39,Warning,Critical,Warning,Warning
W_002,7/24/2026 13:39,Warning,Critical,Warning,Warning
W_002,7/24/2026 13:39,Warning,Critical,Warning,Warning
W_002,7/24/2026 13:39,Warning,Critical,Warning,Warning
W_002,7/24/2026 13:39,Warning,Critical,Warning,Warning
W_002,7/24/2026 13:39,Warning,Critical,Warning,Warning
W_002,7/24/2026 13:39,Warning,Critical,Warning,Warning
W_002,7/24/2026 13:39,Warning,Critical,Warning,Warning
W_002,7/24/2026 13:39,Warning,Critical,Warning,Warning
W_002,7/24/2026 13:39,Warning,Critical,Warning,Warning
W_002,7/24/2026 13:39,Warning,Critical,Warning,Warning
W_002,7/24/2026 13:39,Warning,Critical,Warning,Warning
W_002,7/24/2026 13:39,Warning,Critical,Warning,Warning
W_002,7/24/2026 13:39,Warning,Critical,Warning,Warning
W_002,7/24/2026 13:39,Warning,Critical,Warning,Warning
W_002,7/24/2026 13:39,Warning,Critical,Warning,Warning
W_002,7/24/2026 13:39,Warning,Critical,Warning,Warning
W_002,7/24/2026 13:40,Warning,Critical,Warning,Warning
W_002,7/24/2026 13:40,Warning,Critical,Warning,Warning
W_002,7/24/2026 13:40,Warning,Critical,Warning,Warning
W_002,7/24/2026 13:40,Warning,Critical,Warning,Warning
W_002,7/24/2026 13:40,Warning,Critical,Warning,Warning
W_002,7/24/2026 13:40,Warning,Critical,Warning,Warning
W_002,7/24/2026 13:40,Warning,Critical,Warning,Warning
W_002,7/24/2026 13:40,Warning,Critical,Warning,Warning
W_002,7/24/2026 13:40,Warning,Critical,Warning,Warning
W_002,7/24/2026 13:40,Warning,Critical,Warning,Warning
W_002,7/24/2026 13:40,Warning,Critical,Warning,Warning
W_002,7/24/2026 13:40,Warning,Critical,Warning,Warning
W_002,7/24/2026 13:40,Warning,Critical,Warning,Warning
W_002,7/24/2026 13:40,Warning,Critical,Warning,Warning
W_002,7/24/2026 13:40,Warning,Critical,Warning,Warning
W_002,7/24/2026 13:40,Warning,Critical,Warning,Warning
W_002,7/24/2026 13:40,Warning,Critical,Warning,Warning
W_002,7/24/2026 13:40,Warning,Critical,Warning,Warning
W_002,7/24/2026 13:40,Warning,Critical,Warning,Warning
W_002,7/24/2026 13:40,Warning,Critical,Warning,Warning
W_002,7/24/2026 13:40,Warning,Critical,Warning,Warning
W_002,7/24/2026 13:40,Warning,Critical,Warning,Warning
W_002,7/24/2026 13:40,Warning,Critical,Warning,Warning
W_002,7/24/2026 13:40,Warning,Critical,Warning,Warning
W_002,7/24/2026 13:40,Warning,Critical,Warning,Warning
W_002,7/24/2026 13:40,Warning,Critical,Warning,Warning
W_002,7/24/2026 13:40,Warning,Critical,Warning,Warning
W_002,7/24/2026 13:40,Warning,Critical,Warning,Warning
W_002,7/24/2026 13:40,Warning,Critical,Warning,Warning
W_002,7/24/2026 13:40,Warning,Critical,Warning,Warning
W_002,7/24/2026 13:40,Warning,Critical,Warning,Warning
W_002,7/24/2026 13:40,Warning,Critical,Warning,Warning
W_002,7/24/2026 13:40,Warning,Critical,Warning,Warning
W_002,7/24/2026 13:40,Warning,Critical,Warning,Warning
W_002,7/24/2026 13:40,Warning,Critical,Warning,Warning
W_002,7/24/2026 13:40,Warning,Critical,Warning,Warning
W_002,7/24/2026 13:40,Warning,Critical,Warning,Warning
W_002,7/24/2026 13:40,Warning,Critical,Warning,Warning
W_002,7/24/2026 13:40,Warning,Critical,Warning,Warning
W_002,7/24/2026 13:40,Warning,Critical,Warning,Warning
W_002,7/24/2026 13:40,Warning,Critical,Warning,Warning
W_002,7/24/2026 13:40,Warning,Critical,Warning,Warning
W_002,7/24/2026 13:40,Warning,Critical,Warning,Warning
W_002,7/24/2026 13:40,Warning,Critical,Warning,Warning
W_002,7/24/2026 13:40,Warning,Critical,Warning,Warning
W_002,7/24/2026 13:40,Warning,Critical,Warning,Warning
W_002,7/24/2026 13:40,Warning,Critical,Warning,Warning
W_002,7/24/2026 13:40,Warning,Critical,Warning,Warning
W_002,7/24/2026 13:40,Warning,Critical,Warning,Warning
W_002,7/24/2026 13:40,Warning,Critical,Warning,Warning
W_002,7/24/2026 13:40,Warning,Critical,Warning,Warning
W_002,7/24/2026 13:40,Warning,Critical,Warning,Warning
W_002,7/24/2026 13:40,Warning,Critical,Warning,Warning
W_002,7/24/2026 13:40,Warning,Critical,Warning,Warning
W_002,7/24/2026 13:40,Warning,Critical,Warning,Warning
W_002,7/24/2026 13:40,Warning,Critical,Warning,Warning
W_002,7/24/2026 13:40,Warning,Critical,Warning,Warning
W_002,7/24/2026 13:40,Warning,Critical,Warning,Warning
W_002,7/24/2026 13:40,Warning,Critical,Warning,Warning
W_002,7/24/2026 13:40,Warning,Critical,Warning,Warning
W_002,7/24/2026 13:41,Warning,Critical,Warning,Warning
W_002,7/24/2026 13:41,Warning,Critical,Warning,Warning
W_002,7/24/2026 13:41,Warning,Critical,Warning,Warning
W_002,7/24/2026 13:41,Warning,Critical,Warning,Warning
W_002,7/24/2026 13:41,Warning,Critical,Warning,Warning
W_002,7/24/2026 13:41,Warning,Critical,Warning,Warning
W_002,7/24/2026 13:41,Warning,Critical,Warning,Warning
W_002,7/24/2026 13:41,Warning,Critical,Warning,Warning
W_002,7/24/2026 13:41,Warning,Critical,Warning,Warning
W_002,7/24/2026 13:41,Warning,Critical,Warning,Warning
W_002,7/24/2026 13:41,Warning,Critical,Warning,Warning
W_002,7/24/2026 13:41,Warning,Critical,Warning,Warning
W_002,7/24/2026 13:41,Warning,Critical,Warning,Warning
W_002,7/24/2026 13:41,Warning,Critical,Warning,Warning
W_002,7/24/2026 13:41,Warning,Critical,Warning,Warning
W_002,7/24/2026 13:41,Warning,Critical,Warning,Warning
W_002,7/24/2026 13:41,Warning,Critical,Warning,Warning
W_002,7/24/2026 13:41,Warning,Critical,Warning,Warning
W_002,7/24/2026 13:41,Warning,Critical,Warning,Warning
W_002,7/24/2026 13:41,Warning,Critical,Warning,Warning
W_002,7/24/2026 13:41,Warning,Critical,Warning,Warning
W_002,7/24/2026 13:41,Warning,Critical,Warning,Warning
W_002,7/24/2026 13:41,Warning,Critical,Warning,Warning
W_002,7/24/2026 13:41,Warning,Critical,Warning,Warning
W_002,7/24/2026 13:41,Warning,Critical,Warning,Warning
W_002,7/24/2026 13:41,Warning,Critical,Warning,Warning
W_002,7/24/2026 13:41,Warning,Critical,Warning,Warning
W_002,7/24/2026 13:41,Warning,Critical,Warning,Warning
W_002,7/24/2026 13:41,Warning,Critical,Warning,Warning
W_002,7/24/2026 13:41,Warning,Critical,Warning,Warning
W_002,7/24/2026 13:41,Warning,Critical,Warning,Warning
W_002,7/24/2026 13:41,Warning,Critical,Warning,Warning
W_002,7/24/2026 13:41,Warning,Critical,Warning,Warning
W_002,7/24/2026 13:41,Warning,Critical,Warning,Warning
W_002,7/24/2026 13:41,Warning,Critical,Warning,Warning
W_002,7/24/2026 13:41,Warning,Critical,Warning,Warning
W_002,7/24/2026 13:41,Warning,Critical,Warning,Warning
W_002,7/24/2026 13:41,Warning,Critical,Warning,Warning
W_002,7/24/2026 13:41,Warning,Critical,Warning,Warning
W_002,7/24/2026 13:41,Warning,Critical,Warning,Warning
W_002,7/24/2026 13:41,Warning,Critical,Warning,Warning
W_002,7/24/2026 13:41,Warning,Critical,Warning,Warning
W_002,7/24/2026 13:41,Warning,Critical,Warning,Warning
W_002,7/24/2026 13:41,Warning,Critical,Warning,Warning
W_002,7/24/2026 13:41,Warning,Critical,Warning,Warning
W_002,7/24/2026 13:41,Warning,Critical,Warning,Warning
W_002,7/24/2026 13:41,Warning,Critical,Warning,Warning
W_002,7/24/2026 13:41,Warning,Critical,Warning,Warning
W_002,7/24/2026 13:41,Warning,Critical,Warning,Warning
W_002,7/24/2026 13:41,Warning,Critical,Warning,Warning
W_002,7/24/2026 13:41,Warning,Critical,Warning,Warning
W_002,7/24/2026 13:41,Warning,Critical,Warning,Warning
W_002,7/24/2026 13:41,Warning,Critical,Warning,Warning
W_002,7/24/2026 13:41,Warning,Critical,Warning,Warning
W_002,7/24/2026 13:41,Warning,Critical,Warning,Warning
W_002,7/24/2026 13:41,Warning,Critical,Warning,Warning
W_002,7/24/2026 13:41,Warning,Critical,Warning,Warning
W_002,7/24/2026 13:41,Warning,Critical,Warning,Warning
W_002,7/24/2026 13:41,Warning,Critical,Warning,Warning
W_002,7/24/2026 13:41,Warning,Critical,Warning,Warning
W_002,7/24/2026 13:42,Warning,Critical,Warning,Warning
W_002,7/24/2026 13:42,Warning,Critical,Warning,Warning
W_002,7/24/2026 13:42,Warning,Critical,Warning,Warning
W_002,7/24/2026 13:42,Warning,Critical,Warning,Warning
W_002,7/24/2026 13:42,Warning,Critical,Warning,Warning
W_002,7/24/2026 13:42,Warning,Critical,Warning,Warning
W_002,7/24/2026 13:42,Warning,Critical,Warning,Warning
W_002,7/24/2026 13:42,Warning,Critical,Warning,Warning
W_002,7/24/2026 13:42,Warning,Critical,Warning,Warning
W_002,7/24/2026 13:42,Warning,Critical,Warning,Warning
W_002,7/24/2026 13:42,Warning,Critical,Warning,Warning
W_002,7/24/2026 13:42,Warning,Critical,Warning,Warning
W_002,7/24/2026 13:42,Warning,Critical,Warning,Warning
W_002,7/24/2026 13:42,Warning,Critical,Warning,Warning
W_002,7/24/2026 13:42,Warning,Critical,Warning,Warning
W_002,7/24/2026 13:42,Warning,Critical,Warning,Warning
W_002,7/24/2026 13:42,Warning,Critical,Warning,Warning
W_002,7/24/2026 13:42,Warning,Critical,Warning,Warning
W_002,7/24/2026 13:42,Warning,Critical,Warning,Warning
W_002,7/24/2026 13:42,Warning,Critical,Warning,Warning
W_002,7/24/2026 13:42,Warning,Critical,Warning,Warning
W_002,7/24/2026 13:42,Warning,Critical,Warning,Warning
W_002,7/24/2026 13:42,Warning,Critical,Warning,Warning
W_002,7/24/2026 13:42,Warning,Critical,Warning,Warning
W_002,7/24/2026 13:42,Warning,Critical,Warning,Warning
W_002,7/24/2026 13:42,Warning,Critical,Warning,Warning
W_002,7/24/2026 13:42,Warning,Critical,Warning,Warning
W_002,7/24/2026 13:42,Warning,Critical,Warning,Warning
W_002,7/24/2026 13:42,Warning,Critical,Warning,Warning
W_002,7/24/2026 13:42,Warning,Critical,Warning,Warning
W_002,7/24/2026 13:42,Warning,Critical,Warning,Warning
W_002,7/24/2026 13:42,Warning,Critical,Warning,Warning
W_002,7/24/2026 13:42,Warning,Critical,Warning,Warning
W_002,7/24/2026 13:42,Warning,Critical,Warning,Warning
W_002,7/24/2026 13:42,Warning,Critical,Warning,Warning
W_002,7/24/2026 13:42,Warning,Critical,Warning,Warning
W_002,7/24/2026 13:42,Warning,Critical,Warning,Warning
W_002,7/24/2026 13:42,Warning,Critical,Warning,Warning
W_002,7/24/2026 13:42,Warning,Critical,Warning,Warning
W_002,7/24/2026 13:42,Warning,Critical,Warning,Warning
W_002,7/24/2026 13:42,Warning,Critical,Warning,Warning
W_002,7/24/2026 13:42,Warning,Critical,Warning,Warning
W_002,7/24/2026 13:42,Warning,Critical,Warning,Warning
W_002,7/24/2026 13:42,Warning,Critical,Warning,Warning
W_002,7/24/2026 13:42,Warning,Critical,Warning,Warning
W_002,7/24/2026 13:42,Warning,Critical,Warning,Warning
W_002,7/24/2026 13:42,Warning,Critical,Warning,Warning
W_002,7/24/2026 13:42,Warning,Critical,Warning,Warning
W_002,7/24/2026 13:42,Warning,Critical,Warning,Warning
W_002,7/24/2026 13:42,Warning,Critical,Warning,Warning
W_002,7/24/2026 13:42,Warning,Critical,Warning,Warning
W_002,7/24/2026 13:42,Warning,Critical,Warning,Warning
W_002,7/24/2026 13:42,Warning,Critical,Warning,Warning
W_002,7/24/2026 13:42,Warning,Critical,Warning,Warning
W_002,7/24/2026 13:42,Warning,Critical,Warning,Warning
W_002,7/24/2026 13:42,Warning,Critical,Warning,Warning
W_002,7/24/2026 13:42,Warning,Critical,Warning,Warning
W_002,7/24/2026 13:42,Warning,Critical,Warning,Warning
W_002,7/24/2026 13:42,Warning,Critical,Warning,Warning
W_002,7/24/2026 13:42,Warning,Critical,Warning,Warning
W_002,7/24/2026 13:43,Warning,Critical,Warning,Warning
W_002,7/24/2026 13:43,Warning,Critical,Warning,Warning
W_002,7/24/2026 13:43,Warning,Critical,Warning,Warning
W_002,7/24/2026 13:43,Warning,Critical,Warning,Warning
W_002,7/24/2026 13:43,Warning,Critical,Warning,Warning
W_002,7/24/2026 13:43,Warning,Critical,Warning,Warning
W_002,7/24/2026 13:43,Warning,Critical,Warning,Warning
W_002,7/24/2026 13:43,Warning,Critical,Warning,Warning
W_002,7/24/2026 13:43,Warning,Critical,Warning,Warning
W_002,7/24/2026 13:43,Warning,Critical,Critical,Warning
W_002,7/24/2026 13:43,Warning,Critical,Critical,Warning
W_002,7/24/2026 13:43,Warning,Critical,Warning,Warning
W_002,7/24/2026 13:43,Warning,Critical,Warning,Warning
W_002,7/24/2026 13:43,Warning,Critical,Warning,Warning
W_002,7/24/2026 13:43,Warning,Critical,Warning,Warning
W_002,7/24/2026 13:43,Warning,Critical,Warning,Warning
W_002,7/24/2026 13:43,Warning,Critical,Warning,Warning
W_002,7/24/2026 13:43,Warning,Critical,Warning,Warning
W_002,7/24/2026 13:43,Warning,Critical,Warning,Warning
W_002,7/24/2026 13:43,Warning,Critical,Warning,Warning
W_002,7/24/2026 13:43,Warning,Critical,Warning,Warning
W_002,7/24/2026 13:43,Warning,Critical,Warning,Warning
W_002,7/24/2026 13:43,Warning,Critical,Warning,Warning
W_002,7/24/2026 13:43,Warning,Critical,Warning,Warning
W_002,7/24/2026 13:43,Warning,Critical,Warning,Warning
W_002,7/24/2026 13:43,Warning,Critical,Warning,Warning
W_002,7/24/2026 13:43,Warning,Critical,Warning,Warning
W_002,7/24/2026 13:43,Warning,Critical,Warning,Warning
W_002,7/24/2026 13:43,Warning,Critical,Warning,Warning
W_002,7/24/2026 13:43,Warning,Critical,Warning,Warning
W_002,7/24/2026 13:43,Warning,Critical,Warning,Warning
W_002,7/24/2026 13:43,Warning,Critical,Warning,Warning
W_002,7/24/2026 13:43,Warning,Critical,Warning,Warning
W_002,7/24/2026 13:43,Warning,Critical,Warning,Warning
W_002,7/24/2026 13:43,Warning,Critical,Warning,Warning
W_002,7/24/2026 13:43,Warning,Critical,Warning,Warning
W_002,7/24/2026 13:43,Warning,Critical,Warning,Warning
W_002,7/24/2026 13:43,Warning,Critical,Warning,Warning
W_002,7/24/2026 13:43,Warning,Critical,Warning,Warning
W_002,7/24/2026 13:43,Warning,Critical,Warning,Warning
W_002,7/24/2026 13:43,Warning,Critical,Warning,Warning
W_002,7/24/2026 13:43,Warning,Critical,Warning,Warning
W_002,7/24/2026 13:43,Warning,Critical,Warning,Warning
W_002,7/24/2026 13:43,Warning,Critical,Warning,Warning
W_002,7/24/2026 13:43,Warning,Critical,Warning,Warning
W_002,7/24/2026 13:43,Warning,Critical,Warning,Warning
W_002,7/24/2026 13:43,Warning,Critical,Warning,Warning
W_002,7/24/2026 13:43,Warning,Critical,Warning,Warning
W_002,7/24/2026 13:43,Warning,Critical,Warning,Warning
W_002,7/24/2026 13:43,Warning,Critical,Warning,Warning
W_002,7/24/2026 13:43,Warning,Critical,Warning,Warning
W_002,7/24/2026 13:43,Warning,Critical,Warning,Warning
W_002,7/24/2026 13:43,Warning,Critical,Warning,Warning
W_002,7/24/2026 13:43,Warning,Critical,Warning,Warning
W_002,7/24/2026 13:43,Warning,Critical,Warning,Warning
W_002,7/24/2026 13:43,Warning,Critical,Warning,Warning
W_002,7/24/2026 13:43,Warning,Critical,Warning,Warning
W_002,7/24/2026 13:43,Warning,Critical,Warning,Warning
W_002,7/24/2026 13:43,Warning,Critical,Warning,Warning
W_002,7/24/2026 13:43,Warning,Critical,Warning,Warning
W_002,7/24/2026 13:44,Warning,Critical,Warning,Warning
W_002,7/24/2026 13:44,Warning,Critical,Warning,Warning
W_002,7/24/2026 13:44,Warning,Critical,Warning,Warning
W_002,7/24/2026 13:44,Warning,Critical,Warning,Warning
W_002,7/24/2026 13:44,Warning,Critical,Warning,Warning
W_002,7/24/2026 13:44,Warning,Critical,Warning,Warning
W_002,7/24/2026 13:44,Warning,Critical,Warning,Warning
W_002,7/24/2026 13:44,Warning,Critical,Warning,Warning
W_002,7/24/2026 13:44,Warning,Critical,Warning,Warning
W_002,7/24/2026 13:44,Warning,Critical,Warning,Warning
W_002,7/24/2026 13:44,Warning,Critical,Warning,Warning
W_002,7/24/2026 13:44,Warning,Critical,Warning,Warning
W_002,7/24/2026 13:44,Warning,Critical,Warning,Warning
W_002,7/24/2026 13:44,Warning,Critical,Warning,Warning
W_002,7/24/2026 13:44,Warning,Critical,Warning,Warning
W_002,7/24/2026 13:44,Warning,Critical,Warning,Warning
W_002,7/24/2026 13:44,Warning,Critical,Warning,Warning
W_002,7/24/2026 13:44,Warning,Critical,Warning,Warning
W_002,7/24/2026 13:44,Warning,Critical,Warning,Warning
W_002,7/24/2026 13:44,Warning,Critical,Warning,Warning
W_002,7/24/2026 13:44,Warning,Critical,Warning,Warning
W_002,7/24/2026 13:44,Warning,Critical,Warning,Warning
W_002,7/24/2026 13:44,Warning,Critical,Warning,Warning
W_002,7/24/2026 13:44,Warning,Critical,Warning,Warning
W_002,7/24/2026 13:44,Warning,Critical,Warning,Warning
W_002,7/24/2026 13:44,Warning,Critical,Warning,Warning
W_002,7/24/2026 13:44,Warning,Critical,Warning,Warning
W_002,7/24/2026 13:44,Warning,Critical,Warning,Warning
W_002,7/24/2026 13:44,Warning,Critical,Warning,Warning
W_002,7/24/2026 13:44,Warning,Critical,Warning,Warning
W_002,7/24/2026 13:44,Warning,Critical,Warning,Warning
W_002,7/24/2026 13:44,Warning,Critical,Warning,Warning
W_002,7/24/2026 13:44,Warning,Critical,Warning,Warning
W_002,7/24/2026 13:44,Warning,Critical,Warning,Warning
W_002,7/24/2026 13:44,Warning,Critical,Warning,Warning
W_002,7/24/2026 13:44,Warning,Critical,Warning,Warning
W_002,7/24/2026 13:44,Warning,Critical,Warning,Warning
W_002,7/24/2026 13:44,Warning,Critical,Warning,Warning
W_002,7/24/2026 13:44,Warning,Critical,Warning,Warning
W_002,7/24/2026 13:44,Warning,Critical,Warning,Warning
W_002,7/24/2026 13:44,Warning,Critical,Warning,Warning
W_002,7/24/2026 13:44,Warning,Critical,Warning,Warning
W_002,7/24/2026 13:44,Warning,Critical,Warning,Warning
W_002,7/24/2026 13:44,Warning,Critical,Warning,Warning
W_002,7/24/2026 13:44,Warning,Critical,Warning,Warning
W_002,7/24/2026 13:44,Warning,Critical,Warning,Warning
W_002,7/24/2026 13:44,Warning,Critical,Warning,Warning
W_002,7/24/2026 13:44,Warning,Critical,Warning,Warning
W_002,7/24/2026 13:44,Warning,Critical,Warning,Warning
W_002,7/24/2026 13:44,Warning,Critical,Warning,Warning
W_002,7/24/2026 13:44,Warning,Critical,Warning,Warning
W_002,7/24/2026 13:44,Warning,Critical,Warning,Warning
W_002,7/24/2026 13:44,Warning,Critical,Warning,Warning
W_002,7/24/2026 13:44,Warning,Critical,Warning,Warning
W_002,7/24/2026 13:44,Warning,Critical,Warning,Warning
W_002,7/24/2026 13:45,Warning,Warning,Warning,Warning
W_002,7/24/2026 13:45,Warning,Warning,Warning,Warning
W_002,7/24/2026 13:45,Warning,Warning,Warning,Warning
W_002,7/24/2026 13:45,Warning,Warning,Warning,Warning
W_002,7/24/2026 13:45,Warning,Warning,Warning,Warning
W_002,7/24/2026 13:45,Warning,Warning,Warning,Warning
W_002,7/24/2026 13:45,Warning,Warning,Warning,Warning
W_002,7/24/2026 13:45,Warning,Warning,Warning,Warning
W_002,7/24/2026 13:45,Warning,Warning,Warning,Warning
W_002,7/24/2026 13:45,Warning,Warning,Warning,Warning
W_002,7/24/2026 13:45,Warning,Warning,Warning,Warning
W_002,7/24/2026 13:45,Warning,Warning,Warning,Warning
W_002,7/24/2026 13:45,Warning,Warning,Warning,Warning
W_002,7/24/2026 13:45,Warning,Warning,Warning,Warning
W_002,7/24/2026 13:45,Warning,Warning,Warning,Warning
W_002,7/24/2026 13:45,Warning,Warning,Warning,Warning
W_002,7/24/2026 13:45,Warning,Warning,Warning,Warning
W_002,7/24/2026 13:45,Warning,Warning,Warning,Warning
W_002,7/24/2026 13:45,Warning,Warning,Warning,Warning
W_002,7/24/2026 13:45,Warning,Warning,Warning,Warning
W_002,7/24/2026 13:45,Warning,Warning,Warning,Warning
W_002,7/24/2026 13:45,Warning,Warning,Warning,Warning
W_002,7/24/2026 13:45,Warning,Warning,Warning,Warning
W_002,7/24/2026 13:45,Warning,Warning,Warning,Warning
W_002,7/24/2026 13:45,Warning,Warning,Warning,Warning
W_002,7/24/2026 13:45,Warning,Warning,Warning,Warning
W_002,7/24/2026 13:45,Warning,Warning,Warning,Warning
W_002,7/24/2026 13:45,Warning,Warning,Warning,Warning
W_002,7/24/2026 13:45,Warning,Warning,Warning,Warning
W_002,7/24/2026 13:45,Warning,Warning,Warning,Warning
W_002,7/24/2026 13:45,Warning,Warning,Warning,Warning
W_002,7/24/2026 13:45,Warning,Warning,Warning,Warning
W_002,7/24/2026 13:45,Warning,Warning,Warning,Warning
W_002,7/24/2026 13:45,Warning,Warning,Warning,Warning
W_002,7/24/2026 13:46,Warning,Warning,Warning,Warning
W_002,7/24/2026 13:46,Warning,Critical,Warning,Warning
W_002,7/24/2026 13:46,Warning,Critical,Warning,Warning
W_002,7/24/2026 13:46,Warning,Warning,Warning,Warning
W_002,7/24/2026 13:46,Warning,Critical,Critical,Warning
W_002,7/24/2026 13:46,Warning,Warning,Warning,Warning
W_002,7/24/2026 13:46,Warning,Critical,Warning,Warning
W_002,7/24/2026 13:46,Warning,Critical,Warning,Warning
W_002,7/24/2026 13:46,Warning,Critical,Warning,Warning
W_002,7/24/2026 13:46,Warning,Warning,Warning,Warning
W_002,7/24/2026 13:46,Warning,Warning,Warning,Warning
W_002,7/24/2026 13:46,Warning,Warning,Warning,Warning
W_002,7/24/2026 13:46,Warning,Warning,Warning,Warning
W_002,7/24/2026 13:46,Warning,Critical,Warning,Warning
W_002,7/24/2026 13:46,Warning,Critical,Warning,Warning
W_002,7/24/2026 13:46,Warning,Critical,Warning,Warning
W_002,7/24/2026 13:46,Warning,Critical,Warning,Warning
W_002,7/24/2026 13:46,Warning,Critical,Warning,Warning
W_002,7/24/2026 13:46,Warning,Critical,Warning,Warning
W_002,7/24/2026 13:46,Warning,Critical,Warning,Warning
W_002,7/24/2026 13:46,Warning,Warning,Warning,Warning
W_002,7/24/2026 13:46,Warning,Critical,Warning,Warning
W_002,7/24/2026 13:46,Warning,Warning,Warning,Warning
W_002,7/24/2026 13:46,Warning,Critical,Warning,Warning
W_002,7/24/2026 13:46,Warning,Critical,Warning,Warning
W_002,7/24/2026 13:46,Warning,Critical,Warning,Warning
W_002,7/24/2026 13:46,Warning,Critical,Warning,Warning
W_002,7/24/2026 13:46,Warning,Critical,Warning,Warning
W_002,7/24/2026 13:46,Warning,Critical,Warning,Warning
W_002,7/24/2026 13:46,Warning,Critical,Warning,Warning
W_002,7/24/2026 13:46,Warning,Critical,Warning,Warning
W_002,7/24/2026 13:46,Warning,Critical,Warning,Warning
W_002,7/24/2026 13:46,Warning,Critical,Warning,Warning
W_002,7/24/2026 13:46,Warning,Critical,Warning,Warning
W_002,7/24/2026 13:46,Warning,Critical,Warning,Warning
W_002,7/24/2026 13:46,Warning,Critical,Warning,Warning
W_002,7/24/2026 13:46,Warning,Warning,Warning,Warning
W_002,7/24/2026 13:46,Warning,Critical,Warning,Warning
W_002,7/24/2026 13:46,Warning,Critical,Warning,Warning
W_002,7/24/2026 13:46,Warning,Critical,Warning,Warning
W_002,7/24/2026 13:46,Warning,Critical,Warning,Warning
W_002,7/24/2026 13:46,Warning,Critical,Warning,Warning
W_002,7/24/2026 13:46,Warning,Critical,Warning,Warning
W_002,7/24/2026 13:46,Warning,Critical,Warning,Warning
W_002,7/24/2026 13:46,Warning,Warning,Warning,Warning
W_002,7/24/2026 13:46,Warning,Critical,Warning,Warning
W_002,7/24/2026 13:46,Warning,Critical,Warning,Warning
W_002,7/24/2026 13:46,Warning,Critical,Warning,Warning
W_002,7/24/2026 13:46,Warning,Critical,Warning,Warning
W_002,7/24/2026 13:46,Warning,Critical,Warning,Warning
W_002,7/24/2026 13:46,Warning,Critical,Warning,Warning
W_002,7/24/2026 13:46,Warning,Critical,Warning,Warning
W_002,7/24/2026 13:46,Warning,Critical,Warning,Warning
W_002,7/24/2026 13:46,Warning,Critical,Warning,Warning
W_002,7/24/2026 13:46,Warning,Critical,Warning,Warning
W_002,7/24/2026 13:46,Warning,Critical,Warning,Warning
W_002,7/24/2026 13:46,Warning,Critical,Warning,Warning
W_002,7/24/2026 13:46,Warning,Critical,Warning,Warning
W_002,7/24/2026 13:46,Warning,Critical,Warning,Warning
W_002,7/24/2026 13:46,Warning,Critical,Warning,Warning
W_002,7/24/2026 13:47,Warning,Critical,Warning,Warning
W_002,7/24/2026 13:47,Warning,Critical,Warning,Warning
W_002,7/24/2026 13:47,Warning,Critical,Warning,Warning
W_002,7/24/2026 13:47,Warning,Critical,Warning,Warning
W_002,7/24/2026 13:47,Warning,Critical,Warning,Warning
W_002,7/24/2026 13:47,Warning,Critical,Warning,Warning
W_002,7/24/2026 13:47,Warning,Critical,Warning,Warning
W_002,7/24/2026 13:47,Warning,Critical,Warning,Warning
W_002,7/24/2026 13:47,Warning,Critical,Warning,Warning
W_002,7/24/2026 13:47,Warning,Critical,Warning,Warning
W_002,7/24/2026 13:47,Warning,Critical,Warning,Warning
W_002,7/24/2026 13:47,Warning,Critical,Warning,Warning
W_002,7/24/2026 13:47,Warning,Critical,Warning,Warning
W_002,7/24/2026 13:47,Warning,Critical,Warning,Warning
W_002,7/24/2026 13:47,Warning,Critical,Warning,Warning
W_002,7/24/2026 13:47,Warning,Critical,Warning,Warning
W_002,7/24/2026 13:47,Warning,Critical,Warning,Warning
W_002,7/24/2026 13:47,Warning,Critical,Warning,Warning
W_002,7/24/2026 13:47,Warning,Critical,Warning,Warning
W_002,7/24/2026 13:47,Warning,Critical,Warning,Warning
W_002,7/24/2026 13:47,Warning,Critical,Warning,Warning
W_002,7/24/2026 13:47,Warning,Critical,Warning,Warning
W_002,7/24/2026 13:47,Warning,Critical,Warning,Warning
W_002,7/24/2026 13:47,Warning,Critical,Warning,Warning
W_002,7/24/2026 13:47,Warning,Critical,Warning,Warning
W_002,7/24/2026 13:47,Warning,Critical,Warning,Warning
W_002,7/24/2026 13:48,Warning,Critical,Warning,Warning
W_002,7/24/2026 13:48,Warning,Critical,Warning,Warning
W_002,7/24/2026 13:48,Warning,Critical,Warning,Warning
W_002,7/24/2026 13:48,Warning,Critical,Warning,Warning
W_002,7/24/2026 13:48,Warning,Critical,Warning,Warning
W_002,7/24/2026 13:48,Warning,Critical,Warning,Warning
W_002,7/24/2026 13:48,Warning,Critical,Warning,Warning
W_002,7/24/2026 13:48,Warning,Critical,Warning,Warning
W_002,7/24/2026 13:48,Warning,Critical,Warning,Warning
W_002,7/24/2026 13:48,Warning,Critical,Warning,Warning
W_002,7/24/2026 13:48,Warning,Critical,Warning,Warning
W_002,7/24/2026 13:48,Warning,Critical,Warning,Warning
W_002,7/24/2026 13:48,Warning,Critical,Warning,Warning
W_002,7/24/2026 13:48,Warning,Critical,Warning,Warning
W_002,7/24/2026 13:48,Warning,Critical,Warning,Warning
W_002,7/24/2026 13:48,Warning,Critical,Warning,Warning
W_002,7/24/2026 13:48,Warning,Critical,Warning,Warning
W_002,7/24/2026 13:48,Warning,Critical,Warning,Warning
W_002,7/24/2026 13:48,Warning,Critical,Warning,Warning
W_002,7/24/2026 13:48,Warning,Critical,Warning,Warning
W_002,7/24/2026 13:48,Warning,Critical,Warning,Warning
W_002,7/24/2026 13:48,Warning,Critical,Warning,Warning
W_002,7/24/2026 13:48,Warning,Critical,Warning,Warning
W_002,7/24/2026 13:48,Warning,Critical,Warning,Warning
W_002,7/24/2026 13:48,Warning,Critical,Warning,Warning
W_002,7/24/2026 13:48,Warning,Critical,Warning,Warning
W_002,7/24/2026 13:48,Warning,Critical,Warning,Warning
W_002,7/24/2026 13:48,Warning,Critical,Warning,Warning
W_002,7/24/2026 13:48,Warning,Critical,Warning,Warning
W_002,7/24/2026 13:48,Warning,Critical,Warning,Warning
W_002,7/24/2026 13:48,Warning,Critical,Warning,Warning
W_002,7/24/2026 13:48,Warning,Critical,Warning,Warning
W_002,7/24/2026 13:48,Warning,Critical,Warning,Warning
W_002,7/24/2026 13:48,Warning,Critical,Warning,Warning
W_002,7/24/2026 13:48,Warning,Critical,Warning,Warning
W_002,7/24/2026 13:48,Warning,Critical,Warning,Warning
W_002,7/24/2026 13:48,Warning,Critical,Warning,Warning
W_002,7/24/2026 13:48,Warning,Critical,Warning,Warning
W_002,7/24/2026 13:48,Warning,Critical,Warning,Warning
W_002,7/24/2026 13:48,Warning,Critical,Warning,Warning
W_002,7/24/2026 13:48,Warning,Critical,Warning,Warning
W_002,7/24/2026 13:48,Warning,Critical,Warning,Warning
W_002,7/24/2026 13:48,Warning,Critical,Warning,Warning
W_002,7/24/2026 13:48,Warning,Critical,Warning,Warning
W_002,7/24/2026 13:48,Warning,Critical,Warning,Warning
W_002,7/24/2026 13:48,Warning,Critical,Warning,Warning
W_002,7/24/2026 13:48,Warning,Critical,Warning,Warning
W_002,7/24/2026 13:48,Warning,Critical,Warning,Warning
W_002,7/24/2026 13:48,Warning,Critical,Warning,Warning
W_002,7/24/2026 13:48,Warning,Critical,Warning,Warning
W_002,7/24/2026 13:48,Warning,Critical,Warning,Warning
W_002,7/24/2026 13:48,Warning,Critical,Warning,Warning
W_002,7/24/2026 13:48,Warning,Critical,Warning,Warning
W_002,7/24/2026 13:48,Warning,Critical,Warning,Warning
W_002,7/24/2026 13:48,Warning,Critical,Warning,Warning
W_002,7/24/2026 13:48,Warning,Critical,Warning,Warning
W_002,7/24/2026 13:48,Warning,Critical,Warning,Warning
W_002,7/24/2026 13:48,Warning,Critical,Warning,Warning
W_002,7/24/2026 13:48,Warning,Critical,Warning,Warning
W_002,7/24/2026 13:48,Warning,Critical,Warning,Warning
W_002,7/24/2026 13:49,Warning,Critical,Warning,Warning
W_002,7/24/2026 13:49,Warning,Critical,Warning,Warning
W_002,7/24/2026 13:49,Warning,Critical,Warning,Warning
W_002,7/24/2026 13:49,Warning,Critical,Warning,Warning
W_002,7/24/2026 13:49,Warning,Critical,Warning,Warning
W_002,7/24/2026 13:49,Warning,Critical,Warning,Warning
W_002,7/24/2026 13:49,Warning,Critical,Warning,Warning
W_002,7/24/2026 13:49,Warning,Critical,Warning,Warning
W_002,7/24/2026 13:49,Warning,Critical,Warning,Warning
W_002,7/24/2026 13:49,Warning,Critical,Warning,Warning
W_002,7/24/2026 13:49,Warning,Critical,Warning,Warning
W_002,7/24/2026 13:49,Warning,Critical,Warning,Warning
W_002,7/24/2026 13:49,Warning,Critical,Warning,Warning
W_002,7/24/2026 13:49,Warning,Critical,Warning,Warning
W_002,7/24/2026 13:49,Warning,Critical,Warning,Warning
W_002,7/24/2026 13:49,Warning,Warning,Warning,Warning
W_002,7/24/2026 13:49,Warning,Warning,Warning,Warning
W_002,7/24/2026 13:49,Warning,Warning,Warning,Warning
W_002,7/24/2026 13:49,Warning,Warning,Warning,Warning
W_002,7/24/2026 13:49,Warning,Warning,Warning,Warning
W_002,7/24/2026 13:49,Warning,Warning,Warning,Warning
W_002,7/24/2026 13:49,Warning,Warning,Warning,Warning
W_002,7/24/2026 13:49,Warning,Warning,Warning,Warning
W_002,7/24/2026 13:49,Warning,Warning,Warning,Warning
W_002,7/24/2026 13:49,Warning,Warning,Warning,Warning
W_002,7/24/2026 13:49,Warning,Warning,Warning,Warning
W_002,7/24/2026 13:49,Warning,Warning,Warning,Warning
W_002,7/24/2026 13:49,Warning,Warning,Warning,Warning
W_002,7/24/2026 13:49,Warning,Warning,Warning,Warning
W_002,7/24/2026 13:49,Warning,Warning,Warning,Warning
W_002,7/24/2026 13:49,Warning,Warning,Warning,Warning
W_002,7/24/2026 13:49,Warning,Warning,Warning,Warning
W_002,7/24/2026 13:49,Warning,Warning,Warning,Warning
W_002,7/24/2026 13:49,Warning,Warning,Warning,Warning
W_002,7/24/2026 13:49,Warning,Warning,Warning,Warning
W_002,7/24/2026 13:49,Warning,Warning,Warning,Warning
W_002,7/24/2026 13:50,Warning,Warning,Warning,Warning
W_002,7/24/2026 13:50,Warning,Warning,Warning,Warning
W_002,7/24/2026 13:50,Warning,Warning,Warning,Warning
W_002,7/24/2026 13:50,Warning,Warning,Warning,Warning
W_002,7/24/2026 13:50,Warning,Warning,Warning,Warning
W_002,7/24/2026 13:50,Warning,Warning,Warning,Warning
W_002,7/24/2026 13:50,Warning,Warning,Warning,Warning
W_002,7/24/2026 13:50,Warning,Warning,Warning,Warning
W_002,7/24/2026 13:50,Warning,Warning,Warning,Warning
W_002,7/24/2026 13:50,Warning,Warning,Warning,Warning
W_002,7/24/2026 13:50,Warning,Warning,Warning,Warning
W_002,7/24/2026 13:50,Warning,Warning,Warning,Warning
W_002,7/24/2026 13:50,Warning,Warning,Warning,Warning
W_002,7/24/2026 13:50,Warning,Warning,Warning,Warning
W_002,7/24/2026 13:50,Warning,Warning,Warning,Warning
W_002,7/24/2026 13:50,Warning,Warning,Warning,Warning
W_002,7/24/2026 13:50,Warning,Warning,Warning,Warning
W_002,7/24/2026 13:50,Warning,Warning,Warning,Warning
W_002,7/24/2026 13:50,Warning,Warning,Warning,Warning
W_002,7/24/2026 13:50,Warning,Warning,Warning,Warning
W_002,7/24/2026 13:50,Warning,Warning,Warning,Warning
W_002,7/24/2026 13:50,Warning,Warning,Warning,Warning
W_002,7/24/2026 13:50,Warning,Warning,Warning,Warning
W_002,7/24/2026 13:50,Warning,Warning,Warning,Warning
W_002,7/24/2026 13:50,Warning,Warning,Warning,Warning
W_002,7/24/2026 13:50,Warning,Warning,Warning,Warning
W_002,7/24/2026 13:50,Warning,Warning,Warning,Warning
W_002,7/24/2026 13:50,Warning,Warning,Warning,Warning
W_002,7/24/2026 13:50,Warning,Warning,Warning,Warning
W_002,7/24/2026 13:50,Warning,Warning,Warning,Warning
W_002,7/24/2026 13:50,Warning,Warning,Warning,Warning
W_002,7/24/2026 13:50,Warning,Warning,Warning,Warning
W_002,7/24/2026 13:50,Warning,Warning,Warning,Warning
W_002,7/24/2026 13:50,Warning,Warning,Warning,Warning
W_002,7/24/2026 13:50,Warning,Warning,Warning,Warning
W_002,7/24/2026 13:50,Warning,Warning,Warning,Warning
W_002,7/24/2026 13:50,Warning,Warning,Warning,Warning
W_002,7/24/2026 13:50,Warning,Warning,Warning,Warning
W_002,7/24/2026 13:50,Warning,Warning,Warning,Warning
W_002,7/24/2026 13:50,Warning,Warning,Warning,Warning
W_002,7/24/2026 13:50,Warning,Warning,Warning,Warning
W_002,7/24/2026 13:50,Warning,Warning,Warning,Warning
W_002,7/24/2026 13:50,Warning,Warning,Warning,Warning
W_002,7/24/2026 13:50,Warning,Warning,Warning,Warning
W_002,7/24/2026 13:50,Warning,Warning,Warning,Warning
W_002,7/24/2026 13:50,Warning,Warning,Warning,Warning
W_002,7/24/2026 13:50,Warning,Warning,Warning,Warning
W_002,7/24/2026 13:50,Warning,Warning,Warning,Warning
W_002,7/24/2026 13:50,Warning,Warning,Warning,Warning
W_002,7/24/2026 13:50,Warning,Warning,Warning,Warning
W_002,7/24/2026 13:50,Warning,Warning,Warning,Warning
W_002,7/24/2026 13:50,Warning,Warning,Warning,Warning
W_002,7/24/2026 13:50,Warning,Warning,Warning,Warning
W_002,7/24/2026 13:50,Warning,Warning,Warning,Warning
W_002,7/24/2026 13:50,Warning,Warning,Warning,Warning
W_002,7/24/2026 13:50,Warning,Warning,Warning,Warning
W_002,7/24/2026 13:50,Warning,Warning,Warning,Warning
W_002,7/24/2026 13:50,Warning,Warning,Warning,Warning
W_002,7/24/2026 13:50,Warning,Warning,Warning,Warning
W_002,7/24/2026 13:50,Warning,Warning,Warning,Warning
W_002,7/24/2026 13:51,Warning,Warning,Warning,Warning
W_002,7/24/2026 13:51,Warning,Warning,Warning,Warning
W_002,7/24/2026 13:51,Warning,Warning,Warning,Warning
W_002,7/24/2026 13:51,Warning,Warning,Warning,Warning
W_002,7/24/2026 13:51,Warning,Warning,Warning,Warning
W_002,7/24/2026 13:51,Warning,Warning,Warning,Warning
W_002,7/24/2026 13:51,Warning,Warning,Warning,Warning
W_002,7/24/2026 13:51,Warning,Warning,Warning,Warning
W_002,7/24/2026 13:51,Warning,Warning,Warning,Warning
W_002,7/24/2026 13:51,Warning,Warning,Warning,Warning
W_002,7/24/2026 13:51,Warning,Warning,Warning,Warning
W_002,7/24/2026 13:51,Warning,Warning,Warning,Warning
W_002,7/24/2026 13:51,Warning,Warning,Warning,Warning
W_002,7/24/2026 13:51,Warning,Warning,Warning,Warning
W_002,7/24/2026 13:51,Warning,Warning,Warning,Warning
W_002,7/24/2026 13:51,Warning,Warning,Warning,Warning
W_002,7/24/2026 13:51,Warning,Warning,Warning,Warning
W_002,7/24/2026 13:51,Warning,Warning,Warning,Warning
W_002,7/24/2026 13:51,Warning,Warning,Warning,Warning
W_002,7/24/2026 13:51,Warning,Warning,Warning,Warning
W_002,7/24/2026 13:51,Warning,Warning,Warning,Warning
W_002,7/24/2026 13:51,Warning,Warning,Warning,Warning
W_002,7/24/2026 13:51,Warning,Warning,Warning,Warning
W_002,7/24/2026 13:51,Warning,Warning,Warning,Warning
W_002,7/24/2026 13:51,Warning,Warning,Warning,Warning
W_002,7/24/2026 13:51,Warning,Warning,Warning,Warning
W_002,7/24/2026 13:51,Warning,Warning,Warning,Warning
W_002,7/24/2026 13:51,Warning,Warning,Warning,Warning
W_002,7/24/2026 13:51,Warning,Warning,Warning,Warning
W_002,7/24/2026 13:51,Warning,Warning,Warning,Warning
W_002,7/24/2026 13:51,Warning,Warning,Warning,Warning
W_002,7/24/2026 13:51,Warning,Warning,Warning,Warning
W_002,7/24/2026 13:51,Warning,Warning,Warning,Warning
W_002,7/24/2026 13:51,Warning,Warning,Warning,Warning
W_002,7/24/2026 13:51,Warning,Warning,Warning,Warning
W_002,7/24/2026 13:51,Warning,Warning,Warning,Warning
W_002,7/24/2026 13:51,Warning,Warning,Warning,Warning
W_002,7/24/2026 13:51,Warning,Warning,Warning,Warning
W_002,7/24/2026 13:51,Warning,Warning,Warning,Warning
W_002,7/24/2026 13:51,Warning,Warning,Warning,Warning
W_002,7/24/2026 13:51,Warning,Warning,Warning,Warning
W_002,7/24/2026 13:51,Warning,Warning,Warning,Warning
W_002,7/24/2026 13:51,Warning,Warning,Warning,Warning
W_002,7/24/2026 13:51,Warning,Warning,Warning,Warning
W_002,7/24/2026 13:51,Warning,Warning,Warning,Warning
W_002,7/24/2026 13:51,Warning,Warning,Warning,Warning
W_002,7/24/2026 13:51,Warning,Warning,Warning,Warning
W_002,7/24/2026 13:51,Warning,Warning,Warning,Warning
W_002,7/24/2026 13:51,Warning,Warning,Warning,Warning
W_002,7/24/2026 13:51,Warning,Warning,Warning,Warning
W_002,7/24/2026 13:51,Warning,Warning,Warning,Warning
W_002,7/24/2026 13:51,Warning,Warning,Warning,Warning
W_002,7/24/2026 13:51,Warning,Warning,Warning,Warning
W_002,7/24/2026 13:51,Warning,Warning,Warning,Warning
W_002,7/24/2026 13:51,Warning,Warning,Warning,Warning
W_002,7/24/2026 13:51,Warning,Warning,Warning,Warning
W_002,7/24/2026 13:51,Warning,Warning,Warning,Warning
W_002,7/24/2026 13:51,Warning,Warning,Warning,Warning
W_002,7/24/2026 13:51,Warning,Warning,Warning,Warning
W_002,7/24/2026 13:51,Warning,Warning,Warning,Warning
W_002,7/24/2026 13:52,Warning,Warning,Warning,Warning
W_002,7/24/2026 13:52,Warning,Warning,Warning,Warning
W_002,7/24/2026 13:52,Warning,Warning,Warning,Warning
W_002,7/24/2026 13:52,Warning,Warning,Warning,Warning
W_002,7/24/2026 13:52,Warning,Warning,Warning,Warning
W_002,7/24/2026 13:52,Warning,Warning,Warning,Warning
W_002,7/24/2026 13:52,Warning,Warning,Warning,Warning
W_002,7/24/2026 13:52,Warning,Warning,Warning,Warning
W_002,7/24/2026 13:52,Warning,Warning,Warning,Warning
W_002,7/24/2026 13:52,Warning,Warning,Warning,Warning
W_002,7/24/2026 13:52,Warning,Warning,Warning,Warning
W_002,7/24/2026 13:52,Warning,Warning,Warning,Warning
W_002,7/24/2026 13:52,Warning,Warning,Warning,Warning
W_002,7/24/2026 13:52,Warning,Warning,Warning,Warning
W_002,7/24/2026 13:52,Warning,Warning,Warning,Warning
W_002,7/24/2026 13:52,Warning,Warning,Warning,Warning
W_002,7/24/2026 13:52,Warning,Warning,Warning,Warning
W_002,7/24/2026 13:52,Warning,Warning,Warning,Warning
W_002,7/24/2026 13:52,Warning,Warning,Warning,Warning
W_002,7/24/2026 13:52,Warning,Warning,Warning,Warning
W_002,7/24/2026 13:52,Warning,Warning,Warning,Warning
W_002,7/24/2026 13:52,Warning,Warning,Warning,Warning
W_002,7/24/2026 13:52,Warning,Warning,Warning,Warning
W_002,7/24/2026 13:52,Warning,Warning,Warning,Warning
W_002,7/24/2026 13:52,Warning,Warning,Warning,Warning
W_002,7/24/2026 13:52,Warning,Warning,Warning,Warning
W_002,7/24/2026 13:52,Warning,Warning,Warning,Warning
W_002,7/24/2026 13:52,Warning,Warning,Warning,Warning
W_002,7/24/2026 13:52,Warning,Warning,Warning,Warning
W_002,7/24/2026 13:52,Warning,Warning,Warning,Warning
W_002,7/24/2026 13:52,Warning,Warning,Warning,Warning
W_002,7/24/2026 13:52,Warning,Warning,Warning,Warning
W_002,7/24/2026 13:52,Warning,Warning,Warning,Warning
W_002,7/24/2026 13:52,Warning,Warning,Warning,Warning
W_002,7/24/2026 13:52,Warning,Warning,Warning,Warning
W_002,7/24/2026 13:52,Warning,Warning,Warning,Warning
W_002,7/24/2026 13:52,Warning,Warning,Warning,Warning
W_002,7/24/2026 13:52,Warning,Warning,Warning,Warning
W_002,7/24/2026 13:52,Warning,Warning,Warning,Warning
W_002,7/24/2026 13:52,Warning,Warning,Warning,Warning
W_002,7/24/2026 13:52,Warning,Warning,Warning,Warning
W_002,7/24/2026 13:52,Warning,Warning,Warning,Warning
W_002,7/24/2026 13:52,Warning,Warning,Warning,Warning
W_002,7/24/2026 13:52,Warning,Warning,Warning,Warning
W_002,7/24/2026 13:52,Warning,Warning,Warning,Warning
W_002,7/24/2026 13:52,Warning,Warning,Warning,Warning
W_002,7/24/2026 13:52,Warning,Warning,Warning,Warning
W_002,7/24/2026 13:52,Warning,Warning,Warning,Warning
W_002,7/24/2026 13:52,Warning,Warning,Warning,Warning
W_002,7/24/2026 13:52,Warning,Warning,Warning,Warning
W_002,7/24/2026 13:52,Warning,Warning,Warning,Warning
W_002,7/24/2026 13:52,Warning,Warning,Warning,Warning
W_002,7/24/2026 13:52,Warning,Warning,Warning,Warning
W_002,7/24/2026 13:52,Warning,Warning,Warning,Warning
W_002,7/24/2026 13:52,Warning,Warning,Warning,Warning
W_002,7/24/2026 13:52,Warning,Warning,Warning,Warning
W_002,7/24/2026 13:52,Warning,Warning,Warning,Warning
W_002,7/24/2026 13:52,Warning,Warning,Warning,Warning
W_002,7/24/2026 13:52,Warning,Warning,Warning,Warning
W_002,7/24/2026 13:52,Warning,Warning,Warning,Warning
W_002,7/24/2026 13:53,Warning,Warning,Warning,Warning
W_002,7/24/2026 13:53,Warning,Warning,Warning,Warning
W_002,7/24/2026 13:53,Warning,Warning,Warning,Warning
W_002,7/24/2026 13:53,Warning,Warning,Warning,Warning
W_002,7/24/2026 13:53,Warning,Warning,Warning,Warning
W_002,7/24/2026 13:53,Warning,Warning,Warning,Warning
W_002,7/24/2026 13:53,Warning,Warning,Warning,Warning
W_002,7/24/2026 13:53,Warning,Warning,Warning,Warning
W_002,7/24/2026 13:53,Warning,Warning,Warning,Warning
W_002,7/24/2026 13:53,Warning,Warning,Warning,Warning
W_002,7/24/2026 13:53,Warning,Warning,Warning,Warning
W_002,7/24/2026 13:53,Warning,Warning,Warning,Warning
W_002,7/24/2026 13:53,Warning,Warning,Warning,Warning
W_002,7/24/2026 13:53,Warning,Warning,Warning,Warning
W_002,7/24/2026 13:53,Warning,Warning,Warning,Warning
W_002,7/24/2026 13:53,Warning,Warning,Warning,Warning
W_002,7/24/2026 13:53,Warning,Warning,Warning,Warning
W_002,7/24/2026 13:53,Warning,Warning,Warning,Warning
W_002,7/24/2026 13:53,Warning,Warning,Warning,Warning
W_002,7/24/2026 13:53,Warning,Warning,Warning,Warning
W_002,7/24/2026 13:53,Warning,Warning,Warning,Warning
W_002,7/24/2026 13:53,Warning,Warning,Warning,Warning
W_002,7/24/2026 13:53,Warning,Warning,Warning,Warning
W_002,7/24/2026 13:53,Warning,Warning,Warning,Warning
W_002,7/24/2026 13:53,Warning,Warning,Warning,Warning
W_002,7/24/2026 13:53,Warning,Warning,Warning,Warning
W_002,7/24/2026 13:53,Warning,Warning,Warning,Warning
W_002,7/24/2026 13:53,Warning,Warning,Warning,Warning
W_002,7/24/2026 13:53,Warning,Warning,Warning,Warning
W_002,7/24/2026 13:53,Warning,Warning,Warning,Warning
W_002,7/24/2026 13:53,Warning,Warning,Warning,Warning
W_002,7/24/2026 13:53,Warning,Warning,Warning,Warning
W_002,7/24/2026 13:53,Warning,Warning,Warning,Warning
W_002,7/24/2026 13:53,Warning,Warning,Warning,Warning
W_002,7/24/2026 13:53,Warning,Warning,Warning,Warning
W_002,7/24/2026 13:53,Warning,Warning,Warning,Warning
W_002,7/24/2026 13:53,Warning,Warning,Warning,Warning
W_002,7/24/2026 13:53,Warning,Warning,Warning,Warning
W_002,7/24/2026 13:53,Warning,Warning,Warning,Warning
W_002,7/24/2026 13:53,Warning,Warning,Warning,Warning
W_002,7/24/2026 13:53,Warning,Warning,Warning,Warning
W_002,7/24/2026 13:53,Warning,Warning,Warning,Warning
W_002,7/24/2026 13:53,Warning,Warning,Warning,Warning
W_002,7/24/2026 13:53,Warning,Warning,Warning,Warning
W_002,7/24/2026 13:53,Warning,Warning,Warning,Warning
W_002,7/24/2026 13:53,Warning,Warning,Warning,Warning
W_002,7/24/2026 13:53,Warning,Warning,Warning,Warning
W_002,7/24/2026 13:53,Warning,Warning,Warning,Warning
W_002,7/24/2026 13:53,Warning,Warning,Warning,Warning
W_002,7/24/2026 13:53,Warning,Warning,Warning,Warning
W_002,7/24/2026 13:53,Warning,Warning,Warning,Warning
W_002,7/24/2026 13:53,Warning,Warning,Warning,Warning
W_002,7/24/2026 13:53,Warning,Warning,Warning,Warning
W_002,7/24/2026 13:53,Warning,Warning,Warning,Warning
W_002,7/24/2026 13:53,Warning,Warning,Warning,Warning
W_002,7/24/2026 13:53,Warning,Warning,Warning,Warning
W_002,7/24/2026 13:53,Warning,Warning,Warning,Warning
W_002,7/24/2026 13:53,Warning,Warning,Warning,Warning
W_002,7/24/2026 13:53,Warning,Warning,Warning,Warning
W_002,7/24/2026 13:53,Warning,Warning,Warning,Warning
W_002,7/24/2026 13:54,Warning,Warning,Warning,Warning
W_002,7/24/2026 13:54,Warning,Warning,Warning,Warning
W_002,7/24/2026 13:54,Warning,Warning,Warning,Warning
W_002,7/24/2026 13:54,Warning,Warning,Warning,Warning
W_002,7/24/2026 13:54,Warning,Warning,Warning,Warning
W_002,7/24/2026 13:54,Warning,Warning,Warning,Warning
W_002,7/24/2026 13:54,Warning,Warning,Warning,Warning
W_002,7/24/2026 13:54,Warning,Warning,Warning,Warning
W_002,7/24/2026 13:54,Warning,Warning,Warning,Warning
W_002,7/24/2026 13:54,Warning,Warning,Warning,Warning
W_002,7/24/2026 13:54,Warning,Warning,Warning,Warning
W_002,7/24/2026 13:54,Warning,Warning,Warning,Warning
W_002,7/24/2026 13:54,Warning,Warning,Warning,Warning
W_002,7/24/2026 13:54,Warning,Warning,Warning,Warning
W_002,7/24/2026 13:54,Warning,Warning,Warning,Warning
W_002,7/24/2026 13:54,Warning,Warning,Warning,Warning
W_002,7/24/2026 13:54,Warning,Warning,Warning,Warning
W_002,7/24/2026 13:54,Warning,Warning,Warning,Warning
W_002,7/24/2026 13:54,Warning,Warning,Warning,Warning
W_002,7/24/2026 13:54,Warning,Warning,Warning,Warning
W_002,7/24/2026 13:54,Warning,Warning,Warning,Warning
W_002,7/24/2026 13:54,Warning,Warning,Warning,Warning
W_002,7/24/2026 13:54,Warning,Warning,Warning,Warning
W_002,7/24/2026 13:54,Warning,Warning,Warning,Warning
W_002,7/24/2026 13:54,Warning,Warning,Warning,Warning
W_002,7/24/2026 13:54,Warning,Warning,Warning,Warning
W_002,7/24/2026 13:54,Warning,Warning,Warning,Warning
W_002,7/24/2026 13:54,Warning,Warning,Warning,Warning
W_002,7/24/2026 13:54,Warning,Warning,Warning,Warning
W_002,7/24/2026 13:54,Warning,Warning,Warning,Warning
W_002,7/24/2026 13:54,Warning,Warning,Warning,Warning
W_002,7/24/2026 13:54,Warning,Warning,Warning,Warning
W_002,7/24/2026 13:54,Warning,Warning,Warning,Warning
W_002,7/24/2026 13:54,Warning,Warning,Warning,Warning
W_002,7/24/2026 13:54,Warning,Warning,Warning,Warning
W_002,7/24/2026 13:54,Warning,Warning,Warning,Warning
W_002,7/24/2026 13:54,Warning,Warning,Warning,Warning
W_002,7/24/2026 13:54,Warning,Warning,Warning,Warning
W_002,7/24/2026 13:54,Warning,Warning,Warning,Warning
W_002,7/24/2026 13:54,Warning,Warning,Warning,Warning
W_002,7/24/2026 13:54,Warning,Warning,Warning,Warning
W_002,7/24/2026 13:54,Warning,Warning,Warning,Warning
W_002,7/24/2026 13:54,Warning,Warning,Warning,Warning
W_002,7/24/2026 13:54,Warning,Warning,Warning,Warning
W_002,7/24/2026 13:54,Warning,Warning,Warning,Warning
W_002,7/24/2026 13:54,Warning,Warning,Warning,Warning
W_002,7/24/2026 13:54,Warning,Warning,Warning,Warning
W_002,7/24/2026 13:54,Warning,Warning,Warning,Warning
W_002,7/24/2026 13:54,Warning,Warning,Warning,Warning
W_002,7/24/2026 13:54,Warning,Warning,Warning,Warning
W_002,7/24/2026 13:54,Warning,Warning,Warning,Warning
W_002,7/24/2026 13:54,Warning,Warning,Warning,Warning
W_002,7/24/2026 13:54,Warning,Warning,Warning,Warning
W_002,7/24/2026 13:54,Warning,Warning,Warning,Warning
W_002,7/24/2026 13:54,Warning,Warning,Warning,Warning
W_002,7/24/2026 13:54,Warning,Warning,Warning,Warning
W_002,7/24/2026 13:54,Warning,Warning,Warning,Warning
W_002,7/24/2026 13:54,Warning,Warning,Warning,Warning
W_002,7/24/2026 13:54,Warning,Warning,Warning,Warning
W_002,7/24/2026 13:54,Warning,Warning,Warning,Warning
W_002,7/24/2026 13:55,Warning,Warning,Warning,Warning
W_002,7/24/2026 13:55,Warning,Warning,Warning,Warning
W_002,7/24/2026 13:55,Warning,Warning,Warning,Warning
W_002,7/24/2026 13:55,Warning,Warning,Warning,Warning
W_002,7/24/2026 13:55,Warning,Warning,Warning,Warning
W_002,7/24/2026 13:55,Warning,Warning,Warning,Warning
W_002,7/24/2026 13:55,Warning,Warning,Warning,Warning
W_002,7/24/2026 13:55,Warning,Warning,Warning,Warning
W_002,7/24/2026 13:55,Warning,Warning,Warning,Warning
W_002,7/24/2026 13:55,Warning,Warning,Warning,Warning
W_002,7/24/2026 13:55,Warning,Warning,Warning,Warning
W_002,7/24/2026 13:55,Warning,Warning,Warning,Warning
W_002,7/24/2026 13:55,Warning,Warning,Warning,Warning
W_002,7/24/2026 13:55,Warning,Warning,Warning,Warning
W_002,7/24/2026 13:55,Warning,Warning,Warning,Warning
W_002,7/24/2026 13:55,Warning,Warning,Warning,Warning
W_002,7/24/2026 13:55,Warning,Warning,Warning,Warning
W_002,7/24/2026 13:55,Warning,Warning,Warning,Warning
W_002,7/24/2026 13:55,Warning,Warning,Warning,Warning
W_002,7/24/2026 13:55,Warning,Warning,Warning,Warning
W_002,7/24/2026 13:55,Warning,Warning,Warning,Warning
W_002,7/24/2026 13:55,Warning,Warning,Warning,Warning
W_002,7/24/2026 13:55,Warning,Warning,Warning,Warning
W_002,7/24/2026 13:55,Warning,Warning,Warning,Warning
W_002,7/24/2026 13:55,Warning,Warning,Warning,Warning
W_002,7/24/2026 13:55,Warning,Warning,Warning,Warning
W_002,7/24/2026 13:55,Warning,Warning,Warning,Warning
W_002,7/24/2026 13:55,Warning,Warning,Warning,Warning
W_002,7/24/2026 13:55,Warning,Warning,Warning,Warning
W_002,7/24/2026 13:55,Warning,Warning,Warning,Warning
W_002,7/24/2026 13:55,Warning,Warning,Warning,Warning
W_002,7/24/2026 13:55,Warning,Warning,Warning,Warning
W_002,7/24/2026 13:55,Warning,Warning,Warning,Warning
W_002,7/24/2026 13:55,Warning,Warning,Warning,Warning
W_002,7/24/2026 13:55,Warning,Warning,Warning,Warning
W_002,7/24/2026 13:55,Warning,Warning,Warning,Warning
W_002,7/24/2026 13:55,Warning,Warning,Warning,Warning
W_002,7/24/2026 13:55,Warning,Warning,Warning,Warning
W_002,7/24/2026 13:55,Warning,Warning,Warning,Warning
W_002,7/24/2026 13:55,Warning,Warning,Warning,Warning
W_002,7/24/2026 13:55,Warning,Warning,Warning,Warning
W_002,7/24/2026 13:55,Warning,Warning,Warning,Warning
W_002,7/24/2026 13:55,Warning,Warning,Warning,Warning
W_002,7/24/2026 13:55,Warning,Warning,Warning,Warning
W_002,7/24/2026 13:55,Warning,Warning,Warning,Warning
W_002,7/24/2026 13:55,Warning,Warning,Warning,Warning
W_002,7/24/2026 13:55,Warning,Warning,Warning,Warning
W_002,7/24/2026 13:55,Warning,Warning,Warning,Warning
W_002,7/24/2026 13:55,Warning,Warning,Warning,Warning
W_002,7/24/2026 13:55,Warning,Warning,Warning,Warning
W_002,7/24/2026 13:55,Warning,Warning,Warning,Warning
W_002,7/24/2026 13:55,Warning,Warning,Warning,Warning
W_002,7/24/2026 13:55,Warning,Warning,Warning,Warning
W_002,7/24/2026 13:55,Warning,Warning,Warning,Warning
W_002,7/24/2026 13:55,Warning,Warning,Warning,Warning
W_002,7/24/2026 13:55,Warning,Warning,Warning,Warning
W_002,7/24/2026 13:55,Warning,Warning,Warning,Warning
W_002,7/24/2026 13:55,Warning,Warning,Warning,Warning
W_002,7/24/2026 13:55,Warning,Warning,Warning,Warning
W_002,7/24/2026 13:55,Warning,Warning,Warning,Warning
W_002,7/24/2026 13:56,Warning,Warning,Warning,Warning
W_002,7/24/2026 13:56,Warning,Warning,Warning,Warning
W_002,7/24/2026 13:56,Warning,Warning,Warning,Warning
W_002,7/24/2026 13:56,Warning,Warning,Warning,Warning
W_002,7/24/2026 13:56,Warning,Warning,Warning,Warning
W_002,7/24/2026 13:56,Warning,Warning,Warning,Warning
W_002,7/24/2026 13:56,Warning,Warning,Warning,Warning
W_002,7/24/2026 13:56,Warning,Warning,Warning,Warning
W_002,7/24/2026 13:56,Warning,Warning,Warning,Warning
W_002,7/24/2026 13:56,Warning,Warning,Warning,Warning
W_002,7/24/2026 13:56,Warning,Warning,Warning,Warning
W_002,7/24/2026 13:56,Warning,Warning,Warning,Warning
W_002,7/24/2026 13:56,Warning,Warning,Warning,Warning
W_002,7/24/2026 13:56,Warning,Warning,Warning,Warning
W_002,7/24/2026 13:56,Warning,Warning,Warning,Warning
W_002,7/24/2026 13:56,Warning,Warning,Warning,Warning
W_002,7/24/2026 13:56,Warning,Warning,Warning,Warning
W_002,7/24/2026 13:56,Warning,Warning,Warning,Warning
W_002,7/24/2026 13:56,Warning,Warning,Warning,Warning
W_002,7/24/2026 13:56,Warning,Warning,Warning,Warning
W_002,7/24/2026 13:56,Warning,Warning,Warning,Warning
W_002,7/24/2026 13:56,Warning,Warning,Warning,Warning
W_002,7/24/2026 13:56,Warning,Warning,Warning,Warning
W_002,7/24/2026 13:56,Warning,Warning,Warning,Warning
W_002,7/24/2026 13:56,Warning,Warning,Warning,Warning
W_002,7/24/2026 13:56,Warning,Warning,Warning,Warning
W_002,7/24/2026 13:56,Warning,Warning,Warning,Warning
W_002,7/24/2026 13:56,Warning,Warning,Warning,Warning
W_002,7/24/2026 13:56,Warning,Warning,Warning,Warning
W_002,7/24/2026 13:56,Warning,Warning,Warning,Warning
W_002,7/24/2026 13:56,Warning,Warning,Warning,Warning
W_002,7/24/2026 13:56,Warning,Warning,Warning,Warning
W_002,7/24/2026 13:56,Warning,Warning,Warning,Warning
W_002,7/24/2026 13:56,Warning,Warning,Warning,Warning
W_002,7/24/2026 13:56,Warning,Warning,Warning,Warning
W_002,7/24/2026 13:56,Warning,Warning,Warning,Warning
W_002,7/24/2026 13:56,Warning,Warning,Warning,Warning
W_002,7/24/2026 13:56,Warning,Warning,Warning,Warning
W_002,7/24/2026 13:56,Warning,Warning,Warning,Warning
W_002,7/24/2026 13:56,Warning,Warning,Warning,Warning
W_002,7/24/2026 13:56,Warning,Warning,Warning,Warning
W_002,7/24/2026 13:56,Warning,Warning,Warning,Warning
W_002,7/24/2026 13:56,Warning,Warning,Warning,Warning
W_002,7/24/2026 13:56,Warning,Warning,Warning,Warning
W_002,7/24/2026 13:56,Warning,Warning,Warning,Warning
W_002,7/24/2026 13:56,Warning,Warning,Warning,Warning
W_002,7/24/2026 13:56,Warning,Warning,Warning,Warning
W_002,7/24/2026 13:56,Warning,Warning,Warning,Warning
W_002,7/24/2026 13:56,Warning,Warning,Warning,Warning
W_002,7/24/2026 13:56,Warning,Warning,Warning,Warning
W_002,7/24/2026 13:56,Warning,Warning,Warning,Warning
W_002,7/24/2026 13:56,Warning,Warning,Warning,Warning
W_002,7/24/2026 13:56,Warning,Warning,Warning,Warning
W_002,7/24/2026 13:56,Warning,Warning,Warning,Warning
W_002,7/24/2026 13:56,Warning,Warning,Warning,Warning
W_002,7/24/2026 13:56,Warning,Warning,Warning,Warning
W_002,7/24/2026 13:56,Warning,Warning,Warning,Warning
W_002,7/24/2026 13:56,Warning,Warning,Warning,Warning
W_002,7/24/2026 13:56,Warning,Warning,Warning,Warning
W_002,7/24/2026 13:56,Warning,Warning,Warning,Warning
W_002,7/24/2026 13:57,Warning,Warning,Warning,Warning
W_002,7/24/2026 13:57,Warning,Warning,Warning,Warning
W_002,7/24/2026 13:57,Warning,Warning,Warning,Warning
W_002,7/24/2026 13:57,Warning,Warning,Warning,Warning
W_002,7/24/2026 13:57,Warning,Warning,Warning,Warning
W_002,7/24/2026 13:57,Warning,Warning,Warning,Warning
W_002,7/24/2026 13:57,Warning,Warning,Warning,Warning
W_002,7/24/2026 13:57,Warning,Warning,Warning,Warning
W_002,7/24/2026 13:57,Warning,Warning,Warning,Warning
W_002,7/24/2026 13:57,Warning,Warning,Warning,Warning
W_002,7/24/2026 13:57,Warning,Warning,Warning,Warning
W_002,7/24/2026 13:57,Warning,Warning,Warning,Warning
W_002,7/24/2026 13:57,Warning,Warning,Warning,Warning
W_002,7/24/2026 13:57,Warning,Warning,Warning,Warning
W_002,7/24/2026 13:57,Warning,Warning,Warning,Warning
W_002,7/24/2026 13:57,Warning,Warning,Warning,Warning
W_002,7/24/2026 13:57,Warning,Warning,Warning,Warning
W_002,7/24/2026 13:57,Warning,Warning,Warning,Warning
W_002,7/24/2026 13:57,Warning,Warning,Warning,Warning
W_002,7/24/2026 13:57,Warning,Warning,Warning,Warning
W_002,7/24/2026 13:57,Warning,Warning,Warning,Warning
W_002,7/24/2026 13:57,Warning,Warning,Warning,Warning
W_002,7/24/2026 13:57,Warning,Warning,Warning,Warning
W_002,7/24/2026 13:57,Warning,Warning,Warning,Warning
W_002,7/24/2026 13:57,Warning,Warning,Warning,Warning
W_002,7/24/2026 13:57,Warning,Warning,Warning,Warning
W_002,7/24/2026 13:57,Warning,Warning,Warning,Warning
W_002,7/24/2026 13:57,Warning,Warning,Warning,Warning
W_002,7/24/2026 13:57,Warning,Warning,Warning,Warning
W_002,7/24/2026 13:57,Warning,Warning,Warning,Warning
W_002,7/24/2026 13:57,Warning,Warning,Warning,Warning
W_002,7/24/2026 13:57,Warning,Warning,Warning,Warning
W_002,7/24/2026 13:57,Warning,Warning,Warning,Warning
W_002,7/24/2026 13:57,Warning,Warning,Warning,Warning
W_002,7/24/2026 13:57,Warning,Warning,Warning,Warning
W_002,7/24/2026 13:57,Warning,Warning,Warning,Warning
W_002,7/24/2026 13:57,Warning,Warning,Warning,Warning
W_002,7/24/2026 13:57,Warning,Warning,Warning,Warning
W_002,7/24/2026 13:57,Warning,Warning,Warning,Warning
W_002,7/24/2026 13:57,Warning,Warning,Warning,Warning
W_002,7/24/2026 13:57,Warning,Warning,Warning,Warning
W_002,7/24/2026 13:57,Warning,Warning,Warning,Warning
W_002,7/24/2026 13:57,Warning,Warning,Warning,Warning
W_002,7/24/2026 13:57,Warning,Warning,Warning,Warning
W_002,7/24/2026 13:57,Warning,Warning,Warning,Warning
W_002,7/24/2026 13:57,Warning,Warning,Warning,Warning
W_002,7/24/2026 13:57,Warning,Warning,Warning,Warning
W_002,7/24/2026 13:57,Warning,Warning,Warning,Warning
W_002,7/24/2026 13:57,Warning,Warning,Warning,Warning
W_002,7/24/2026 13:57,Warning,Warning,Warning,Warning
W_002,7/24/2026 13:57,Warning,Warning,Warning,Warning
W_002,7/24/2026 13:57,Warning,Warning,Warning,Warning
W_002,7/24/2026 13:57,Warning,Warning,Warning,Warning
W_002,7/24/2026 13:57,Warning,Warning,Warning,Warning
W_002,7/24/2026 13:57,Warning,Warning,Warning,Warning
W_002,7/24/2026 13:57,Warning,Warning,Warning,Warning
W_002,7/24/2026 13:57,Warning,Warning,Warning,Warning
W_002,7/24/2026 13:57,Warning,Warning,Warning,Warning
W_002,7/24/2026 13:57,Warning,Warning,Warning,Warning
W_002,7/24/2026 13:57,Warning,Warning,Warning,Warning
W_002,7/24/2026 13:58,Warning,Warning,Warning,Warning
W_002,7/24/2026 13:58,Warning,Warning,Warning,Warning
W_002,7/24/2026 13:58,Warning,Warning,Warning,Warning
W_002,7/24/2026 13:58,Warning,Warning,Warning,Warning
W_002,7/24/2026 13:58,Warning,Warning,Warning,Warning
W_002,7/24/2026 13:58,Warning,Warning,Warning,Warning
W_002,7/24/2026 13:58,Warning,Warning,Warning,Warning
W_002,7/24/2026 13:58,Warning,Warning,Warning,Warning
W_002,7/24/2026 13:58,Warning,Warning,Warning,Warning
W_002,7/24/2026 13:58,Warning,Warning,Warning,Warning
W_002,7/24/2026 13:58,Warning,Warning,Warning,Warning
W_002,7/24/2026 13:58,Warning,Warning,Warning,Warning
W_002,7/24/2026 13:58,Warning,Warning,Warning,Warning
W_002,7/24/2026 13:58,Warning,Warning,Warning,Warning
W_002,7/24/2026 13:58,Warning,Warning,Warning,Warning
W_002,7/24/2026 13:58,Warning,Warning,Warning,Warning
W_002,7/24/2026 13:58,Warning,Warning,Warning,Warning
W_002,7/24/2026 13:58,Warning,Warning,Warning,Warning
W_002,7/24/2026 13:58,Warning,Warning,Warning,Warning
W_002,7/24/2026 13:58,Warning,Warning,Warning,Warning
W_002,7/24/2026 13:58,Warning,Warning,Warning,Warning
W_002,7/24/2026 13:58,Warning,Warning,Warning,Warning
W_002,7/24/2026 13:58,Warning,Warning,Warning,Warning
W_002,7/24/2026 13:58,Warning,Warning,Warning,Warning
W_002,7/24/2026 13:58,Warning,Warning,Warning,Warning
W_002,7/24/2026 13:58,Warning,Warning,Warning,Warning
W_002,7/24/2026 13:58,Warning,Warning,Warning,Warning
W_002,7/24/2026 13:58,Warning,Warning,Warning,Warning
W_002,7/24/2026 13:58,Warning,Warning,Warning,Warning
W_002,7/24/2026 13:58,Warning,Warning,Warning,Warning
W_002,7/24/2026 13:58,Warning,Warning,Warning,Warning
W_002,7/24/2026 13:58,Warning,Warning,Warning,Warning
W_002,7/24/2026 13:58,Warning,Warning,Warning,Warning
W_002,7/24/2026 13:58,Warning,Warning,Warning,Warning
W_002,7/24/2026 13:58,Warning,Warning,Warning,Warning
W_002,7/24/2026 13:58,Warning,Warning,Warning,Warning
W_002,7/24/2026 13:58,Warning,Warning,Warning,Warning
W_002,7/24/2026 13:58,Warning,Warning,Warning,Warning
W_002,7/24/2026 13:58,Warning,Warning,Warning,Warning
W_002,7/24/2026 13:58,Warning,Warning,Warning,Warning
W_002,7/24/2026 13:58,Warning,Warning,Warning,Warning
W_002,7/24/2026 13:58,Warning,Warning,Warning,Warning
W_002,7/24/2026 13:58,Warning,Warning,Warning,Warning
W_002,7/24/2026 13:58,Warning,Warning,Warning,Warning
W_002,7/24/2026 13:58,Warning,Warning,Warning,Warning
W_002,7/24/2026 13:58,Warning,Warning,Warning,Warning
W_002,7/24/2026 13:58,Warning,Warning,Warning,Warning
W_002,7/24/2026 13:58,Warning,Warning,Warning,Warning
W_002,7/24/2026 13:58,Warning,Warning,Warning,Warning
W_002,7/24/2026 13:58,Warning,Warning,Warning,Warning
W_002,7/24/2026 13:58,Warning,Warning,Warning,Warning
W_002,7/24/2026 13:58,Warning,Warning,Warning,Warning
W_002,7/24/2026 13:58,Warning,Warning,Warning,Warning
W_002,7/24/2026 13:58,Warning,Warning,Warning,Warning
W_002,7/24/2026 13:58,Warning,Warning,Warning,Warning
W_002,7/24/2026 13:58,Warning,Warning,Warning,Warning
W_002,7/24/2026 13:58,Warning,Warning,Warning,Warning
W_002,7/24/2026 13:58,Warning,Warning,Warning,Warning
W_002,7/24/2026 13:58,Warning,Warning,Warning,Warning
W_002,7/24/2026 13:58,Warning,Warning,Warning,Warning
W_002,7/24/2026 13:59,Warning,Warning,Warning,Warning
W_002,7/24/2026 13:59,Warning,Warning,Warning,Warning
W_002,7/24/2026 13:59,Warning,Warning,Warning,Warning
W_002,7/24/2026 13:59,Warning,Warning,Warning,Warning
W_002,7/24/2026 13:59,Warning,Warning,Warning,Warning
W_002,7/24/2026 13:59,Warning,Warning,Warning,Warning
W_002,7/24/2026 13:59,Warning,Warning,Warning,Warning
W_002,7/24/2026 13:59,Warning,Warning,Warning,Warning
W_002,7/24/2026 13:59,Warning,Warning,Warning,Warning
W_002,7/24/2026 13:59,Warning,Warning,Warning,Warning
W_002,7/24/2026 13:59,Warning,Warning,Warning,Warning
W_002,7/24/2026 13:59,Warning,Warning,Warning,Warning
W_002,7/24/2026 13:59,Warning,Warning,Warning,Warning
W_002,7/24/2026 13:59,Warning,Warning,Warning,Warning
W_002,7/24/2026 13:59,Warning,Warning,Warning,Warning
W_002,7/24/2026 13:59,Warning,Warning,Warning,Warning
W_002,7/24/2026 13:59,Warning,Warning,Warning,Warning
W_002,7/24/2026 13:59,Warning,Warning,Warning,Warning
W_002,7/24/2026 13:59,Warning,Warning,Warning,Warning
W_002,7/24/2026 13:59,Warning,Warning,Warning,Warning
W_002,7/24/2026 13:59,Warning,Warning,Warning,Warning
W_002,7/24/2026 13:59,Warning,Warning,Warning,Warning
W_002,7/24/2026 13:59,Warning,Warning,Warning,Warning
W_002,7/24/2026 13:59,Warning,Warning,Warning,Warning
W_002,7/24/2026 13:59,Warning,Warning,Warning,Warning
W_002,7/24/2026 13:59,Warning,Warning,Warning,Warning
W_002,7/24/2026 13:59,Warning,Warning,Warning,Warning
W_002,7/24/2026 13:59,Warning,Warning,Warning,Warning
W_002,7/24/2026 13:59,Warning,Warning,Warning,Warning
W_002,7/24/2026 13:59,Warning,Warning,Warning,Warning
W_002,7/24/2026 13:59,Warning,Warning,Warning,Warning
W_002,7/24/2026 13:59,Warning,Warning,Warning,Warning
W_002,7/24/2026 13:59,Warning,Warning,Warning,Warning
W_002,7/24/2026 13:59,Warning,Warning,Warning,Warning
W_002,7/24/2026 13:59,Warning,Warning,Warning,Warning
W_002,7/24/2026 13:59,Warning,Warning,Warning,Warning
W_002,7/24/2026 13:59,Warning,Warning,Warning,Warning
W_002,7/24/2026 13:59,Warning,Warning,Warning,Warning
W_002,7/24/2026 13:59,Warning,Warning,Warning,Warning
W_002,7/24/2026 13:59,Warning,Warning,Warning,Warning
W_002,7/24/2026 13:59,Warning,Warning,Warning,Warning
W_002,7/24/2026 13:59,Warning,Warning,Warning,Warning
W_002,7/24/2026 13:59,Warning,Warning,Warning,Warning
W_002,7/24/2026 13:59,Warning,Warning,Warning,Warning
W_002,7/24/2026 13:59,Warning,Warning,Warning,Warning
W_002,7/24/2026 13:59,Warning,Warning,Warning,Warning
W_002,7/24/2026 13:59,Warning,Warning,Warning,Warning
W_002,7/24/2026 13:59,Warning,Warning,Warning,Warning
W_002,7/24/2026 13:59,Warning,Warning,Warning,Warning
W_002,7/24/2026 13:59,Warning,Warning,Warning,Warning
W_002,7/24/2026 13:59,Warning,Warning,Warning,Warning
W_002,7/24/2026 13:59,Warning,Warning,Warning,Warning
W_002,7/24/2026 13:59,Warning,Warning,Warning,Warning
W_002,7/24/2026 13:59,Warning,Warning,Warning,Warning
W_002,7/24/2026 13:59,Warning,Warning,Warning,Warning
W_002,7/24/2026 13:59,Warning,Warning,Warning,Warning
W_002,7/24/2026 13:59,Warning,Warning,Warning,Warning
W_002,7/24/2026 13:59,Warning,Warning,Warning,Warning
W_002,7/24/2026 13:59,Warning,Warning,Warning,Warning
W_002,7/24/2026 13:59,Warning,Warning,Warning,Warning
W_002,7/24/2026 14:00,Warning,Warning,Warning,Warning
W_002,7/24/2026 14:00,Warning,Warning,Warning,Warning
W_002,7/24/2026 14:00,Warning,Warning,Warning,Warning
W_002,7/24/2026 14:00,Warning,Warning,Warning,Warning
W_002,7/24/2026 14:00,Warning,Warning,Warning,Warning
W_002,7/24/2026 14:00,Warning,Warning,Warning,Warning
W_002,7/24/2026 14:00,Warning,Warning,Warning,Warning
W_002,7/24/2026 14:00,Warning,Warning,Warning,Warning
W_002,7/24/2026 14:00,Warning,Warning,Warning,Warning
W_002,7/24/2026 14:00,Warning,Warning,Warning,Warning
W_002,7/24/2026 14:00,Warning,Warning,Warning,Warning
W_002,7/24/2026 14:00,Warning,Warning,Warning,Warning
W_002,7/24/2026 14:00,Warning,Warning,Warning,Warning
W_002,7/24/2026 14:00,Warning,Warning,Warning,Warning
W_002,7/24/2026 14:00,Warning,Warning,Warning,Warning
W_002,7/24/2026 14:00,Warning,Warning,Warning,Warning
W_002,7/24/2026 14:00,Warning,Warning,Warning,Warning
W_002,7/24/2026 14:00,Warning,Warning,Warning,Warning
W_002,7/24/2026 14:00,Warning,Warning,Warning,Warning
W_002,7/24/2026 14:00,Warning,Warning,Warning,Warning
W_002,7/24/2026 14:00,Warning,Warning,Warning,Warning
W_002,7/24/2026 14:00,Warning,Warning,Warning,Warning
W_002,7/24/2026 14:00,Warning,Warning,Warning,Warning
W_002,7/24/2026 14:00,Warning,Warning,Warning,Warning
W_002,7/24/2026 14:00,Warning,Warning,Warning,Warning
W_002,7/24/2026 14:00,Warning,Warning,Warning,Warning
W_002,7/24/2026 14:00,Warning,Warning,Warning,Warning
W_002,7/24/2026 14:00,Warning,Warning,Warning,Warning
W_002,7/24/2026 14:00,Warning,Warning,Warning,Warning
W_002,7/24/2026 14:00,Warning,Warning,Warning,Warning
W_002,7/24/2026 14:00,Warning,Warning,Warning,Warning
W_002,7/24/2026 14:00,Warning,Warning,Warning,Warning
W_002,7/24/2026 14:00,Warning,Warning,Warning,Warning
W_002,7/24/2026 14:00,Warning,Warning,Warning,Warning
W_002,7/24/2026 14:00,Warning,Warning,Warning,Warning
W_002,7/24/2026 14:00,Warning,Warning,Warning,Warning
W_002,7/24/2026 14:00,Warning,Warning,Warning,Warning
W_002,7/24/2026 14:00,Warning,Warning,Warning,Warning
W_002,7/24/2026 14:00,Warning,Warning,Warning,Warning
W_002,7/24/2026 14:00,Warning,Warning,Warning,Warning
W_002,7/24/2026 14:00,Warning,Warning,Warning,Warning
W_002,7/24/2026 14:00,Warning,Warning,Warning,Warning
W_002,7/24/2026 14:00,Warning,Warning,Warning,Warning
W_002,7/24/2026 14:00,Warning,Warning,Warning,Warning
W_002,7/24/2026 14:00,Warning,Warning,Warning,Warning
W_002,7/24/2026 14:00,Warning,Warning,Warning,Warning
W_002,7/24/2026 14:00,Warning,Warning,Warning,Warning
W_002,7/24/2026 14:00,Warning,Warning,Warning,Warning
W_002,7/24/2026 14:00,Warning,Warning,Warning,Warning
W_002,7/24/2026 14:00,Warning,Warning,Warning,Warning
W_002,7/24/2026 14:00,Warning,Warning,Warning,Warning
W_002,7/24/2026 14:00,Warning,Warning,Warning,Warning
W_002,7/24/2026 14:00,Warning,Warning,Warning,Warning
W_002,7/24/2026 14:00,Warning,Warning,Warning,Warning
W_002,7/24/2026 14:00,Warning,Warning,Warning,Warning
W_002,7/24/2026 14:00,Warning,Warning,Warning,Warning
W_002,7/24/2026 14:00,Warning,Warning,Warning,Warning
W_002,7/24/2026 14:00,Warning,Warning,Warning,Warning
W_002,7/24/2026 14:00,Warning,Warning,Warning,Warning
W_002,7/24/2026 14:00,Warning,Warning,Warning,Warning
W_002,7/24/2026 14:01,Warning,Warning,Warning,Warning
W_002,7/24/2026 14:01,Warning,Warning,Warning,Warning
W_002,7/24/2026 14:01,Warning,Warning,Warning,Warning
W_002,7/24/2026 14:01,Warning,Warning,Warning,Warning
W_002,7/24/2026 14:01,Warning,Warning,Warning,Warning
W_002,7/24/2026 14:01,Warning,Warning,Warning,Warning
W_002,7/24/2026 14:01,Warning,Warning,Warning,Warning
W_002,7/24/2026 14:01,Warning,Warning,Warning,Warning
W_002,7/24/2026 14:01,Warning,Warning,Warning,Warning
W_002,7/24/2026 14:01,Warning,Warning,Warning,Warning
W_002,7/24/2026 14:01,Warning,Warning,Warning,Warning
W_002,7/24/2026 14:01,Warning,Warning,Warning,Warning
W_002,7/24/2026 14:01,Warning,Warning,Warning,Warning
W_002,7/24/2026 14:01,Warning,Warning,Warning,Warning
W_002,7/24/2026 14:01,Warning,Warning,Warning,Warning
W_002,7/24/2026 14:01,Warning,Warning,Warning,Warning
W_002,7/24/2026 14:01,Warning,Warning,Warning,Warning
W_002,7/24/2026 14:01,Warning,Warning,Warning,Warning
W_002,7/24/2026 14:01,Warning,Warning,Warning,Warning
W_002,7/24/2026 14:01,Warning,Warning,Warning,Warning
W_002,7/24/2026 14:01,Warning,Warning,Warning,Warning
W_002,7/24/2026 14:01,Warning,Warning,Warning,Warning
W_002,7/24/2026 14:01,Warning,Warning,Warning,Warning
W_002,7/24/2026 14:01,Warning,Warning,Warning,Warning
W_002,7/24/2026 14:01,Warning,Warning,Warning,Warning
W_002,7/24/2026 14:01,Warning,Warning,Warning,Warning
W_002,7/24/2026 14:01,Warning,Warning,Warning,Warning
W_002,7/24/2026 14:01,Warning,Warning,Warning,Warning
W_002,7/24/2026 14:01,Warning,Warning,Warning,Warning
W_002,7/24/2026 14:01,Warning,Warning,Warning,Warning
W_002,7/24/2026 14:01,Warning,Warning,Warning,Warning
W_002,7/24/2026 14:01,Warning,Warning,Warning,Warning
W_002,7/24/2026 14:01,Warning,Warning,Warning,Warning
W_002,7/24/2026 14:01,Warning,Warning,Warning,Warning
W_002,7/24/2026 14:01,Warning,Warning,Warning,Warning
W_002,7/24/2026 14:01,Warning,Warning,Warning,Warning
W_002,7/24/2026 14:01,Warning,Warning,Warning,Warning
W_002,7/24/2026 14:01,Warning,Warning,Warning,Warning
W_002,7/24/2026 14:01,Warning,Warning,Warning,Warning
W_002,7/24/2026 14:01,Warning,Warning,Warning,Warning
W_002,7/24/2026 14:01,Warning,Warning,Warning,Warning
W_002,7/24/2026 14:01,Warning,Warning,Warning,Warning
W_002,7/24/2026 14:01,Warning,Warning,Warning,Warning
W_002,7/24/2026 14:01,Warning,Warning,Warning,Warning
W_002,7/24/2026 14:01,Warning,Warning,Warning,Warning
W_002,7/24/2026 14:01,Warning,Warning,Warning,Warning
W_002,7/24/2026 14:01,Warning,Warning,Warning,Warning
W_002,7/24/2026 14:01,Warning,Warning,Warning,Warning
W_002,7/24/2026 14:01,Warning,Warning,Warning,Warning
W_002,7/24/2026 14:01,Warning,Warning,Warning,Warning
W_002,7/24/2026 14:01,Warning,Warning,Warning,Warning
W_002,7/24/2026 14:01,Warning,Warning,Warning,Warning
W_002,7/24/2026 14:01,Warning,Warning,Warning,Warning
W_002,7/24/2026 14:01,Warning,Warning,Warning,Warning
W_002,7/24/2026 14:01,Warning,Warning,Warning,Warning
W_002,7/24/2026 14:01,Warning,Warning,Warning,Warning
W_002,7/24/2026 14:01,Warning,Warning,Warning,Warning
W_002,7/24/2026 14:01,Warning,Warning,Warning,Warning
W_002,7/24/2026 14:01,Warning,Warning,Warning,Warning
W_002,7/24/2026 14:01,Warning,Warning,Warning,Warning
W_002,7/24/2026 14:02,Warning,Warning,Warning,Warning
W_002,7/24/2026 14:02,Warning,Warning,Warning,Warning
W_002,7/24/2026 14:02,Warning,Warning,Warning,Warning
W_002,7/24/2026 14:02,Warning,Warning,Warning,Warning
W_002,7/24/2026 14:02,Warning,Warning,Warning,Warning
W_002,7/24/2026 14:02,Warning,Warning,Warning,Warning
W_002,7/24/2026 14:02,Warning,Warning,Warning,Warning
W_002,7/24/2026 14:02,Warning,Warning,Warning,Warning
W_002,7/24/2026 14:02,Warning,Warning,Warning,Warning
W_002,7/24/2026 14:02,Warning,Warning,Warning,Warning
W_002,7/24/2026 14:02,Warning,Warning,Warning,Warning
W_002,7/24/2026 14:02,Warning,Warning,Warning,Warning
W_002,7/24/2026 14:02,Warning,Warning,Warning,Warning
W_002,7/24/2026 14:02,Warning,Warning,Warning,Warning
W_002,7/24/2026 14:02,Warning,Warning,Warning,Warning
W_002,7/24/2026 14:02,Warning,Warning,Warning,Warning
W_002,7/24/2026 14:02,Warning,Warning,Warning,Warning
W_002,7/24/2026 14:02,Warning,Warning,Warning,Warning
W_002,7/24/2026 14:02,Warning,Warning,Warning,Warning
W_002,7/24/2026 14:02,Warning,Warning,Warning,Warning
W_002,7/24/2026 14:02,Warning,Warning,Warning,Warning
W_002,7/24/2026 14:02,Warning,Warning,Warning,Warning
W_002,7/24/2026 14:02,Warning,Warning,Warning,Warning
W_002,7/24/2026 14:02,Warning,Warning,Warning,Warning
W_002,7/24/2026 14:02,Warning,Warning,Warning,Warning
W_002,7/24/2026 14:02,Warning,Warning,Warning,Warning
W_002,7/24/2026 14:02,Warning,Warning,Warning,Warning
W_002,7/24/2026 14:02,Warning,Warning,Warning,Warning
W_002,7/24/2026 14:02,Warning,Warning,Warning,Warning
W_002,7/24/2026 14:02,Warning,Warning,Warning,Warning
W_002,7/24/2026 14:02,Warning,Warning,Warning,Warning
W_002,7/24/2026 14:02,Warning,Warning,Warning,Warning
W_002,7/24/2026 14:02,Warning,Warning,Warning,Warning
W_002,7/24/2026 14:02,Warning,Warning,Warning,Warning
W_002,7/24/2026 14:02,Warning,Warning,Warning,Warning
W_002,7/24/2026 14:02,Warning,Warning,Warning,Warning
W_002,7/24/2026 14:02,Warning,Warning,Warning,Warning
W_002,7/24/2026 14:02,Warning,Warning,Warning,Warning
W_002,7/24/2026 14:02,Warning,Warning,Warning,Warning
W_002,7/24/2026 14:02,Warning,Warning,Warning,Warning
W_002,7/24/2026 14:02,Warning,Warning,Warning,Warning
W_002,7/24/2026 14:02,Warning,Warning,Warning,Warning
W_002,7/24/2026 14:02,Warning,Warning,Warning,Warning
W_002,7/24/2026 14:02,Warning,Warning,Warning,Warning
W_002,7/24/2026 14:02,Warning,Warning,Warning,Warning
W_002,7/24/2026 14:02,Warning,Warning,Warning,Warning
W_002,7/24/2026 14:02,Warning,Warning,Warning,Warning
W_002,7/24/2026 14:02,Warning,Warning,Warning,Warning
W_002,7/24/2026 14:02,Warning,Warning,Warning,Warning
W_002,7/24/2026 14:02,Warning,Warning,Warning,Warning
W_002,7/24/2026 14:02,Warning,Warning,Warning,Warning
W_002,7/24/2026 14:02,Warning,Warning,Warning,Warning
W_002,7/24/2026 14:02,Warning,Warning,Warning,Warning
W_002,7/24/2026 14:02,Warning,Warning,Warning,Warning
W_002,7/24/2026 14:02,Warning,Warning,Warning,Warning
W_002,7/24/2026 14:02,Warning,Warning,Warning,Warning
W_002,7/24/2026 14:02,Warning,Warning,Warning,Warning
W_002,7/24/2026 14:03,Warning,Warning,Warning,Warning
W_002,7/24/2026 14:03,Warning,Warning,Warning,Warning
W_002,7/24/2026 14:03,Safe,Safe,Safe,Warning
W_002,7/24/2026 14:03,Safe,Safe,Safe,Warning
W_002,7/24/2026 14:03,Safe,Safe,Safe,Warning
W_002,7/24/2026 14:03,Safe,Safe,Safe,Warning
W_002,7/24/2026 14:03,Safe,Safe,Safe,Warning
W_002,7/24/2026 14:03,Safe,Safe,Safe,Warning
W_002,7/24/2026 14:03,Safe,Safe,Safe,Warning
W_002,7/24/2026 14:03,Safe,Safe,Safe,Warning
W_002,7/24/2026 14:03,Safe,Safe,Safe,Warning
W_002,7/24/2026 14:03,Safe,Safe,Safe,Warning
W_002,7/24/2026 14:03,Safe,Safe,Safe,Warning
W_002,7/24/2026 14:03,Safe,Safe,Safe,Warning
W_002,7/24/2026 14:03,Safe,Safe,Safe,Warning
W_002,7/24/2026 14:03,Safe,Safe,Safe,Warning
W_002,7/24/2026 14:03,Safe,Safe,Safe,Warning
W_002,7/24/2026 14:03,Safe,Safe,Safe,Warning
W_002,7/24/2026 14:03,Safe,Safe,Safe,Warning
W_002,7/24/2026 14:03,Safe,Safe,Safe,Warning
W_002,7/24/2026 14:03,Safe,Safe,Safe,Warning
W_002,7/24/2026 14:03,Safe,Safe,Safe,Warning
W_002,7/24/2026 14:03,Safe,Safe,Safe,Warning
W_002,7/24/2026 14:03,Safe,Safe,Safe,Warning
W_002,7/24/2026 14:03,Safe,Safe,Safe,Warning
W_002,7/24/2026 14:03,Safe,Safe,Safe,Warning
W_002,7/24/2026 14:03,Safe,Safe,Safe,Warning
W_002,7/24/2026 14:03,Safe,Safe,Safe,Warning
W_002,7/24/2026 14:03,Safe,Safe,Safe,Warning
W_002,7/24/2026 14:03,Safe,Safe,Safe,Warning
W_002,7/24/2026 14:03,Safe,Safe,Safe,Warning
W_002,7/24/2026 14:03,Safe,Safe,Safe,Warning
W_002,7/24/2026 14:03,Safe,Safe,Safe,Warning
W_002,7/24/2026 14:03,Safe,Safe,Safe,Warning
W_002,7/24/2026 14:03,Safe,Safe,Safe,Warning
W_002,7/24/2026 14:03,Safe,Safe,Safe,Warning
W_002,7/24/2026 14:03,Safe,Safe,Safe,Warning
W_002,7/24/2026 14:03,Safe,Safe,Safe,Warning
W_002,7/24/2026 14:03,Safe,Safe,Safe,Warning
W_002,7/24/2026 14:03,Safe,Safe,Safe,Warning
W_002,7/24/2026 14:03,Safe,Safe,Safe,Warning
W_002,7/24/2026 14:03,Safe,Safe,Safe,Warning
W_002,7/24/2026 14:03,Safe,Safe,Safe,Warning
W_002,7/24/2026 14:03,Safe,Safe,Safe,Warning
W_002,7/24/2026 14:03,Safe,Safe,Safe,Warning
W_002,7/24/2026 14:03,Safe,Safe,Safe,Warning
W_002,7/24/2026 14:03,Safe,Safe,Safe,Warning
W_002,7/24/2026 14:03,Safe,Safe,Safe,Warning
W_002,7/24/2026 14:03,Safe,Safe,Safe,Warning
W_002,7/24/2026 14:03,Safe,Safe,Safe,Warning
W_002,7/24/2026 14:03,Safe,Safe,Safe,Warning
W_002,7/24/2026 14:03,Safe,Safe,Safe,Warning
W_002,7/24/2026 14:03,Safe,Safe,Safe,Warning
W_002,7/24/2026 14:03,Safe,Safe,Safe,Warning
W_002,7/24/2026 14:03,Safe,Safe,Safe,Warning
W_002,7/24/2026 14:03,Safe,Safe,Safe,Warning
W_002,7/24/2026 14:03,Safe,Safe,Safe,Warning
W_002,7/24/2026 14:03,Safe,Safe,Safe,Warning
W_002,7/24/2026 14:03,Safe,Safe,Safe,Warning
W_002,7/24/2026 14:03,Safe,Safe,Safe,Warning
W_002,7/24/2026 14:04,Safe,Safe,Safe,Warning
W_002,7/24/2026 14:04,Safe,Safe,Safe,Warning
W_002,7/24/2026 14:04,Safe,Safe,Safe,Warning
W_002,7/24/2026 14:04,Safe,Safe,Safe,Warning
W_002,7/24/2026 14:04,Safe,Safe,Safe,Warning
W_002,7/24/2026 14:04,Safe,Safe,Safe,Warning
W_002,7/24/2026 14:04,Safe,Safe,Safe,Warning
W_002,7/24/2026 14:04,Safe,Safe,Safe,Safe
W_002,7/24/2026 14:04,Safe,Safe,Safe,Warning
W_002,7/24/2026 14:04,Safe,Safe,Safe,Warning
W_002,7/24/2026 14:04,Safe,Safe,Safe,Warning
W_002,7/24/2026 14:04,Safe,Safe,Safe,Warning
W_002,7/24/2026 14:04,Safe,Safe,Safe,Warning
W_002,7/24/2026 14:04,Safe,Safe,Safe,Warning
W_002,7/24/2026 14:04,Safe,Safe,Safe,Warning
W_002,7/24/2026 14:04,Safe,Safe,Safe,Warning
W_002,7/24/2026 14:04,Safe,Safe,Safe,Warning
W_002,7/24/2026 14:04,Safe,Safe,Safe,Warning
W_002,7/24/2026 14:04,Safe,Safe,Safe,Warning
W_002,7/24/2026 14:04,Safe,Safe,Safe,Warning
W_002,7/24/2026 14:04,Safe,Safe,Safe,Warning
W_002,7/24/2026 14:04,Safe,Safe,Safe,Warning
W_002,7/24/2026 14:04,Safe,Safe,Safe,Warning
W_002,7/24/2026 14:04,Safe,Safe,Safe,Warning
W_002,7/24/2026 14:04,Safe,Safe,Safe,Warning
W_002,7/24/2026 14:04,Safe,Safe,Safe,Warning
W_002,7/24/2026 14:04,Safe,Safe,Safe,Warning
W_002,7/24/2026 14:04,Safe,Safe,Safe,Warning
W_002,7/24/2026 14:04,Safe,Safe,Safe,Warning
W_002,7/24/2026 14:04,Safe,Safe,Safe,Warning
W_002,7/24/2026 14:04,Safe,Safe,Safe,Warning
W_002,7/24/2026 14:04,Safe,Safe,Safe,Warning
W_002,7/24/2026 14:04,Safe,Safe,Safe,Warning
W_002,7/24/2026 14:04,Safe,Safe,Safe,Warning
W_002,7/24/2026 14:04,Safe,Safe,Safe,Warning
W_002,7/24/2026 14:04,Safe,Safe,Safe,Warning
W_002,7/24/2026 14:04,Safe,Safe,Safe,Warning
W_002,7/24/2026 14:04,Safe,Safe,Safe,Warning
W_002,7/24/2026 14:04,Safe,Safe,Safe,Warning
W_002,7/24/2026 14:04,Safe,Safe,Safe,Warning
W_002,7/24/2026 14:04,Safe,Safe,Safe,Warning
W_002,7/24/2026 14:04,Safe,Safe,Safe,Warning
W_002,7/24/2026 14:04,Safe,Safe,Safe,Warning
W_002,7/24/2026 14:04,Warning,Safe,Safe,Warning
W_002,7/24/2026 14:04,Warning,Safe,Safe,Warning
W_002,7/24/2026 14:04,Warning,Safe,Safe,Warning
W_002,7/24/2026 14:04,Warning,Safe,Safe,Warning
W_002,7/24/2026 14:04,Warning,Safe,Safe,Warning
W_002,7/24/2026 14:04,Warning,Safe,Safe,Warning
W_002,7/24/2026 14:04,Warning,Safe,Safe,Warning
W_002,7/24/2026 14:04,Warning,Safe,Safe,Warning
W_002,7/24/2026 14:04,Warning,Safe,Safe,Warning
W_002,7/24/2026 14:04,Warning,Safe,Safe,Warning
W_002,7/24/2026 14:04,Warning,Safe,Safe,Warning
W_002,7/24/2026 14:04,Warning,Safe,Safe,Warning
W_002,7/24/2026 14:04,Warning,Safe,Safe,Warning
W_002,7/24/2026 14:04,Warning,Safe,Safe,Warning
W_002,7/24/2026 14:04,Warning,Safe,Safe,Warning
W_002,7/24/2026 14:04,Warning,Safe,Safe,Warning
W_002,7/24/2026 14:04,Warning,Safe,Safe,Warning
W_002,7/24/2026 14:05,Warning,Safe,Safe,Warning
W_002,7/24/2026 14:05,Warning,Safe,Safe,Warning
W_002,7/24/2026 14:05,Warning,Safe,Safe,Warning
W_002,7/24/2026 14:05,Warning,Safe,Safe,Warning
W_002,7/24/2026 14:05,Warning,Safe,Safe,Warning
W_002,7/24/2026 14:05,Safe,Safe,Safe,Warning
W_002,7/24/2026 14:05,Safe,Safe,Safe,Warning
W_002,7/24/2026 14:05,Safe,Safe,Safe,Warning
W_002,7/24/2026 14:05,Safe,Safe,Safe,Warning
W_002,7/24/2026 14:05,Safe,Safe,Safe,Warning
W_002,7/24/2026 14:05,Safe,Safe,Safe,Warning
W_002,7/24/2026 14:05,Safe,Safe,Safe,Warning
W_002,7/24/2026 14:05,Safe,Safe,Safe,Warning
W_002,7/24/2026 14:05,Safe,Safe,Safe,Warning
W_002,7/24/2026 14:05,Safe,Safe,Safe,Safe
W_002,7/24/2026 14:05,Safe,Safe,Safe,Warning
W_002,7/24/2026 14:05,Safe,Safe,Safe,Warning
W_002,7/24/2026 14:05,Safe,Safe,Safe,Warning
W_002,7/24/2026 14:05,Safe,Safe,Safe,Safe
W_002,7/24/2026 14:05,Safe,Safe,Safe,Warning
W_002,7/24/2026 14:05,Safe,Safe,Safe,Safe
W_002,7/24/2026 14:05,Safe,Safe,Safe,Safe
W_002,7/24/2026 14:05,Safe,Safe,Safe,Safe
W_002,7/24/2026 14:05,Safe,Safe,Safe,Safe
W_002,7/24/2026 14:05,Safe,Safe,Safe,Safe
W_002,7/24/2026 14:05,Safe,Safe,Safe,Safe
W_002,7/24/2026 14:05,Safe,Safe,Safe,Safe
W_002,7/24/2026 14:05,Safe,Safe,Safe,Safe
W_002,7/24/2026 14:05,Safe,Safe,Safe,Safe
W_002,7/24/2026 14:05,Safe,Safe,Safe,Safe
W_002,7/24/2026 14:05,Safe,Safe,Safe,Safe
W_002,7/24/2026 14:05,Safe,Safe,Safe,Safe
W_002,7/24/2026 14:05,Safe,Safe,Safe,Safe
W_002,7/24/2026 14:05,Safe,Safe,Safe,Safe
W_002,7/24/2026 14:05,Safe,Safe,Safe,Safe
W_002,7/24/2026 14:05,Safe,Safe,Safe,Safe
W_002,7/24/2026 14:05,Safe,Safe,Safe,Safe
W_002,7/24/2026 14:05,Safe,Safe,Safe,Safe
W_002,7/24/2026 14:05,Safe,Safe,Safe,Safe
W_002,7/24/2026 14:05,Safe,Safe,Safe,Safe
W_002,7/24/2026 14:05,Safe,Safe,Safe,Safe
W_002,7/24/2026 14:05,Safe,Safe,Safe,Safe
W_002,7/24/2026 14:05,Safe,Safe,Safe,Safe
W_002,7/24/2026 14:05,Safe,Safe,Safe,Safe
W_002,7/24/2026 14:05,Safe,Safe,Safe,Safe
W_002,7/24/2026 14:05,Safe,Safe,Safe,Safe
W_002,7/24/2026 14:05,Safe,Safe,Safe,Safe
W_002,7/24/2026 14:05,Safe,Safe,Safe,Safe
W_002,7/24/2026 14:05,Safe,Safe,Safe,Safe
W_002,7/24/2026 14:05,Safe,Safe,Safe,Safe
W_002,7/24/2026 14:05,Safe,Safe,Safe,Safe
W_002,7/24/2026 14:05,Safe,Safe,Safe,Safe
W_002,7/24/2026 14:05,Safe,Safe,Safe,Safe
W_002,7/24/2026 14:05,Safe,Safe,Safe,Safe
W_002,7/24/2026 14:05,Safe,Safe,Safe,Safe
W_002,7/24/2026 14:05,Safe,Safe,Safe,Safe
W_002,7/24/2026 14:05,Safe,Safe,Safe,Safe
W_002,7/24/2026 14:05,Safe,Safe,Safe,Safe
W_002,7/24/2026 14:05,Safe,Safe,Safe,Safe
W_002,7/24/2026 14:05,Safe,Safe,Safe,Safe
W_002,7/24/2026 14:06,Safe,Safe,Safe,Safe
W_002,7/24/2026 14:06,Safe,Safe,Safe,Safe
W_002,7/24/2026 14:06,Safe,Safe,Safe,Safe
W_002,7/24/2026 14:06,Safe,Safe,Safe,Safe
W_002,7/24/2026 14:06,Safe,Safe,Safe,Safe
W_002,7/24/2026 14:06,Safe,Safe,Safe,Safe
W_002,7/24/2026 14:06,Safe,Safe,Safe,Safe
W_002,7/24/2026 14:06,Safe,Safe,Safe,Safe
W_002,7/24/2026 14:06,Safe,Safe,Safe,Safe
W_002,7/24/2026 14:06,Safe,Safe,Safe,Safe
W_002,7/24/2026 14:06,Safe,Safe,Safe,Safe
W_002,7/24/2026 14:06,Safe,Safe,Safe,Safe
W_002,7/24/2026 14:06,Safe,Safe,Safe,Safe
W_002,7/24/2026 14:06,Safe,Safe,Safe,Safe
W_002,7/24/2026 14:06,Safe,Safe,Safe,Safe
W_002,7/24/2026 14:06,Safe,Safe,Safe,Safe
W_002,7/24/2026 14:06,Safe,Safe,Safe,Safe
W_002,7/24/2026 14:06,Safe,Safe,Safe,Safe
W_002,7/24/2026 14:06,Safe,Safe,Safe,Safe
W_002,7/24/2026 14:06,Safe,Safe,Safe,Safe
W_002,7/24/2026 14:06,Safe,Safe,Safe,Safe
W_002,7/24/2026 14:06,Safe,Safe,Safe,Safe
W_002,7/24/2026 14:06,Safe,Safe,Safe,Safe
W_002,7/24/2026 14:06,Safe,Safe,Safe,Safe
W_002,7/24/2026 14:06,Safe,Safe,Safe,Safe
W_002,7/24/2026 14:06,Safe,Safe,Safe,Safe
W_002,7/24/2026 14:06,Safe,Safe,Safe,Safe
W_002,7/24/2026 14:06,Safe,Safe,Safe,Safe
W_002,7/24/2026 14:06,Safe,Safe,Safe,Safe
W_002,7/24/2026 14:06,Safe,Safe,Safe,Safe
W_002,7/24/2026 14:06,Safe,Safe,Safe,Safe
W_002,7/24/2026 14:06,Safe,Safe,Safe,Safe
W_002,7/24/2026 14:06,Safe,Safe,Safe,Safe
W_002,7/24/2026 14:06,Safe,Safe,Safe,Safe
W_002,7/24/2026 14:06,Safe,Safe,Safe,Safe
W_002,7/24/2026 14:06,Safe,Safe,Safe,Safe
W_002,7/24/2026 14:06,Safe,Safe,Safe,Safe
W_002,7/24/2026 14:06,Safe,Safe,Safe,Safe
W_002,7/24/2026 14:06,Safe,Safe,Safe,Safe
W_002,7/24/2026 14:06,Safe,Safe,Safe,Safe
W_002,7/24/2026 14:06,Safe,Safe,Safe,Safe
W_002,7/24/2026 14:06,Safe,Safe,Safe,Safe
W_002,7/24/2026 14:06,Safe,Safe,Safe,Safe
W_002,7/24/2026 14:06,Safe,Safe,Safe,Safe
W_002,7/24/2026 14:06,Safe,Safe,Safe,Safe
W_002,7/24/2026 14:06,Safe,Safe,Safe,Safe
W_002,7/24/2026 14:06,Safe,Safe,Safe,Safe
W_002,7/24/2026 14:06,Safe,Safe,Safe,Safe
W_002,7/24/2026 14:06,Safe,Safe,Safe,Safe
W_002,7/24/2026 14:06,Safe,Safe,Safe,Safe
W_002,7/24/2026 14:06,Safe,Safe,Safe,Safe
W_002,7/24/2026 14:06,Safe,Safe,Safe,Safe
W_002,7/24/2026 14:06,Safe,Safe,Safe,Safe
W_002,7/24/2026 14:06,Safe,Safe,Safe,Safe
W_002,7/24/2026 14:06,Safe,Safe,Safe,Safe
W_002,7/24/2026 14:06,Safe,Safe,Safe,Safe
W_002,7/24/2026 14:06,Safe,Safe,Safe,Safe
W_002,7/24/2026 14:06,Safe,Safe,Safe,Safe
W_002,7/24/2026 14:06,Safe,Safe,Safe,Safe
W_002,7/24/2026 14:06,Safe,Safe,Safe,Safe
W_002,7/24/2026 14:07,Safe,Safe,Safe,Safe
W_002,7/24/2026 14:07,Safe,Safe,Safe,Safe
W_002,7/24/2026 14:07,Safe,Safe,Safe,Warning
W_002,7/24/2026 14:07,Safe,Safe,Safe,Safe
W_002,7/24/2026 14:07,Safe,Safe,Safe,Safe
W_002,7/24/2026 14:07,Safe,Safe,Safe,Safe
W_002,7/24/2026 14:07,Safe,Safe,Safe,Safe
W_002,7/24/2026 14:07,Safe,Safe,Safe,Safe
W_002,7/24/2026 14:07,Safe,Safe,Safe,Safe
W_002,7/24/2026 14:07,Safe,Safe,Safe,Safe
W_002,7/24/2026 14:07,Safe,Safe,Safe,Safe
W_002,7/24/2026 14:07,Safe,Safe,Safe,Safe
W_002,7/24/2026 14:07,Safe,Safe,Safe,Safe
W_002,7/24/2026 14:07,Safe,Safe,Safe,Safe
W_002,7/24/2026 14:07,Safe,Safe,Safe,Safe
W_002,7/24/2026 14:07,Safe,Safe,Safe,Safe
W_002,7/24/2026 14:07,Safe,Safe,Safe,Safe
W_002,7/24/2026 14:07,Safe,Safe,Safe,Safe
W_002,7/24/2026 14:07,Safe,Safe,Safe,Safe
W_002,7/24/2026 14:07,Safe,Safe,Safe,Safe
W_002,7/24/2026 14:07,Safe,Safe,Safe,Safe
W_002,7/24/2026 14:07,Safe,Safe,Safe,Safe
W_002,7/24/2026 14:07,Safe,Safe,Safe,Safe
W_002,7/24/2026 14:07,Safe,Safe,Safe,Safe
W_002,7/24/2026 14:07,Safe,Safe,Safe,Safe
W_002,7/24/2026 14:07,Safe,Safe,Safe,Safe
W_002,7/24/2026 14:07,Safe,Safe,Safe,Safe
W_002,7/24/2026 14:07,Safe,Safe,Safe,Safe
W_002,7/24/2026 14:07,Safe,Safe,Safe,Safe
W_002,7/24/2026 14:07,Safe,Safe,Safe,Safe
W_002,7/24/2026 14:07,Safe,Safe,Safe,Safe
W_002,7/24/2026 14:07,Safe,Safe,Safe,Safe
W_002,7/24/2026 14:07,Safe,Safe,Safe,Safe
W_002,7/24/2026 14:07,Safe,Safe,Safe,Safe
W_002,7/24/2026 14:07,Safe,Safe,Safe,Safe
W_002,7/24/2026 14:07,Safe,Safe,Safe,Safe
W_002,7/24/2026 14:07,Safe,Safe,Safe,Safe
W_002,7/24/2026 14:07,Safe,Safe,Safe,Safe
W_002,7/24/2026 14:07,Safe,Safe,Safe,Safe
W_002,7/24/2026 14:07,Safe,Safe,Safe,Safe
W_002,7/24/2026 14:07,Safe,Safe,Safe,Safe
W_002,7/24/2026 14:07,Safe,Safe,Safe,Safe
W_002,7/24/2026 14:07,Safe,Safe,Safe,Safe
W_002,7/24/2026 14:07,Safe,Safe,Safe,Safe
W_002,7/24/2026 14:07,Safe,Safe,Safe,Safe
W_002,7/24/2026 14:07,Safe,Safe,Safe,Safe
W_002,7/24/2026 14:07,Safe,Safe,Safe,Safe
W_002,7/24/2026 14:07,Safe,Safe,Safe,Safe
W_002,7/24/2026 14:07,Safe,Safe,Safe,Safe
W_002,7/24/2026 14:07,Safe,Safe,Safe,Safe
W_002,7/24/2026 14:07,Safe,Safe,Safe,Safe
W_002,7/24/2026 14:07,Safe,Safe,Safe,Safe
W_002,7/24/2026 14:07,Safe,Safe,Safe,Safe
W_002,7/24/2026 14:07,Safe,Safe,Safe,Safe
W_002,7/24/2026 14:07,Safe,Safe,Safe,Safe
W_002,7/24/2026 14:07,Safe,Safe,Safe,Safe
W_002,7/24/2026 14:07,Safe,Safe,Safe,Safe
W_002,7/24/2026 14:07,Safe,Safe,Safe,Safe
W_002,7/24/2026 14:07,Safe,Safe,Safe,Safe
W_002,7/24/2026 14:07,Safe,Safe,Safe,Safe
W_002,7/24/2026 14:08,Safe,Safe,Safe,Safe
W_002,7/24/2026 14:08,Safe,Safe,Safe,Safe
W_002,7/24/2026 14:08,Safe,Safe,Safe,Safe
W_002,7/24/2026 14:08,Safe,Safe,Safe,Safe
W_002,7/24/2026 14:08,Safe,Safe,Safe,Safe
W_002,7/24/2026 14:08,Safe,Safe,Safe,Safe
W_002,7/24/2026 14:08,Safe,Safe,Safe,Safe
W_002,7/24/2026 14:08,Safe,Safe,Safe,Safe
W_002,7/24/2026 14:08,Safe,Safe,Safe,Safe
W_002,7/24/2026 14:08,Safe,Safe,Safe,Safe
W_002,7/24/2026 14:08,Safe,Safe,Safe,Safe
W_002,7/24/2026 14:08,Safe,Safe,Safe,Safe
W_002,7/24/2026 14:08,Safe,Safe,Safe,Safe
W_002,7/24/2026 14:08,Safe,Safe,Safe,Safe
W_002,7/24/2026 14:08,Safe,Safe,Safe,Safe
W_002,7/24/2026 14:08,Safe,Safe,Safe,Safe
W_002,7/24/2026 14:08,Safe,Safe,Safe,Safe
W_002,7/24/2026 14:08,Safe,Safe,Safe,Safe
W_002,7/24/2026 14:08,Safe,Safe,Safe,Safe
W_002,7/24/2026 14:08,Safe,Safe,Safe,Safe
W_002,7/24/2026 14:08,Safe,Safe,Safe,Safe
W_002,7/24/2026 14:08,Safe,Safe,Safe,Safe
W_002,7/24/2026 14:08,Safe,Safe,Safe,Safe
W_002,7/24/2026 14:08,Safe,Safe,Safe,Safe
W_002,7/24/2026 14:08,Safe,Safe,Safe,Safe
W_002,7/24/2026 14:08,Safe,Safe,Safe,Safe
W_002,7/24/2026 14:08,Safe,Safe,Safe,Safe
W_002,7/24/2026 14:08,Safe,Safe,Safe,Safe
W_002,7/24/2026 14:08,Safe,Safe,Safe,Safe
W_002,7/24/2026 14:08,Safe,Safe,Safe,Safe
W_002,7/24/2026 14:08,Safe,Safe,Safe,Safe
W_002,7/24/2026 14:08,Safe,Safe,Safe,Safe
W_002,7/24/2026 14:08,Safe,Safe,Safe,Safe
W_002,7/24/2026 14:08,Safe,Safe,Safe,Safe
W_002,7/24/2026 14:08,Safe,Safe,Safe,Safe
W_002,7/24/2026 14:08,Safe,Safe,Safe,Safe
W_002,7/24/2026 14:08,Safe,Safe,Safe,Safe
W_002,7/24/2026 14:08,Safe,Safe,Safe,Safe
W_002,7/24/2026 14:08,Safe,Safe,Safe,Safe
W_002,7/24/2026 14:08,Safe,Safe,Safe,Safe
W_002,7/24/2026 14:08,Safe,Safe,Safe,Safe
W_002,7/24/2026 14:08,Safe,Safe,Safe,Safe
W_002,7/24/2026 14:08,Safe,Safe,Safe,Safe
W_002,7/24/2026 14:08,Safe,Safe,Safe,Safe
W_002,7/24/2026 14:08,Safe,Safe,Safe,Safe
W_002,7/24/2026 14:08,Safe,Safe,Safe,Safe
W_002,7/24/2026 14:08,Safe,Safe,Safe,Safe
W_002,7/24/2026 14:08,Safe,Safe,Safe,Safe
W_002,7/24/2026 14:08,Safe,Safe,Safe,Safe
W_002,7/24/2026 14:08,Safe,Safe,Safe,Safe
W_002,7/24/2026 14:08,Safe,Safe,Safe,Safe
W_002,7/24/2026 14:08,Safe,Safe,Safe,Safe
W_002,7/24/2026 14:08,Safe,Safe,Safe,Safe
W_002,7/24/2026 14:08,Safe,Safe,Safe,Safe
W_002,7/24/2026 14:08,Safe,Safe,Safe,Safe
W_002,7/24/2026 14:08,Safe,Safe,Safe,Safe
W_002,7/24/2026 14:08,Safe,Safe,Safe,Safe
W_002,7/24/2026 14:08,Safe,Safe,Safe,Safe
W_002,7/24/2026 14:08,Safe,Safe,Safe,Safe
W_002,7/24/2026 14:08,Safe,Safe,Safe,Safe
W_002,7/24/2026 14:09,Safe,Safe,Safe,Safe
W_002,7/24/2026 14:09,Safe,Safe,Safe,Safe
W_002,7/24/2026 14:09,Safe,Safe,Safe,Safe
W_002,7/24/2026 14:09,Safe,Safe,Safe,Safe
W_002,7/24/2026 14:09,Safe,Safe,Safe,Safe
W_002,7/24/2026 14:09,Safe,Safe,Safe,Safe
W_002,7/24/2026 14:09,Safe,Safe,Safe,Safe
W_002,7/24/2026 14:09,Safe,Safe,Safe,Safe
W_002,7/24/2026 14:09,Safe,Safe,Safe,Safe
W_002,7/24/2026 14:09,Safe,Safe,Safe,Safe
W_002,7/24/2026 14:09,Safe,Safe,Safe,Safe
W_002,7/24/2026 14:09,Safe,Safe,Safe,Safe
W_002,7/24/2026 14:09,Safe,Safe,Safe,Safe
W_002,7/24/2026 14:09,Safe,Safe,Safe,Safe
W_002,7/24/2026 14:09,Safe,Safe,Safe,Safe
W_002,7/24/2026 14:09,Safe,Safe,Safe,Safe
W_002,7/24/2026 14:09,Safe,Safe,Safe,Safe
W_002,7/24/2026 14:09,Safe,Safe,Safe,Safe
W_002,7/24/2026 14:09,Safe,Safe,Safe,Safe
W_002,7/24/2026 14:09,Safe,Safe,Safe,Safe
W_002,7/24/2026 14:09,Safe,Safe,Safe,Safe
W_002,7/24/2026 14:09,Safe,Safe,Safe,Safe
W_002,7/24/2026 14:09,Safe,Safe,Safe,Safe
W_002,7/24/2026 14:09,Safe,Safe,Safe,Safe
W_002,7/24/2026 14:09,Safe,Safe,Safe,Safe
W_002,7/24/2026 14:09,Safe,Safe,Safe,Safe
W_002,7/24/2026 14:09,Safe,Safe,Safe,Safe
W_002,7/24/2026 14:09,Safe,Safe,Safe,Safe
W_002,7/24/2026 14:09,Safe,Safe,Safe,Safe
W_002,7/24/2026 14:09,Safe,Safe,Safe,Safe
W_002,7/24/2026 14:09,Safe,Safe,Safe,Safe
W_002,7/24/2026 14:09,Safe,Safe,Safe,Safe
W_002,7/24/2026 14:09,Safe,Safe,Safe,Safe
W_002,7/24/2026 14:09,Safe,Safe,Safe,Safe
W_002,7/24/2026 14:09,Safe,Safe,Safe,Safe
W_002,7/24/2026 14:09,Safe,Safe,Safe,Safe
W_002,7/24/2026 14:09,Safe,Safe,Safe,Safe
W_002,7/24/2026 14:09,Safe,Safe,Safe,Safe
W_002,7/24/2026 14:09,Safe,Safe,Safe,Safe
W_002,7/24/2026 14:09,Safe,Safe,Safe,Safe
W_002,7/24/2026 14:09,Safe,Safe,Safe,Safe
W_002,7/24/2026 14:09,Safe,Safe,Safe,Safe
W_002,7/24/2026 14:09,Safe,Safe,Safe,Safe
W_002,7/24/2026 14:09,Safe,Safe,Safe,Safe
W_002,7/24/2026 14:09,Safe,Safe,Safe,Safe
W_002,7/24/2026 14:09,Safe,Safe,Safe,Safe
W_002,7/24/2026 14:09,Safe,Safe,Safe,Safe
W_002,7/24/2026 14:09,Safe,Safe,Safe,Safe
W_002,7/24/2026 14:09,Safe,Safe,Safe,Safe
W_002,7/24/2026 14:09,Safe,Safe,Safe,Safe
W_002,7/24/2026 14:09,Safe,Safe,Safe,Safe
W_002,7/24/2026 14:09,Safe,Safe,Safe,Safe
W_002,7/24/2026 14:09,Safe,Safe,Safe,Safe
W_002,7/24/2026 14:09,Safe,Safe,Safe,Safe
W_002,7/24/2026 14:09,Safe,Safe,Safe,Safe
W_002,7/24/2026 14:09,Safe,Safe,Safe,Safe
W_002,7/24/2026 14:09,Safe,Safe,Safe,Safe
W_002,7/24/2026 14:09,Safe,Safe,Safe,Safe
W_002,7/24/2026 14:09,Safe,Safe,Safe,Safe
W_002,7/24/2026 14:09,Safe,Safe,Safe,Safe
W_002,7/24/2026 14:10,Safe,Safe,Safe,Safe
W_002,7/24/2026 14:10,Safe,Safe,Safe,Safe
W_002,7/24/2026 14:10,Safe,Safe,Safe,Safe
W_002,7/24/2026 14:10,Safe,Safe,Safe,Safe
W_002,7/24/2026 14:10,Safe,Safe,Safe,Safe
W_002,7/24/2026 14:10,Safe,Safe,Safe,Safe
W_002,7/24/2026 14:10,Safe,Safe,Safe,Safe
W_002,7/24/2026 14:10,Safe,Safe,Safe,Safe
W_002,7/24/2026 14:10,Safe,Safe,Safe,Warning
W_002,7/24/2026 14:10,Safe,Safe,Safe,Warning
W_002,7/24/2026 14:10,Safe,Safe,Safe,Warning
W_002,7/24/2026 14:10,Safe,Safe,Safe,Safe
W_002,7/24/2026 14:10,Safe,Safe,Safe,Safe
W_002,7/24/2026 14:10,Safe,Safe,Safe,Safe
W_002,7/24/2026 14:10,Safe,Safe,Safe,Safe
W_002,7/24/2026 14:10,Safe,Safe,Safe,Safe
W_002,7/24/2026 14:10,Safe,Safe,Safe,Safe
W_002,7/24/2026 14:10,Safe,Safe,Safe,Safe
W_002,7/24/2026 14:10,Safe,Safe,Safe,Safe
W_002,7/24/2026 14:10,Safe,Safe,Safe,Safe
W_002,7/24/2026 14:10,Safe,Safe,Safe,Safe
W_002,7/24/2026 14:10,Safe,Safe,Safe,Safe
W_002,7/24/2026 14:10,Safe,Safe,Safe,Safe
W_002,7/24/2026 14:10,Safe,Safe,Safe,Safe
W_002,7/24/2026 14:10,Safe,Safe,Safe,Safe
W_002,7/24/2026 14:10,Safe,Safe,Safe,Warning
W_002,7/24/2026 14:10,Safe,Safe,Safe,Warning
W_002,7/24/2026 14:10,Safe,Safe,Safe,Safe
W_002,7/24/2026 14:10,Safe,Safe,Safe,Warning
W_002,7/24/2026 14:10,Safe,Safe,Safe,Warning
W_002,7/24/2026 14:10,Safe,Safe,Safe,Warning
W_002,7/24/2026 14:10,Safe,Safe,Safe,Warning
W_002,7/24/2026 14:10,Safe,Safe,Safe,Warning
W_002,7/24/2026 14:10,Safe,Safe,Safe,Warning
W_002,7/24/2026 14:10,Safe,Safe,Safe,Warning
W_002,7/24/2026 14:10,Safe,Safe,Safe,Warning
W_002,7/24/2026 14:10,Safe,Safe,Safe,Warning
W_002,7/24/2026 14:10,Safe,Safe,Safe,Warning
W_002,7/24/2026 14:10,Safe,Safe,Safe,Warning
W_002,7/24/2026 14:10,Safe,Safe,Safe,Warning
W_002,7/24/2026 14:10,Safe,Safe,Safe,Warning
W_002,7/24/2026 14:10,Safe,Safe,Safe,Safe
W_002,7/24/2026 14:10,Safe,Safe,Safe,Safe
W_002,7/24/2026 14:10,Safe,Safe,Safe,Safe
W_002,7/24/2026 14:10,Safe,Safe,Safe,Safe
W_002,7/24/2026 14:10,Safe,Safe,Safe,Safe
W_002,7/24/2026 14:10,Safe,Safe,Safe,Safe
W_002,7/24/2026 14:10,Safe,Safe,Safe,Safe
W_002,7/24/2026 14:10,Safe,Safe,Safe,Safe
W_002,7/24/2026 14:10,Safe,Safe,Safe,Safe
W_002,7/24/2026 14:10,Safe,Safe,Safe,Safe
W_002,7/24/2026 14:10,Safe,Safe,Safe,Safe
W_002,7/24/2026 14:10,Safe,Safe,Safe,Safe
W_002,7/24/2026 14:10,Safe,Safe,Safe,Safe
W_002,7/24/2026 14:10,Safe,Safe,Safe,Safe
W_002,7/24/2026 14:10,Safe,Safe,Safe,Safe
W_002,7/24/2026 14:10,Safe,Safe,Safe,Safe
W_002,7/24/2026 14:10,Safe,Safe,Safe,Safe
W_002,7/24/2026 14:10,Safe,Safe,Safe,Safe
W_002,7/24/2026 14:10,Safe,Safe,Safe,Safe
W_002,7/24/2026 14:11,Safe,Safe,Safe,Safe
W_002,7/24/2026 14:11,Safe,Safe,Safe,Safe
W_002,7/24/2026 14:11,Safe,Safe,Safe,Safe
W_002,7/24/2026 14:11,Safe,Safe,Safe,Safe
W_002,7/24/2026 14:11,Safe,Safe,Safe,Safe
W_002,7/24/2026 14:11,Safe,Safe,Safe,Safe
W_002,7/24/2026 14:11,Safe,Safe,Safe,Safe
W_002,7/24/2026 14:11,Safe,Safe,Safe,Safe
W_002,7/24/2026 14:11,Safe,Safe,Safe,Safe
W_002,7/24/2026 14:11,Safe,Safe,Safe,Safe
W_002,7/24/2026 14:11,Safe,Safe,Safe,Safe
W_002,7/24/2026 14:11,Safe,Safe,Safe,Safe
W_002,7/24/2026 14:11,Safe,Safe,Safe,Safe
W_002,7/24/2026 14:11,Safe,Safe,Safe,Safe
W_002,7/24/2026 14:11,Safe,Safe,Safe,Safe
W_002,7/24/2026 14:11,Safe,Safe,Safe,Safe
W_002,7/24/2026 14:11,Safe,Safe,Safe,Safe
W_002,7/24/2026 14:11,Safe,Safe,Safe,Safe
W_002,7/24/2026 14:11,Safe,Safe,Safe,Safe
W_002,7/24/2026 14:11,Safe,Safe,Safe,Safe
W_002,7/24/2026 14:11,Safe,Safe,Safe,Safe
W_002,7/24/2026 14:11,Safe,Safe,Safe,Safe
W_002,7/24/2026 14:11,Safe,Safe,Safe,Safe
W_002,7/24/2026 14:11,Safe,Safe,Safe,Safe
W_002,7/24/2026 14:11,Safe,Safe,Safe,Safe
W_002,7/24/2026 14:11,Safe,Safe,Safe,Safe
W_002,7/24/2026 14:11,Safe,Safe,Safe,Safe
W_002,7/24/2026 14:11,Safe,Safe,Safe,Safe
W_002,7/24/2026 14:11,Safe,Safe,Safe,Safe
W_002,7/24/2026 14:11,Safe,Safe,Safe,Safe
W_002,7/24/2026 14:11,Safe,Safe,Safe,Safe
W_002,7/24/2026 14:11,Safe,Safe,Safe,Safe
W_002,7/24/2026 14:11,Safe,Safe,Safe,Safe
W_002,7/24/2026 14:11,Safe,Safe,Safe,Safe
W_002,7/24/2026 14:11,Safe,Safe,Safe,Safe
W_002,7/24/2026 14:11,Safe,Safe,Safe,Safe
W_002,7/24/2026 14:11,Safe,Safe,Safe,Safe
W_002,7/24/2026 14:11,Safe,Safe,Safe,Safe
W_002,7/24/2026 14:11,Safe,Safe,Safe,Safe
W_002,7/24/2026 14:11,Safe,Safe,Safe,Safe
W_002,7/24/2026 14:11,Safe,Safe,Safe,Safe
W_002,7/24/2026 14:11,Safe,Safe,Safe,Safe
W_002,7/24/2026 14:11,Safe,Safe,Safe,Safe
W_002,7/24/2026 14:11,Safe,Safe,Safe,Safe
W_002,7/24/2026 14:11,Safe,Safe,Safe,Safe
W_002,7/24/2026 14:11,Safe,Safe,Safe,Safe
W_002,7/24/2026 14:11,Safe,Safe,Safe,Safe
W_002,7/24/2026 14:11,Safe,Safe,Safe,Safe
W_002,7/24/2026 14:11,Safe,Safe,Safe,Safe
W_002,7/24/2026 14:11,Safe,Safe,Safe,Safe
W_002,7/24/2026 14:11,Safe,Safe,Safe,Safe
W_002,7/24/2026 14:11,Safe,Safe,Safe,Safe
W_002,7/24/2026 14:11,Safe,Safe,Safe,Safe
W_002,7/24/2026 14:11,Safe,Safe,Safe,Safe
W_002,7/24/2026 14:11,Safe,Safe,Safe,Safe
W_002,7/24/2026 14:11,Safe,Safe,Safe,Safe
W_002,7/24/2026 14:11,Safe,Safe,Safe,Safe
W_002,7/24/2026 14:11,Safe,Safe,Safe,Safe
W_002,7/24/2026 14:11,Safe,Safe,Safe,Safe
W_002,7/24/2026 14:11,Safe,Safe,Safe,Safe
W_002,7/24/2026 14:12,Safe,Safe,Safe,Safe
W_002,7/24/2026 14:12,Safe,Safe,Safe,Warning
W_002,7/24/2026 14:12,Safe,Safe,Safe,Safe
W_002,7/24/2026 14:12,Safe,Safe,Safe,Safe
W_002,7/24/2026 14:12,Safe,Safe,Safe,Safe
W_002,7/24/2026 14:12,Safe,Safe,Safe,Safe
W_002,7/24/2026 14:12,Safe,Safe,Safe,Safe
W_002,7/24/2026 14:12,Safe,Safe,Safe,Safe
W_002,7/24/2026 14:12,Safe,Safe,Safe,Safe
W_002,7/24/2026 14:12,Safe,Safe,Safe,Safe
W_002,7/24/2026 14:12,Safe,Safe,Safe,Safe
W_002,7/24/2026 14:12,Safe,Safe,Safe,Safe
W_002,7/24/2026 14:12,Safe,Safe,Safe,Safe
W_002,7/24/2026 14:12,Safe,Safe,Safe,Safe
W_002,7/24/2026 14:12,Safe,Safe,Safe,Safe
W_002,7/24/2026 14:12,Safe,Safe,Safe,Safe
W_002,7/24/2026 14:12,Safe,Safe,Safe,Safe
W_002,7/24/2026 14:12,Safe,Safe,Safe,Safe
W_002,7/24/2026 14:12,Safe,Safe,Safe,Safe
W_002,7/24/2026 14:12,Safe,Safe,Safe,Safe
W_002,7/24/2026 14:12,Safe,Safe,Safe,Safe
W_002,7/24/2026 14:12,Safe,Safe,Safe,Safe
W_002,7/24/2026 14:12,Safe,Safe,Safe,Safe
W_002,7/24/2026 14:12,Safe,Safe,Safe,Safe
W_002,7/24/2026 14:12,Safe,Safe,Safe,Safe
W_002,7/24/2026 14:12,Safe,Safe,Safe,Safe
W_002,7/24/2026 14:12,Safe,Safe,Safe,Safe
W_002,7/24/2026 14:12,Safe,Safe,Safe,Safe
W_002,7/24/2026 14:12,Safe,Safe,Safe,Safe
W_002,7/24/2026 14:12,Safe,Safe,Safe,Safe
W_002,7/24/2026 14:12,Safe,Safe,Safe,Safe
W_002,7/24/2026 14:12,Safe,Safe,Safe,Safe
W_002,7/24/2026 14:12,Safe,Safe,Safe,Safe
W_002,7/24/2026 14:12,Safe,Safe,Safe,Safe
W_002,7/24/2026 14:12,Safe,Safe,Safe,Safe
W_002,7/24/2026 14:12,Safe,Safe,Safe,Safe
W_002,7/24/2026 14:12,Safe,Safe,Safe,Safe
W_002,7/24/2026 14:12,Safe,Safe,Safe,Safe
W_002,7/24/2026 14:12,Safe,Safe,Safe,Safe
W_002,7/24/2026 14:12,Safe,Safe,Safe,Safe
W_002,7/24/2026 14:12,Safe,Safe,Safe,Safe
W_002,7/24/2026 14:12,Safe,Safe,Safe,Safe
W_002,7/24/2026 14:12,Safe,Safe,Safe,Safe
W_002,7/24/2026 14:12,Safe,Safe,Safe,Safe
W_002,7/24/2026 14:12,Safe,Safe,Safe,Safe
W_002,7/24/2026 14:12,Safe,Safe,Safe,Safe
W_002,7/24/2026 14:12,Safe,Safe,Safe,Safe
W_002,7/24/2026 14:12,Safe,Safe,Safe,Safe
W_002,7/24/2026 14:12,Safe,Safe,Safe,Safe
W_002,7/24/2026 14:12,Safe,Safe,Safe,Safe
W_002,7/24/2026 14:12,Safe,Safe,Safe,Safe
W_002,7/24/2026 14:12,Safe,Safe,Safe,Safe
W_002,7/24/2026 14:12,Safe,Safe,Safe,Safe
W_002,7/24/2026 14:12,Safe,Safe,Safe,Safe
W_002,7/24/2026 14:12,Safe,Safe,Safe,Safe
W_002,7/24/2026 14:12,Safe,Safe,Safe,Safe
W_002,7/24/2026 14:12,Safe,Safe,Safe,Safe
W_002,7/24/2026 14:12,Safe,Safe,Safe,Safe
W_002,7/24/2026 14:12,Safe,Safe,Safe,Safe
W_002,7/24/2026 14:12,Safe,Safe,Safe,Safe
W_002,7/24/2026 14:13,Safe,Safe,Safe,Safe
W_002,7/24/2026 14:13,Safe,Safe,Safe,Safe
W_002,7/24/2026 14:13,Safe,Safe,Safe,Safe
W_002,7/24/2026 14:13,Safe,Safe,Safe,Safe
W_002,7/24/2026 14:13,Safe,Safe,Safe,Safe
W_002,7/24/2026 14:13,Safe,Safe,Safe,Safe
W_002,7/24/2026 14:13,Safe,Safe,Safe,Safe
W_002,7/24/2026 14:13,Safe,Safe,Safe,Safe
W_002,7/24/2026 14:13,Safe,Safe,Safe,Safe
W_002,7/24/2026 14:13,Safe,Safe,Safe,Safe
W_002,7/24/2026 14:13,Safe,Safe,Safe,Safe
W_002,7/24/2026 14:13,Safe,Safe,Safe,Safe
W_002,7/24/2026 14:13,Safe,Safe,Safe,Safe
W_002,7/24/2026 14:13,Safe,Safe,Safe,Safe
W_002,7/24/2026 14:13,Safe,Safe,Safe,Safe
W_002,7/24/2026 14:13,Safe,Safe,Safe,Safe
W_002,7/24/2026 14:13,Safe,Safe,Safe,Safe
W_002,7/24/2026 14:13,Safe,Safe,Safe,Safe
W_002,7/24/2026 14:13,Safe,Safe,Safe,Safe
W_002,7/24/2026 14:13,Safe,Safe,Safe,Safe
W_002,7/24/2026 14:13,Safe,Safe,Safe,Safe
W_002,7/24/2026 14:13,Safe,Safe,Safe,Safe
W_002,7/24/2026 14:13,Safe,Safe,Safe,Safe
W_002,7/24/2026 14:13,Safe,Safe,Safe,Safe
W_002,7/24/2026 14:13,Safe,Safe,Safe,Safe
W_002,7/24/2026 14:13,Safe,Safe,Safe,Safe
W_002,7/24/2026 14:13,Safe,Safe,Safe,Safe
W_002,7/24/2026 14:13,Safe,Safe,Safe,Safe
W_002,7/24/2026 14:13,Safe,Safe,Safe,Safe
W_002,7/24/2026 14:13,Safe,Safe,Safe,Safe
W_002,7/24/2026 14:13,Safe,Safe,Safe,Safe
W_002,7/24/2026 14:13,Safe,Safe,Safe,Safe
W_002,7/24/2026 14:13,Safe,Safe,Safe,Safe
W_002,7/24/2026 14:13,Safe,Safe,Safe,Safe
W_002,7/24/2026 14:13,Safe,Safe,Safe,Safe
W_002,7/24/2026 14:13,Safe,Safe,Safe,Safe
W_002,7/24/2026 14:13,Safe,Safe,Safe,Safe
W_002,7/24/2026 14:13,Safe,Safe,Safe,Safe
W_002,7/24/2026 14:13,Safe,Safe,Safe,Safe
W_002,7/24/2026 14:13,Safe,Safe,Safe,Safe
W_002,7/24/2026 14:13,Safe,Safe,Safe,Safe
W_002,7/24/2026 14:13,Safe,Safe,Safe,Safe
W_002,7/24/2026 14:13,Safe,Safe,Safe,Safe
W_002,7/24/2026 14:13,Safe,Safe,Safe,Safe
W_002,7/24/2026 14:13,Safe,Safe,Safe,Safe
W_002,7/24/2026 14:13,Safe,Safe,Safe,Safe
W_002,7/24/2026 14:13,Safe,Safe,Safe,Safe
W_002,7/24/2026 14:13,Safe,Safe,Safe,Safe
W_002,7/24/2026 14:13,Safe,Safe,Safe,Safe
W_002,7/24/2026 14:13,Safe,Safe,Safe,Safe
W_002,7/24/2026 14:13,Safe,Safe,Warning,Safe
W_002,7/24/2026 14:13,Safe,Safe,Safe,Safe
W_002,7/24/2026 14:13,Safe,Safe,Warning,Safe
W_002,7/24/2026 14:14,Safe,Warning,Warning,Warning
W_002,7/24/2026 14:14,Safe,Safe,Safe,Safe
W_002,7/24/2026 14:14,Safe,Safe,Safe,Safe
W_002,7/24/2026 14:14,Safe,Safe,Safe,Safe
W_002,7/24/2026 14:14,Safe,Safe,Safe,Safe
W_002,7/24/2026 14:14,Safe,Safe,Safe,Safe
W_002,7/24/2026 14:14,Safe,Safe,Safe,Safe
W_002,7/24/2026 14:14,Safe,Safe,Safe,Safe
W_002,7/24/2026 14:14,Safe,Safe,Safe,Safe
W_002,7/24/2026 14:14,Safe,Safe,Safe,Safe
W_002,7/24/2026 14:14,Safe,Safe,Safe,Safe
W_002,7/24/2026 14:14,Safe,Safe,Safe,Safe
W_002,7/24/2026 14:14,Safe,Safe,Safe,Safe
W_002,7/24/2026 14:14,Safe,Safe,Safe,Safe
W_002,7/24/2026 14:14,Safe,Safe,Safe,Safe
W_002,7/24/2026 14:14,Safe,Safe,Safe,Safe
W_002,7/24/2026 14:14,Safe,Safe,Safe,Safe
W_002,7/24/2026 14:14,Safe,Safe,Safe,Safe
W_002,7/24/2026 14:14,Safe,Safe,Safe,Safe
W_002,7/24/2026 14:14,Safe,Safe,Safe,Safe
W_002,7/24/2026 14:14,Safe,Safe,Safe,Safe
W_002,7/24/2026 14:14,Safe,Safe,Safe,Safe
W_002,7/24/2026 14:14,Safe,Safe,Safe,Safe
W_002,7/24/2026 14:14,Safe,Safe,Safe,Safe
W_002,7/24/2026 14:14,Safe,Safe,Safe,Safe
W_002,7/24/2026 14:14,Safe,Safe,Safe,Safe
W_002,7/24/2026 14:14,Safe,Safe,Safe,Safe
W_002,7/24/2026 14:14,Safe,Safe,Safe,Safe
W_002,7/24/2026 14:14,Safe,Safe,Safe,Safe
W_002,7/24/2026 14:14,Safe,Safe,Safe,Safe
W_002,7/24/2026 14:14,Safe,Safe,Safe,Safe
W_002,7/24/2026 14:14,Safe,Safe,Safe,Safe
W_002,7/24/2026 14:14,Safe,Safe,Safe,Safe
W_002,7/24/2026 14:14,Safe,Safe,Safe,Safe
W_002,7/24/2026 14:14,Safe,Safe,Safe,Safe
W_002,7/24/2026 14:14,Safe,Safe,Safe,Safe
W_002,7/24/2026 14:14,Safe,Safe,Safe,Safe
W_002,7/24/2026 14:14,Safe,Safe,Safe,Safe
W_002,7/24/2026 14:14,Safe,Safe,Safe,Safe
W_002,7/24/2026 14:14,Safe,Safe,Safe,Safe
W_002,7/24/2026 14:14,Safe,Safe,Safe,Safe
W_002,7/24/2026 14:14,Safe,Safe,Safe,Safe
W_002,7/24/2026 14:14,Safe,Safe,Safe,Safe
W_002,7/24/2026 14:14,Safe,Safe,Safe,Safe
W_002,7/24/2026 14:14,Safe,Safe,Safe,Safe
W_002,7/24/2026 14:14,Safe,Safe,Safe,Safe
W_002,7/24/2026 14:14,Safe,Safe,Safe,Safe
W_002,7/24/2026 14:14,Safe,Safe,Safe,Safe
W_002,7/24/2026 14:14,Safe,Safe,Safe,Safe
W_002,7/24/2026 14:14,Safe,Safe,Safe,Safe
W_002,7/24/2026 14:14,Safe,Safe,Safe,Safe
W_002,7/24/2026 14:14,Safe,Safe,Safe,Safe
W_002,7/24/2026 14:15,Safe,Safe,Safe,Safe
W_002,7/24/2026 14:15,Safe,Safe,Safe,Safe
W_002,7/24/2026 14:15,Safe,Safe,Safe,Safe
W_002,7/24/2026 14:15,Safe,Safe,Safe,Safe
W_002,7/24/2026 14:15,Safe,Safe,Safe,Safe
W_002,7/24/2026 14:15,Safe,Safe,Safe,Safe
W_002,7/24/2026 14:15,Safe,Safe,Safe,Safe
W_002,7/24/2026 14:15,Safe,Safe,Safe,Safe
W_002,7/24/2026 14:15,Safe,Safe,Safe,Safe
W_002,7/24/2026 14:15,Safe,Safe,Safe,Safe
W_002,7/24/2026 14:15,Safe,Safe,Safe,Safe
W_002,7/24/2026 14:15,Safe,Safe,Safe,Safe
W_002,7/24/2026 14:15,Safe,Safe,Safe,Safe
W_002,7/24/2026 14:15,Safe,Safe,Safe,Safe
W_002,7/24/2026 14:15,Safe,Safe,Safe,Safe
W_002,7/24/2026 14:15,Safe,Safe,Safe,Safe
W_002,7/24/2026 14:15,Safe,Safe,Safe,Safe
W_002,7/24/2026 14:15,Safe,Safe,Safe,Safe
W_002,7/24/2026 14:15,Safe,Safe,Safe,Safe
W_002,7/24/2026 14:15,Safe,Safe,Safe,Safe
W_002,7/24/2026 14:15,Safe,Safe,Safe,Safe
W_002,7/24/2026 14:15,Safe,Safe,Safe,Safe
W_002,7/24/2026 14:15,Safe,Safe,Safe,Safe
W_002,7/24/2026 14:15,Safe,Safe,Safe,Safe
W_002,7/24/2026 14:15,Safe,Safe,Safe,Safe
W_002,7/24/2026 14:15,Safe,Safe,Safe,Safe
W_002,7/24/2026 14:15,Safe,Safe,Safe,Safe
W_002,7/24/2026 14:15,Safe,Safe,Safe,Safe
W_002,7/24/2026 14:15,Safe,Safe,Safe,Safe
W_002,7/24/2026 14:15,Safe,Safe,Safe,Safe
W_002,7/24/2026 14:15,Safe,Safe,Safe,Safe
W_002,7/24/2026 14:15,Safe,Safe,Safe,Safe
W_002,7/24/2026 14:15,Safe,Safe,Safe,Safe
W_002,7/24/2026 14:15,Safe,Safe,Safe,Safe
W_002,7/24/2026 14:15,Safe,Safe,Safe,Safe
W_002,7/24/2026 14:15,Safe,Safe,Safe,Safe
W_002,7/24/2026 14:15,Safe,Safe,Safe,Safe
W_002,7/24/2026 14:15,Safe,Safe,Safe,Safe
W_002,7/24/2026 14:15,Safe,Safe,Safe,Safe
W_002,7/24/2026 14:15,Safe,Safe,Safe,Safe
W_002,7/24/2026 14:15,Safe,Safe,Safe,Safe
W_002,7/24/2026 14:15,Safe,Safe,Safe,Safe
W_002,7/24/2026 14:15,Safe,Safe,Safe,Safe
W_002,7/24/2026 14:15,Safe,Safe,Safe,Safe
W_002,7/24/2026 14:15,Safe,Safe,Safe,Safe
W_002,7/24/2026 14:15,Safe,Safe,Safe,Safe
W_002,7/24/2026 14:15,Safe,Safe,Safe,Safe
W_002,7/24/2026 14:15,Safe,Safe,Safe,Safe
W_002,7/24/2026 14:15,Safe,Safe,Safe,Safe
W_002,7/24/2026 14:15,Safe,Safe,Safe,Safe
W_002,7/24/2026 14:15,Safe,Safe,Safe,Safe
W_002,7/24/2026 14:15,Safe,Safe,Safe,Safe
W_002,7/24/2026 14:15,Safe,Safe,Safe,Safe
W_002,7/24/2026 14:15,Safe,Safe,Safe,Safe
W_002,7/24/2026 14:15,Safe,Safe,Safe,Safe
W_002,7/24/2026 14:15,Safe,Safe,Safe,Safe
W_002,7/24/2026 14:15,Safe,Safe,Safe,Safe
W_002,7/24/2026 14:15,Safe,Safe,Safe,Safe
W_002,7/24/2026 14:15,Safe,Safe,Safe,Safe
W_002,7/24/2026 14:15,Safe,Safe,Safe,Safe
W_002,7/24/2026 14:16,Safe,Safe,Safe,Safe
W_002,7/24/2026 14:16,Safe,Safe,Safe,Safe
W_002,7/24/2026 14:16,Safe,Safe,Safe,Safe
W_002,7/24/2026 14:16,Safe,Safe,Safe,Safe
W_002,7/24/2026 14:16,Safe,Safe,Safe,Safe
W_002,7/24/2026 14:16,Safe,Safe,Safe,Safe
W_002,7/24/2026 14:16,Safe,Safe,Safe,Safe
W_002,7/24/2026 14:16,Safe,Safe,Safe,Safe
W_002,7/24/2026 14:16,Safe,Safe,Safe,Safe
W_002,7/24/2026 14:16,Safe,Safe,Safe,Safe
W_002,7/24/2026 14:16,Safe,Safe,Safe,Safe
W_002,7/24/2026 14:16,Safe,Safe,Safe,Safe
W_002,7/24/2026 14:16,Safe,Safe,Safe,Safe
W_002,7/24/2026 14:16,Safe,Safe,Safe,Safe
W_002,7/24/2026 14:16,Safe,Safe,Safe,Safe
W_002,7/24/2026 14:16,Safe,Safe,Safe,Safe
W_002,7/24/2026 14:16,Safe,Safe,Safe,Safe
W_002,7/24/2026 14:16,Safe,Safe,Safe,Safe
W_002,7/24/2026 14:16,Safe,Safe,Safe,Safe
W_002,7/24/2026 14:16,Safe,Safe,Safe,Safe
W_002,7/24/2026 14:16,Safe,Safe,Safe,Safe
W_002,7/24/2026 14:16,Safe,Safe,Safe,Safe
W_002,7/24/2026 14:16,Safe,Safe,Safe,Safe
W_002,7/24/2026 14:16,Safe,Safe,Safe,Safe
W_002,7/24/2026 14:16,Safe,Safe,Safe,Safe
W_002,7/24/2026 14:16,Safe,Safe,Safe,Safe
W_002,7/24/2026 14:16,Safe,Safe,Safe,Safe
W_002,7/24/2026 14:16,Safe,Safe,Safe,Safe
W_002,7/24/2026 14:16,Safe,Safe,Safe,Safe
W_002,7/24/2026 14:16,Safe,Safe,Safe,Safe
W_002,7/24/2026 14:16,Safe,Safe,Safe,Safe
W_002,7/24/2026 14:16,Safe,Safe,Safe,Safe
W_002,7/24/2026 14:16,Safe,Safe,Safe,Safe
W_002,7/24/2026 14:16,Safe,Safe,Safe,Safe
W_002,7/24/2026 14:16,Safe,Safe,Safe,Safe
W_002,7/24/2026 14:16,Safe,Safe,Safe,Safe
W_002,7/24/2026 14:16,Safe,Safe,Safe,Safe
W_002,7/24/2026 14:16,Safe,Safe,Safe,Safe
W_002,7/24/2026 14:16,Safe,Safe,Safe,Safe
W_002,7/24/2026 14:16,Safe,Safe,Safe,Safe
W_002,7/24/2026 14:16,Safe,Safe,Safe,Safe
W_002,7/24/2026 14:16,Safe,Safe,Safe,Safe
W_002,7/24/2026 14:16,Safe,Safe,Safe,Safe
W_002,7/24/2026 14:16,Safe,Safe,Safe,Safe
W_002,7/24/2026 14:16,Safe,Safe,Safe,Safe
W_002,7/24/2026 14:16,Safe,Safe,Safe,Safe
W_002,7/24/2026 14:16,Safe,Safe,Safe,Safe
W_002,7/24/2026 14:16,Safe,Safe,Safe,Safe
W_002,7/24/2026 14:16,Safe,Safe,Safe,Safe
W_002,7/24/2026 14:16,Safe,Safe,Safe,Safe
W_002,7/24/2026 14:16,Safe,Safe,Safe,Safe
W_002,7/24/2026 14:16,Safe,Safe,Safe,Safe
W_002,7/24/2026 14:16,Safe,Safe,Safe,Safe
W_002,7/24/2026 14:16,Safe,Safe,Safe,Safe
W_002,7/24/2026 14:16,Safe,Safe,Safe,Safe
W_002,7/24/2026 14:16,Safe,Safe,Safe,Safe
W_002,7/24/2026 14:16,Safe,Safe,Safe,Safe
W_002,7/24/2026 14:16,Safe,Safe,Safe,Safe
W_002,7/24/2026 14:16,Safe,Safe,Safe,Safe
W_002,7/24/2026 14:16,Safe,Safe,Safe,Safe
W_002,7/24/2026 14:17,Safe,Safe,Safe,Safe
W_002,7/24/2026 14:17,Safe,Safe,Safe,Safe
W_002,7/24/2026 14:17,Safe,Safe,Safe,Safe
W_002,7/24/2026 14:17,Safe,Safe,Safe,Safe
W_002,7/24/2026 14:17,Safe,Safe,Safe,Safe
W_002,7/24/2026 14:17,Safe,Safe,Safe,Safe
W_002,7/24/2026 14:17,Safe,Safe,Safe,Safe
W_002,7/24/2026 14:17,Safe,Safe,Safe,Safe
W_002,7/24/2026 14:17,Safe,Safe,Safe,Safe
W_002,7/24/2026 14:17,Safe,Safe,Safe,Safe
W_002,7/24/2026 14:17,Safe,Safe,Safe,Safe
W_002,7/24/2026 14:17,Safe,Safe,Safe,Safe
W_002,7/24/2026 14:17,Safe,Safe,Safe,Safe
W_002,7/24/2026 14:17,Safe,Safe,Safe,Safe
W_002,7/24/2026 14:17,Safe,Safe,Safe,Safe
W_002,7/24/2026 14:17,Safe,Safe,Safe,Safe
W_002,7/24/2026 14:17,Safe,Safe,Safe,Safe
W_002,7/24/2026 14:17,Safe,Safe,Safe,Safe
W_002,7/24/2026 14:17,Safe,Safe,Safe,Safe
W_002,7/24/2026 14:17,Safe,Safe,Safe,Safe
W_002,7/24/2026 14:17,Safe,Safe,Safe,Safe
W_002,7/24/2026 14:17,Safe,Safe,Safe,Safe
W_002,7/24/2026 14:17,Safe,Safe,Safe,Warning
W_002,7/24/2026 14:17,Safe,Safe,Safe,Safe
W_002,7/24/2026 14:17,Safe,Safe,Safe,Safe
W_002,7/24/2026 14:17,Safe,Safe,Safe,Safe
W_002,7/24/2026 14:17,Safe,Safe,Safe,Warning
W_002,7/24/2026 14:17,Safe,Safe,Safe,Safe
W_002,7/24/2026 14:17,Safe,Safe,Safe,Warning
W_002,7/24/2026 14:17,Safe,Safe,Safe,Safe
W_002,7/24/2026 14:17,Safe,Safe,Safe,Warning
W_002,7/24/2026 14:17,Safe,Safe,Safe,Safe
W_002,7/24/2026 14:17,Safe,Safe,Safe,Warning
W_002,7/24/2026 14:17,Safe,Safe,Safe,Warning
W_002,7/24/2026 14:17,Safe,Safe,Safe,Warning
W_002,7/24/2026 14:17,Safe,Safe,Safe,Warning
W_002,7/24/2026 14:17,Safe,Safe,Safe,Warning
W_002,7/24/2026 14:17,Safe,Safe,Safe,Warning
W_002,7/24/2026 14:17,Safe,Safe,Safe,Warning
W_002,7/24/2026 14:17,Safe,Safe,Safe,Warning
W_002,7/24/2026 14:17,Safe,Safe,Safe,Warning
W_002,7/24/2026 14:17,Safe,Safe,Safe,Warning
W_002,7/24/2026 14:17,Safe,Safe,Safe,Warning
W_002,7/24/2026 14:17,Safe,Safe,Safe,Warning
W_002,7/24/2026 14:17,Safe,Safe,Safe,Warning
W_002,7/24/2026 14:17,Safe,Safe,Safe,Warning
W_002,7/24/2026 14:17,Safe,Safe,Safe,Warning
W_002,7/24/2026 14:17,Safe,Safe,Safe,Warning
W_002,7/24/2026 14:17,Safe,Safe,Safe,Warning
W_002,7/24/2026 14:17,Safe,Safe,Safe,Warning
W_002,7/24/2026 14:17,Safe,Safe,Safe,Warning
W_002,7/24/2026 14:17,Safe,Safe,Safe,Warning
W_002,7/24/2026 14:17,Safe,Safe,Safe,Warning
W_002,7/24/2026 14:17,Safe,Safe,Safe,Warning
W_002,7/24/2026 14:17,Safe,Safe,Safe,Warning
W_002,7/24/2026 14:17,Safe,Safe,Safe,Warning
W_002,7/24/2026 14:17,Safe,Safe,Safe,Warning
W_002,7/24/2026 14:17,Safe,Safe,Safe,Warning
W_002,7/24/2026 14:17,Safe,Safe,Safe,Warning
W_002,7/24/2026 14:17,Safe,Safe,Safe,Warning
W_002,7/24/2026 14:18,Safe,Safe,Safe,Warning
W_002,7/24/2026 14:18,Safe,Safe,Safe,Warning
W_002,7/24/2026 14:18,Safe,Safe,Safe,Warning
W_002,7/24/2026 14:18,Safe,Safe,Safe,Warning
W_002,7/24/2026 14:18,Safe,Safe,Safe,Warning
W_002,7/24/2026 14:18,Safe,Safe,Safe,Warning
W_002,7/24/2026 14:18,Safe,Safe,Safe,Warning
W_002,7/24/2026 14:18,Safe,Safe,Safe,Warning
W_002,7/24/2026 14:18,Safe,Safe,Safe,Warning
W_002,7/24/2026 14:18,Safe,Safe,Safe,Warning
W_002,7/24/2026 14:18,Safe,Safe,Safe,Warning
W_002,7/24/2026 14:18,Safe,Safe,Safe,Warning
W_002,7/24/2026 14:18,Safe,Safe,Safe,Warning
W_002,7/24/2026 14:18,Safe,Safe,Safe,Warning
W_002,7/24/2026 14:18,Safe,Safe,Safe,Warning
W_002,7/24/2026 14:18,Safe,Safe,Safe,Warning
W_002,7/24/2026 14:18,Safe,Safe,Safe,Warning
W_002,7/24/2026 14:18,Safe,Safe,Safe,Warning
W_002,7/24/2026 14:18,Safe,Safe,Safe,Warning
W_002,7/24/2026 14:18,Safe,Safe,Safe,Warning
W_002,7/24/2026 14:18,Safe,Safe,Safe,Warning
W_002,7/24/2026 14:18,Safe,Safe,Safe,Warning
W_002,7/24/2026 14:18,Safe,Safe,Safe,Warning
W_002,7/24/2026 14:18,Safe,Safe,Safe,Warning
W_002,7/24/2026 14:18,Safe,Safe,Safe,Warning
W_002,7/24/2026 14:18,Safe,Safe,Safe,Warning
W_002,7/24/2026 14:18,Safe,Safe,Safe,Warning
W_002,7/24/2026 14:18,Safe,Safe,Safe,Warning
W_002,7/24/2026 14:18,Safe,Safe,Safe,Warning
W_002,7/24/2026 14:18,Safe,Safe,Safe,Warning
W_002,7/24/2026 14:18,Safe,Safe,Safe,Warning
W_002,7/24/2026 14:18,Safe,Safe,Safe,Warning
W_002,7/24/2026 14:18,Safe,Safe,Safe,Warning
W_002,7/24/2026 14:18,Safe,Safe,Safe,Warning
W_002,7/24/2026 14:18,Safe,Safe,Safe,Warning
W_002,7/24/2026 14:18,Safe,Safe,Safe,Warning
W_002,7/24/2026 14:18,Safe,Safe,Safe,Warning
W_002,7/24/2026 14:18,Safe,Safe,Safe,Warning
W_002,7/24/2026 14:18,Safe,Safe,Safe,Warning
W_002,7/24/2026 14:18,Safe,Safe,Safe,Warning
W_002,7/24/2026 14:18,Safe,Safe,Safe,Warning
W_002,7/24/2026 14:18,Safe,Safe,Safe,Warning
W_002,7/24/2026 14:18,Safe,Safe,Safe,Warning
W_002,7/24/2026 14:18,Safe,Safe,Safe,Warning
W_002,7/24/2026 14:18,Safe,Safe,Safe,Warning
W_002,7/24/2026 14:18,Safe,Safe,Safe,Warning
W_002,7/24/2026 14:18,Safe,Safe,Safe,Warning
W_002,7/24/2026 14:18,Safe,Safe,Safe,Warning
W_002,7/24/2026 14:18,Safe,Safe,Safe,Warning
W_002,7/24/2026 14:18,Safe,Safe,Safe,Warning
W_002,7/24/2026 14:18,Safe,Safe,Safe,Warning
W_002,7/24/2026 14:18,Safe,Safe,Safe,Warning
W_002,7/24/2026 14:18,Safe,Safe,Safe,Warning
W_002,7/24/2026 14:18,Safe,Safe,Safe,Warning
W_002,7/24/2026 14:18,Safe,Safe,Warning,Warning
W_002,7/24/2026 14:18,Safe,Safe,Safe,Warning
W_002,7/24/2026 14:18,Safe,Safe,Safe,Warning
W_002,7/24/2026 14:18,Safe,Safe,Warning,Warning
W_002,7/24/2026 14:18,Safe,Safe,Safe,Warning
W_002,7/24/2026 14:18,Safe,Safe,Safe,Warning
W_002,7/24/2026 14:19,Safe,Safe,Safe,Warning
W_002,7/24/2026 14:19,Safe,Safe,Safe,Warning
W_002,7/24/2026 14:19,Safe,Safe,Warning,Warning
W_002,7/24/2026 14:19,Safe,Safe,Warning,Warning
W_002,7/24/2026 14:19,Safe,Safe,Warning,Warning
W_002,7/24/2026 14:19,Safe,Safe,Warning,Warning
W_002,7/24/2026 14:19,Safe,Safe,Safe,Warning
W_002,7/24/2026 14:19,Safe,Safe,Warning,Warning
W_002,7/24/2026 14:19,Safe,Safe,Warning,Warning
W_002,7/24/2026 14:19,Safe,Safe,Warning,Warning
W_002,7/24/2026 14:19,Safe,Safe,Warning,Warning
W_002,7/24/2026 14:19,Safe,Safe,Warning,Warning
W_002,7/24/2026 14:19,Safe,Safe,Warning,Warning
W_002,7/24/2026 14:19,Safe,Safe,Warning,Warning
W_002,7/24/2026 14:19,Safe,Safe,Warning,Warning
W_002,7/24/2026 14:19,Safe,Safe,Warning,Warning
W_002,7/24/2026 14:19,Safe,Safe,Warning,Warning
W_002,7/24/2026 14:19,Safe,Safe,Warning,Warning
W_002,7/24/2026 14:19,Safe,Safe,Warning,Warning
W_002,7/24/2026 14:19,Safe,Safe,Warning,Warning
W_002,7/24/2026 14:19,Safe,Safe,Warning,Warning
W_002,7/24/2026 14:19,Safe,Safe,Warning,Warning
W_002,7/24/2026 14:19,Safe,Safe,Warning,Warning
W_002,7/24/2026 14:19,Safe,Safe,Warning,Warning
W_002,7/24/2026 14:19,Safe,Safe,Warning,Warning
W_002,7/24/2026 14:19,Safe,Safe,Warning,Warning
W_002,7/24/2026 14:19,Safe,Safe,Warning,Warning
W_002,7/24/2026 14:19,Safe,Safe,Warning,Warning
W_002,7/24/2026 14:19,Safe,Safe,Warning,Warning
W_002,7/24/2026 14:19,Safe,Safe,Warning,Warning
W_002,7/24/2026 14:19,Safe,Safe,Warning,Warning
W_002,7/24/2026 14:19,Safe,Safe,Warning,Warning
W_002,7/24/2026 14:19,Safe,Safe,Warning,Warning
W_002,7/24/2026 14:19,Safe,Safe,Warning,Warning
W_002,7/24/2026 14:19,Safe,Safe,Warning,Warning
W_002,7/24/2026 14:19,Safe,Safe,Warning,Warning
W_002,7/24/2026 14:19,Safe,Critical,Warning,Warning
W_002,7/24/2026 14:19,Safe,Safe,Warning,Warning
W_002,7/24/2026 14:19,Safe,Safe,Warning,Warning
W_002,7/24/2026 14:19,Safe,Critical,Warning,Warning
W_002,7/24/2026 14:19,Safe,Critical,Warning,Warning
W_002,7/24/2026 14:19,Safe,Critical,Warning,Warning
W_002,7/24/2026 14:19,Safe,Critical,Warning,Warning
W_002,7/24/2026 14:19,Safe,Critical,Warning,Warning
W_002,7/24/2026 14:19,Safe,Safe,Warning,Warning
W_002,7/24/2026 14:19,Safe,Critical,Warning,Warning
W_002,7/24/2026 14:19,Safe,Critical,Warning,Warning
W_002,7/24/2026 14:19,Safe,Critical,Warning,Warning
W_002,7/24/2026 14:19,Safe,Safe,Warning,Warning
W_002,7/24/2026 14:19,Safe,Critical,Warning,Warning
W_002,7/24/2026 14:19,Safe,Safe,Warning,Warning
W_002,7/24/2026 14:19,Safe,Critical,Warning,Warning
W_002,7/24/2026 14:19,Safe,Critical,Warning,Warning
W_002,7/24/2026 14:19,Safe,Critical,Warning,Warning
W_002,7/24/2026 14:19,Safe,Critical,Warning,Warning
W_002,7/24/2026 14:19,Safe,Critical,Warning,Warning
W_002,7/24/2026 14:19,Safe,Critical,Warning,Warning
W_002,7/24/2026 14:19,Safe,Critical,Warning,Warning
W_002,7/24/2026 14:19,Safe,Safe,Warning,Warning
W_002,7/24/2026 14:19,Safe,Critical,Warning,Warning
W_002,7/24/2026 14:20,Safe,Critical,Warning,Warning
W_002,7/24/2026 14:20,Safe,Critical,Warning,Warning
W_002,7/24/2026 14:20,Safe,Critical,Warning,Warning
W_002,7/24/2026 14:20,Safe,Safe,Warning,Warning
W_002,7/24/2026 14:20,Safe,Critical,Warning,Warning
W_002,7/24/2026 14:20,Safe,Critical,Warning,Warning
W_002,7/24/2026 14:20,Safe,Critical,Warning,Warning
W_002,7/24/2026 14:20,Safe,Critical,Warning,Warning
W_002,7/24/2026 14:20,Safe,Critical,Warning,Warning
W_002,7/24/2026 14:20,Safe,Critical,Warning,Warning
W_002,7/24/2026 14:20,Safe,Critical,Warning,Warning
W_002,7/24/2026 14:20,Safe,Critical,Warning,Warning
W_002,7/24/2026 14:20,Safe,Critical,Warning,Warning
W_002,7/24/2026 14:20,Safe,Critical,Warning,Warning
W_002,7/24/2026 14:20,Safe,Critical,Warning,Warning
W_002,7/24/2026 14:20,Safe,Critical,Warning,Warning
W_002,7/24/2026 14:20,Safe,Critical,Warning,Warning
W_002,7/24/2026 14:20,Safe,Critical,Warning,Warning
W_002,7/24/2026 14:20,Safe,Critical,Warning,Warning
W_002,7/24/2026 14:20,Safe,Critical,Warning,Warning
W_002,7/24/2026 14:20,Safe,Critical,Warning,Warning
W_002,7/24/2026 14:20,Safe,Critical,Warning,Warning
W_002,7/24/2026 14:20,Safe,Critical,Warning,Warning
W_002,7/24/2026 14:20,Safe,Critical,Warning,Warning
W_002,7/24/2026 14:20,Safe,Critical,Warning,Warning
W_002,7/24/2026 14:20,Safe,Critical,Warning,Warning
W_002,7/24/2026 14:20,Safe,Critical,Warning,Warning
W_002,7/24/2026 14:20,Safe,Critical,Warning,Warning
W_002,7/24/2026 14:20,Safe,Critical,Warning,Warning
W_002,7/24/2026 14:20,Safe,Critical,Warning,Warning
W_002,7/24/2026 14:20,Safe,Critical,Warning,Warning
W_002,7/24/2026 14:20,Safe,Critical,Warning,Warning
W_002,7/24/2026 14:20,Safe,Critical,Warning,Warning
W_002,7/24/2026 14:20,Safe,Critical,Warning,Warning
W_002,7/24/2026 14:20,Safe,Critical,Warning,Warning
W_002,7/24/2026 14:20,Safe,Critical,Warning,Warning
W_002,7/24/2026 14:20,Safe,Critical,Warning,Warning
W_002,7/24/2026 14:20,Safe,Critical,Warning,Warning
W_002,7/24/2026 14:20,Safe,Critical,Warning,Warning
W_002,7/24/2026 14:20,Safe,Critical,Warning,Warning
W_002,7/24/2026 14:20,Safe,Critical,Warning,Warning
W_002,7/24/2026 14:20,Safe,Critical,Warning,Warning
W_002,7/24/2026 14:20,Safe,Critical,Warning,Warning
W_002,7/24/2026 14:20,Safe,Critical,Warning,Warning
W_002,7/24/2026 14:20,Safe,Critical,Warning,Warning
W_002,7/24/2026 14:20,Safe,Critical,Warning,Warning
W_002,7/24/2026 14:20,Safe,Critical,Warning,Warning
W_002,7/24/2026 14:20,Safe,Critical,Warning,Warning
W_002,7/24/2026 14:20,Safe,Critical,Warning,Warning
W_002,7/24/2026 14:20,Safe,Critical,Warning,Warning
W_002,7/24/2026 14:20,Safe,Critical,Warning,Warning
W_002,7/24/2026 14:20,Safe,Critical,Warning,Warning
W_002,7/24/2026 14:20,Safe,Critical,Warning,Warning
W_002,7/24/2026 14:20,Safe,Critical,Warning,Warning
W_002,7/24/2026 14:20,Safe,Critical,Warning,Warning
W_002,7/24/2026 14:20,Safe,Critical,Warning,Warning
W_002,7/24/2026 14:20,Safe,Critical,Warning,Warning
W_002,7/24/2026 14:20,Safe,Critical,Warning,Warning
W_002,7/24/2026 14:20,Safe,Critical,Warning,Warning
W_002,7/24/2026 14:20,Safe,Critical,Warning,Warning
W_002,7/24/2026 14:21,Safe,Critical,Warning,Warning
W_002,7/24/2026 14:21,Safe,Critical,Warning,Warning
W_002,7/24/2026 14:21,Safe,Critical,Warning,Warning
W_002,7/24/2026 14:21,Safe,Critical,Warning,Warning
W_002,7/24/2026 14:21,Safe,Critical,Warning,Warning
W_002,7/24/2026 14:21,Safe,Critical,Warning,Warning
W_002,7/24/2026 14:21,Safe,Critical,Warning,Warning
W_002,7/24/2026 14:21,Safe,Critical,Warning,Warning
W_002,7/24/2026 14:21,Safe,Critical,Warning,Warning
W_002,7/24/2026 14:21,Safe,Critical,Warning,Warning
W_002,7/24/2026 14:21,Safe,Critical,Warning,Warning
W_002,7/24/2026 14:21,Safe,Critical,Warning,Warning
W_002,7/24/2026 14:21,Safe,Critical,Warning,Warning
W_002,7/24/2026 14:21,Safe,Critical,Warning,Warning
W_002,7/24/2026 14:21,Safe,Critical,Warning,Warning
W_002,7/24/2026 14:21,Safe,Critical,Warning,Warning
W_002,7/24/2026 14:21,Safe,Critical,Warning,Warning
W_002,7/24/2026 14:21,Safe,Critical,Warning,Warning
W_002,7/24/2026 14:21,Safe,Critical,Warning,Warning
W_002,7/24/2026 14:21,Safe,Critical,Warning,Warning
W_002,7/24/2026 14:21,Safe,Critical,Warning,Warning
W_002,7/24/2026 14:21,Safe,Critical,Warning,Warning
W_002,7/24/2026 14:21,Safe,Critical,Warning,Warning
W_002,7/24/2026 14:21,Safe,Critical,Warning,Warning
W_002,7/24/2026 14:21,Safe,Critical,Warning,Warning
W_002,7/24/2026 14:21,Safe,Critical,Warning,Warning
W_002,7/24/2026 14:21,Safe,Critical,Warning,Warning
W_002,7/24/2026 14:21,Safe,Critical,Warning,Warning
W_002,7/24/2026 14:21,Safe,Critical,Warning,Warning
W_002,7/24/2026 14:21,Safe,Critical,Warning,Warning
W_002,7/24/2026 14:21,Safe,Critical,Warning,Warning
W_002,7/24/2026 14:21,Safe,Critical,Warning,Warning
W_002,7/24/2026 14:21,Safe,Critical,Warning,Warning
W_002,7/24/2026 14:21,Safe,Critical,Warning,Warning
W_002,7/24/2026 14:21,Safe,Critical,Warning,Warning
W_002,7/24/2026 14:21,Safe,Critical,Warning,Warning
W_002,7/24/2026 14:21,Safe,Critical,Warning,Warning
W_002,7/24/2026 14:21,Safe,Critical,Warning,Warning
W_002,7/24/2026 14:21,Safe,Critical,Warning,Warning
W_002,7/24/2026 14:21,Safe,Critical,Warning,Warning
W_002,7/24/2026 14:21,Safe,Critical,Warning,Warning
W_002,7/24/2026 14:21,Safe,Critical,Warning,Warning
W_002,7/24/2026 14:21,Warning,Critical,Warning,Warning
W_002,7/24/2026 14:21,Warning,Critical,Warning,Warning
W_002,7/24/2026 14:21,Warning,Critical,Warning,Warning
W_002,7/24/2026 14:21,Warning,Critical,Warning,Warning
W_002,7/24/2026 14:21,Warning,Critical,Warning,Warning
W_002,7/24/2026 14:21,Warning,Critical,Warning,Warning
W_002,7/24/2026 14:21,Warning,Critical,Warning,Warning
W_002,7/24/2026 14:21,Warning,Critical,Warning,Warning
W_002,7/24/2026 14:21,Warning,Critical,Warning,Warning
W_002,7/24/2026 14:21,Warning,Critical,Warning,Warning
W_002,7/24/2026 14:21,Warning,Critical,Warning,Warning
W_002,7/24/2026 14:21,Warning,Critical,Warning,Warning
W_002,7/24/2026 14:21,Warning,Critical,Warning,Warning
W_002,7/24/2026 14:21,Warning,Critical,Warning,Warning
W_002,7/24/2026 14:21,Warning,Critical,Warning,Warning
W_002,7/24/2026 14:21,Warning,Critical,Warning,Warning
W_002,7/24/2026 14:21,Warning,Critical,Warning,Warning
W_002,7/24/2026 14:21,Warning,Critical,Warning,Warning
W_002,7/24/2026 14:22,Warning,Critical,Warning,Warning
W_002,7/24/2026 14:22,Warning,Critical,Warning,Warning
W_002,7/24/2026 14:22,Warning,Critical,Warning,Warning
W_002,7/24/2026 14:22,Warning,Critical,Warning,Warning
W_002,7/24/2026 14:22,Warning,Critical,Warning,Warning
W_002,7/24/2026 14:22,Warning,Critical,Warning,Warning
W_002,7/24/2026 14:22,Warning,Critical,Warning,Warning
W_002,7/24/2026 14:22,Warning,Critical,Warning,Warning
W_002,7/24/2026 14:22,Warning,Critical,Warning,Warning
W_002,7/24/2026 14:22,Warning,Critical,Warning,Warning
W_002,7/24/2026 14:22,Warning,Critical,Warning,Warning
W_002,7/24/2026 14:22,Warning,Critical,Warning,Warning
W_002,7/24/2026 14:22,Warning,Critical,Warning,Warning
W_002,7/24/2026 14:22,Warning,Critical,Warning,Warning
W_002,7/24/2026 14:22,Warning,Critical,Warning,Warning
W_002,7/24/2026 14:22,Warning,Critical,Warning,Warning
W_002,7/24/2026 14:22,Warning,Critical,Warning,Warning
W_002,7/24/2026 14:22,Warning,Critical,Warning,Warning
W_002,7/24/2026 14:22,Warning,Critical,Warning,Warning
W_002,7/24/2026 14:22,Warning,Critical,Warning,Warning
W_002,7/24/2026 14:22,Warning,Critical,Warning,Warning
W_002,7/24/2026 14:22,Warning,Critical,Warning,Warning
W_002,7/24/2026 14:22,Warning,Critical,Warning,Warning
W_002,7/24/2026 14:22,Warning,Critical,Warning,Warning
W_002,7/24/2026 14:22,Warning,Critical,Warning,Warning
W_002,7/24/2026 14:22,Warning,Critical,Warning,Warning
W_002,7/24/2026 14:22,Warning,Critical,Warning,Warning
W_002,7/24/2026 14:22,Warning,Critical,Warning,Warning
W_002,7/24/2026 14:22,Warning,Critical,Warning,Warning
W_002,7/24/2026 14:22,Warning,Critical,Warning,Warning
W_002,7/24/2026 14:22,Warning,Critical,Warning,Warning
W_002,7/24/2026 14:22,Warning,Critical,Warning,Warning
W_002,7/24/2026 14:22,Warning,Critical,Warning,Warning
W_002,7/24/2026 14:22,Warning,Critical,Warning,Warning
W_002,7/24/2026 14:22,Warning,Critical,Warning,Warning
W_002,7/24/2026 14:22,Warning,Critical,Warning,Warning
W_002,7/24/2026 14:22,Warning,Critical,Warning,Warning
W_002,7/24/2026 14:22,Warning,Critical,Warning,Warning
W_002,7/24/2026 14:22,Warning,Critical,Warning,Warning
W_002,7/24/2026 14:22,Warning,Critical,Warning,Warning
W_002,7/24/2026 14:22,Warning,Critical,Warning,Warning
W_002,7/24/2026 14:22,Warning,Critical,Warning,Warning
W_002,7/24/2026 14:22,Warning,Critical,Warning,Warning
W_002,7/24/2026 14:22,Warning,Critical,Warning,Warning
W_002,7/24/2026 14:22,Warning,Critical,Warning,Warning
W_002,7/24/2026 14:22,Warning,Critical,Warning,Warning
W_002,7/24/2026 14:22,Warning,Critical,Warning,Warning
W_002,7/24/2026 14:22,Warning,Critical,Warning,Warning
W_002,7/24/2026 14:22,Warning,Critical,Warning,Warning
W_002,7/24/2026 14:22,Warning,Critical,Warning,Warning
W_002,7/24/2026 14:22,Warning,Critical,Warning,Warning
W_002,7/24/2026 14:22,Warning,Critical,Warning,Warning
W_002,7/24/2026 14:22,Warning,Critical,Warning,Warning
W_002,7/24/2026 14:22,Warning,Critical,Warning,Warning
W_002,7/24/2026 14:22,Warning,Critical,Warning,Warning
W_002,7/24/2026 14:22,Warning,Critical,Warning,Warning
W_002,7/24/2026 14:22,Warning,Critical,Warning,Warning
W_002,7/24/2026 14:22,Warning,Critical,Warning,Warning
W_002,7/24/2026 14:22,Warning,Critical,Warning,Warning
W_002,7/24/2026 14:22,Warning,Critical,Warning,Warning
W_002,7/24/2026 14:23,Warning,Critical,Warning,Warning
W_002,7/24/2026 14:23,Warning,Critical,Warning,Warning
W_002,7/24/2026 14:23,Warning,Critical,Warning,Warning
W_002,7/24/2026 14:23,Warning,Critical,Warning,Warning
W_002,7/24/2026 14:23,Warning,Critical,Warning,Warning
W_002,7/24/2026 14:23,Warning,Critical,Warning,Warning
W_002,7/24/2026 14:23,Warning,Critical,Warning,Warning
W_002,7/24/2026 14:23,Warning,Critical,Warning,Warning
W_002,7/24/2026 14:23,Warning,Critical,Warning,Warning
W_002,7/24/2026 14:23,Warning,Critical,Warning,Warning
W_002,7/24/2026 14:23,Warning,Critical,Warning,Warning
W_002,7/24/2026 14:23,Warning,Critical,Warning,Warning
W_002,7/24/2026 14:23,Warning,Critical,Warning,Warning
W_002,7/24/2026 14:23,Warning,Critical,Warning,Warning
W_002,7/24/2026 14:23,Warning,Critical,Warning,Warning
W_002,7/24/2026 14:23,Warning,Critical,Warning,Warning
W_002,7/24/2026 14:23,Warning,Critical,Warning,Warning
W_002,7/24/2026 14:23,Warning,Critical,Warning,Warning
W_002,7/24/2026 14:23,Warning,Critical,Warning,Warning
W_002,7/24/2026 14:23,Warning,Critical,Warning,Warning
W_002,7/24/2026 14:23,Warning,Critical,Warning,Warning
W_002,7/24/2026 14:23,Warning,Critical,Warning,Warning
W_002,7/24/2026 14:23,Warning,Critical,Warning,Warning
W_002,7/24/2026 14:23,Warning,Critical,Warning,Warning
W_002,7/24/2026 14:23,Warning,Critical,Warning,Warning
W_002,7/24/2026 14:23,Warning,Critical,Warning,Warning
W_002,7/24/2026 14:23,Warning,Critical,Warning,Warning
W_002,7/24/2026 14:23,Warning,Critical,Warning,Warning
W_002,7/24/2026 14:23,Warning,Critical,Warning,Warning
W_002,7/24/2026 14:23,Warning,Critical,Warning,Warning
W_002,7/24/2026 14:23,Warning,Critical,Warning,Warning
W_002,7/24/2026 14:23,Warning,Critical,Warning,Warning
W_002,7/24/2026 14:23,Warning,Critical,Warning,Warning
W_002,7/24/2026 14:23,Warning,Critical,Warning,Warning
W_002,7/24/2026 14:23,Warning,Critical,Warning,Warning
W_002,7/24/2026 14:23,Warning,Critical,Warning,Warning
W_002,7/24/2026 14:23,Warning,Critical,Warning,Warning
W_002,7/24/2026 14:23,Warning,Critical,Warning,Warning
W_002,7/24/2026 14:23,Warning,Critical,Warning,Warning
W_002,7/24/2026 14:23,Warning,Critical,Warning,Warning
W_002,7/24/2026 14:23,Warning,Critical,Warning,Warning
W_002,7/24/2026 14:23,Warning,Critical,Warning,Warning
W_002,7/24/2026 14:23,Warning,Critical,Warning,Warning
W_002,7/24/2026 14:23,Warning,Critical,Warning,Warning
W_002,7/24/2026 14:23,Warning,Critical,Warning,Warning
W_002,7/24/2026 14:23,Warning,Critical,Warning,Warning
W_002,7/24/2026 14:23,Warning,Critical,Warning,Warning
W_002,7/24/2026 14:23,Warning,Critical,Warning,Warning
W_002,7/24/2026 14:23,Warning,Critical,Warning,Warning
W_002,7/24/2026 14:23,Warning,Critical,Warning,Warning
W_002,7/24/2026 14:23,Warning,Critical,Warning,Warning
W_002,7/24/2026 14:23,Warning,Critical,Warning,Warning
W_002,7/24/2026 14:23,Warning,Critical,Warning,Warning
W_002,7/24/2026 14:23,Warning,Critical,Warning,Warning
W_002,7/24/2026 14:23,Warning,Critical,Warning,Warning
W_002,7/24/2026 14:23,Warning,Critical,Warning,Warning
W_002,7/24/2026 14:23,Warning,Critical,Warning,Warning
W_002,7/24/2026 14:23,Warning,Critical,Warning,Warning
W_002,7/24/2026 14:23,Warning,Critical,Warning,Warning
W_002,7/24/2026 14:23,Warning,Critical,Warning,Warning
W_002,7/24/2026 14:24,Warning,Critical,Warning,Warning
W_002,7/24/2026 14:24,Warning,Critical,Warning,Warning
W_002,7/24/2026 14:24,Warning,Critical,Warning,Warning
W_002,7/24/2026 14:24,Warning,Critical,Warning,Warning
W_002,7/24/2026 14:24,Warning,Critical,Warning,Warning
W_002,7/24/2026 14:24,Warning,Critical,Warning,Warning
W_002,7/24/2026 14:24,Warning,Critical,Warning,Warning
W_002,7/24/2026 14:24,Warning,Critical,Warning,Warning
W_002,7/24/2026 14:24,Warning,Critical,Warning,Warning
W_002,7/24/2026 14:24,Warning,Critical,Warning,Warning
W_002,7/24/2026 14:24,Warning,Critical,Warning,Warning
W_002,7/24/2026 14:24,Warning,Critical,Warning,Warning
W_002,7/24/2026 14:24,Warning,Critical,Warning,Warning
W_002,7/24/2026 14:24,Warning,Critical,Warning,Warning
W_002,7/24/2026 14:24,Warning,Critical,Warning,Warning
W_002,7/24/2026 14:24,Warning,Critical,Warning,Warning
W_002,7/24/2026 14:24,Warning,Critical,Warning,Warning
W_002,7/24/2026 14:24,Warning,Critical,Warning,Warning
W_002,7/24/2026 14:24,Warning,Critical,Warning,Warning
W_002,7/24/2026 14:24,Warning,Critical,Warning,Warning
W_002,7/24/2026 14:24,Warning,Critical,Warning,Warning
W_002,7/24/2026 14:24,Warning,Critical,Warning,Warning
W_002,7/24/2026 14:24,Warning,Critical,Warning,Warning
W_002,7/24/2026 14:24,Warning,Critical,Warning,Warning
W_002,7/24/2026 14:24,Warning,Critical,Warning,Warning
W_002,7/24/2026 14:24,Warning,Critical,Warning,Warning
W_002,7/24/2026 14:24,Warning,Critical,Warning,Warning
W_002,7/24/2026 14:24,Warning,Critical,Warning,Warning
W_002,7/24/2026 14:24,Warning,Critical,Warning,Warning
W_002,7/24/2026 14:24,Warning,Critical,Warning,Warning
W_002,7/24/2026 14:24,Warning,Critical,Warning,Warning
W_002,7/24/2026 14:24,Warning,Critical,Warning,Warning
W_002,7/24/2026 14:24,Warning,Critical,Warning,Warning
W_002,7/24/2026 14:24,Warning,Critical,Warning,Warning
W_002,7/24/2026 14:24,Warning,Critical,Warning,Warning
W_002,7/24/2026 14:24,Warning,Critical,Warning,Warning
W_002,7/24/2026 14:24,Warning,Critical,Warning,Warning
W_002,7/24/2026 14:24,Warning,Critical,Warning,Warning
W_002,7/24/2026 14:24,Warning,Critical,Warning,Warning
W_002,7/24/2026 14:24,Warning,Critical,Warning,Warning
W_002,7/24/2026 14:24,Warning,Critical,Warning,Warning
W_002,7/24/2026 14:24,Warning,Critical,Warning,Warning
W_002,7/24/2026 14:24,Warning,Critical,Warning,Warning
W_002,7/24/2026 14:24,Warning,Critical,Warning,Warning
W_002,7/24/2026 14:24,Warning,Critical,Warning,Warning
W_002,7/24/2026 14:24,Warning,Critical,Warning,Warning
W_002,7/24/2026 14:24,Warning,Critical,Warning,Warning
W_002,7/24/2026 14:24,Warning,Critical,Warning,Warning
W_002,7/24/2026 14:24,Warning,Critical,Warning,Warning
W_002,7/24/2026 14:24,Warning,Critical,Warning,Warning
W_002,7/24/2026 14:24,Warning,Critical,Warning,Warning
W_002,7/24/2026 14:24,Warning,Critical,Warning,Warning
W_002,7/24/2026 14:24,Warning,Critical,Warning,Warning
W_002,7/24/2026 14:24,Warning,Critical,Warning,Warning
W_002,7/24/2026 14:24,Warning,Critical,Warning,Warning
W_002,7/24/2026 14:24,Warning,Critical,Warning,Warning
W_002,7/24/2026 14:24,Warning,Critical,Warning,Warning
W_002,7/24/2026 14:24,Warning,Critical,Warning,Warning
W_002,7/24/2026 14:24,Warning,Critical,Warning,Warning
W_002,7/24/2026 14:24,Warning,Critical,Warning,Warning
W_002,7/24/2026 14:25,Warning,Critical,Warning,Warning
W_002,7/24/2026 14:25,Warning,Critical,Warning,Warning
W_002,7/24/2026 14:25,Warning,Critical,Warning,Warning
W_002,7/24/2026 14:25,Warning,Critical,Warning,Warning
W_002,7/24/2026 14:25,Warning,Critical,Warning,Warning
W_002,7/24/2026 14:25,Warning,Critical,Warning,Warning
W_002,7/24/2026 14:25,Warning,Critical,Warning,Warning
W_002,7/24/2026 14:25,Warning,Critical,Warning,Warning
W_002,7/24/2026 14:25,Warning,Critical,Warning,Warning
W_002,7/24/2026 14:25,Warning,Critical,Warning,Warning
W_002,7/24/2026 14:25,Warning,Critical,Warning,Warning
W_002,7/24/2026 14:25,Warning,Critical,Warning,Warning
W_002,7/24/2026 14:25,Warning,Critical,Warning,Warning
W_002,7/24/2026 14:25,Warning,Critical,Warning,Warning
W_002,7/24/2026 14:25,Warning,Critical,Warning,Warning
W_002,7/24/2026 14:25,Warning,Critical,Warning,Warning
W_002,7/24/2026 14:25,Warning,Critical,Warning,Warning
W_002,7/24/2026 14:25,Warning,Critical,Warning,Warning
W_002,7/24/2026 14:25,Warning,Critical,Warning,Warning
W_002,7/24/2026 14:25,Warning,Critical,Warning,Warning
W_002,7/24/2026 14:25,Warning,Critical,Warning,Warning
W_002,7/24/2026 14:25,Warning,Critical,Warning,Warning
W_002,7/24/2026 14:25,Warning,Critical,Warning,Warning
W_002,7/24/2026 14:25,Warning,Critical,Warning,Warning
W_002,7/24/2026 14:25,Warning,Critical,Warning,Warning
W_002,7/24/2026 14:25,Warning,Critical,Warning,Warning
W_002,7/24/2026 14:25,Warning,Critical,Warning,Warning
W_002,7/24/2026 14:25,Warning,Critical,Warning,Warning
W_002,7/24/2026 14:25,Warning,Critical,Warning,Warning
W_002,7/24/2026 14:25,Warning,Critical,Warning,Warning
W_002,7/24/2026 14:25,Warning,Critical,Warning,Warning
W_002,7/24/2026 14:25,Warning,Critical,Warning,Warning
W_002,7/24/2026 14:25,Warning,Critical,Warning,Warning
W_002,7/24/2026 14:25,Warning,Critical,Warning,Warning
W_002,7/24/2026 14:25,Warning,Critical,Warning,Warning
W_002,7/24/2026 14:25,Warning,Critical,Warning,Warning
W_002,7/24/2026 14:25,Warning,Critical,Warning,Warning
W_002,7/24/2026 14:25,Warning,Critical,Warning,Warning
W_002,7/24/2026 14:25,Warning,Critical,Warning,Warning
W_002,7/24/2026 14:25,Warning,Critical,Warning,Warning
W_002,7/24/2026 14:25,Warning,Critical,Warning,Warning
W_002,7/24/2026 14:25,Warning,Critical,Warning,Warning
W_002,7/24/2026 14:25,Warning,Critical,Warning,Warning
W_002,7/24/2026 14:25,Warning,Critical,Warning,Warning
W_002,7/24/2026 14:25,Warning,Critical,Warning,Warning
W_002,7/24/2026 14:25,Warning,Critical,Warning,Warning
W_002,7/24/2026 14:25,Warning,Critical,Warning,Warning
W_002,7/24/2026 14:25,Warning,Critical,Warning,Warning
W_002,7/24/2026 14:25,Warning,Critical,Warning,Warning
W_002,7/24/2026 14:25,Warning,Critical,Warning,Warning
W_002,7/24/2026 14:25,Warning,Critical,Warning,Warning
W_002,7/24/2026 14:25,Warning,Critical,Warning,Warning
W_002,7/24/2026 14:25,Warning,Critical,Warning,Warning
W_002,7/24/2026 14:25,Warning,Critical,Warning,Warning
W_002,7/24/2026 14:25,Warning,Critical,Warning,Warning
W_002,7/24/2026 14:25,Warning,Critical,Warning,Warning
W_002,7/24/2026 14:25,Warning,Critical,Warning,Warning
W_002,7/24/2026 14:25,Warning,Critical,Warning,Warning
W_002,7/24/2026 14:25,Warning,Critical,Warning,Warning
W_002,7/24/2026 14:25,Warning,Critical,Warning,Warning
W_002,7/24/2026 14:26,Warning,Critical,Warning,Warning
W_002,7/24/2026 14:26,Warning,Critical,Warning,Warning
W_002,7/24/2026 14:26,Warning,Critical,Warning,Warning
W_002,7/24/2026 14:26,Warning,Critical,Warning,Warning
W_002,7/24/2026 14:26,Warning,Critical,Warning,Warning
W_002,7/24/2026 14:26,Warning,Critical,Warning,Warning
W_002,7/24/2026 14:26,Warning,Critical,Warning,Warning
W_002,7/24/2026 14:26,Warning,Critical,Warning,Warning
W_002,7/24/2026 14:26,Warning,Critical,Warning,Warning
W_002,7/24/2026 14:26,Warning,Critical,Warning,Warning
W_002,7/24/2026 14:26,Warning,Critical,Warning,Warning
W_002,7/24/2026 14:26,Warning,Critical,Warning,Warning
W_002,7/24/2026 14:26,Warning,Critical,Warning,Warning
W_002,7/24/2026 14:26,Warning,Critical,Warning,Warning
W_002,7/24/2026 14:26,Warning,Critical,Warning,Warning
W_002,7/24/2026 14:26,Warning,Critical,Warning,Warning
W_002,7/24/2026 14:26,Warning,Critical,Warning,Warning
W_002,7/24/2026 14:26,Warning,Critical,Warning,Warning
W_002,7/24/2026 14:26,Warning,Critical,Warning,Warning
W_002,7/24/2026 14:26,Warning,Critical,Warning,Warning
W_002,7/24/2026 14:26,Warning,Critical,Warning,Warning
W_002,7/24/2026 14:26,Warning,Critical,Warning,Warning
W_002,7/24/2026 14:26,Warning,Critical,Warning,Warning
W_002,7/24/2026 14:26,Warning,Critical,Warning,Warning
W_002,7/24/2026 14:26,Warning,Critical,Warning,Warning
W_002,7/24/2026 14:26,Warning,Critical,Warning,Warning
W_002,7/24/2026 14:26,Warning,Critical,Warning,Warning
W_002,7/24/2026 14:26,Warning,Critical,Warning,Warning
W_002,7/24/2026 14:26,Warning,Critical,Warning,Warning
W_002,7/24/2026 14:26,Warning,Critical,Warning,Warning
W_002,7/24/2026 14:26,Warning,Critical,Warning,Warning
W_002,7/24/2026 14:26,Warning,Critical,Warning,Warning
W_002,7/24/2026 14:26,Warning,Critical,Warning,Warning
W_002,7/24/2026 14:26,Warning,Critical,Warning,Warning
W_002,7/24/2026 14:26,Warning,Critical,Warning,Warning
W_002,7/24/2026 14:26,Warning,Critical,Warning,Warning
W_002,7/24/2026 14:26,Warning,Critical,Warning,Warning
W_002,7/24/2026 14:26,Warning,Critical,Warning,Warning
W_002,7/24/2026 14:26,Warning,Critical,Warning,Warning
W_002,7/24/2026 14:26,Warning,Critical,Warning,Warning
W_002,7/24/2026 14:26,Warning,Critical,Warning,Warning
W_002,7/24/2026 14:26,Warning,Critical,Warning,Warning
W_002,7/24/2026 14:26,Warning,Critical,Warning,Warning
W_002,7/24/2026 14:26,Warning,Critical,Warning,Warning
W_002,7/24/2026 14:26,Warning,Critical,Warning,Warning
W_002,7/24/2026 14:26,Warning,Critical,Warning,Warning
W_002,7/24/2026 14:26,Warning,Critical,Warning,Warning
W_002,7/24/2026 14:26,Warning,Critical,Warning,Warning
W_002,7/24/2026 14:26,Warning,Critical,Warning,Warning
W_002,7/24/2026 14:26,Warning,Critical,Warning,Warning
W_002,7/24/2026 14:26,Warning,Critical,Warning,Warning
W_002,7/24/2026 14:26,Warning,Critical,Warning,Warning
W_002,7/24/2026 14:26,Warning,Critical,Warning,Warning
W_002,7/24/2026 14:26,Warning,Critical,Warning,Warning
W_002,7/24/2026 14:26,Warning,Critical,Warning,Warning
W_002,7/24/2026 14:26,Warning,Critical,Warning,Warning
W_002,7/24/2026 14:26,Warning,Critical,Warning,Warning
W_002,7/24/2026 14:27,Warning,Critical,Warning,Warning
W_002,7/24/2026 14:27,Warning,Critical,Warning,Warning
W_002,7/24/2026 14:27,Warning,Critical,Warning,Warning
W_002,7/24/2026 14:27,Warning,Critical,Warning,Warning
W_002,7/24/2026 14:27,Warning,Critical,Warning,Warning
W_002,7/24/2026 14:27,Warning,Critical,Warning,Warning
W_002,7/24/2026 14:27,Warning,Critical,Warning,Warning
W_002,7/24/2026 14:27,Warning,Critical,Warning,Warning
W_002,7/24/2026 14:27,Warning,Critical,Warning,Warning
W_002,7/24/2026 14:27,Warning,Critical,Warning,Warning
W_002,7/24/2026 14:27,Warning,Critical,Warning,Warning
W_002,7/24/2026 14:27,Warning,Critical,Warning,Warning
W_002,7/24/2026 14:27,Warning,Critical,Warning,Warning
W_002,7/24/2026 14:27,Warning,Critical,Warning,Warning
W_002,7/24/2026 14:27,Warning,Critical,Warning,Warning
W_002,7/24/2026 14:27,Warning,Critical,Warning,Warning
W_002,7/24/2026 14:27,Warning,Critical,Warning,Warning
W_002,7/24/2026 14:27,Warning,Critical,Warning,Warning
W_002,7/24/2026 14:27,Warning,Critical,Warning,Warning
W_002,7/24/2026 14:27,Warning,Critical,Warning,Warning
W_002,7/24/2026 14:27,Warning,Critical,Warning,Warning
W_002,7/24/2026 14:27,Warning,Critical,Warning,Warning
W_002,7/24/2026 14:27,Warning,Critical,Warning,Warning
W_002,7/24/2026 14:27,Warning,Critical,Warning,Warning
W_002,7/24/2026 14:27,Warning,Critical,Warning,Warning
W_002,7/24/2026 14:27,Warning,Critical,Warning,Warning
W_002,7/24/2026 14:27,Warning,Critical,Warning,Warning
W_002,7/24/2026 14:27,Warning,Critical,Warning,Warning
W_002,7/24/2026 14:27,Warning,Critical,Warning,Warning
W_002,7/24/2026 14:27,Warning,Critical,Warning,Warning
W_002,7/24/2026 14:27,Warning,Critical,Warning,Warning
W_002,7/24/2026 14:27,Warning,Critical,Warning,Warning
W_002,7/24/2026 14:27,Warning,Critical,Warning,Warning
W_002,7/24/2026 14:27,Warning,Critical,Warning,Warning
W_002,7/24/2026 14:27,Warning,Critical,Warning,Warning
W_002,7/24/2026 14:27,Warning,Critical,Warning,Warning
W_002,7/24/2026 14:27,Warning,Critical,Warning,Warning
W_002,7/24/2026 14:27,Warning,Critical,Warning,Warning
W_002,7/24/2026 14:27,Warning,Critical,Warning,Warning
W_002,7/24/2026 14:27,Warning,Critical,Warning,Warning
W_002,7/24/2026 14:27,Warning,Critical,Warning,Warning
W_002,7/24/2026 14:27,Warning,Critical,Warning,Warning
W_002,7/24/2026 14:27,Warning,Critical,Warning,Warning
W_002,7/24/2026 14:27,Warning,Critical,Warning,Warning
W_002,7/24/2026 14:27,Warning,Critical,Warning,Warning
W_002,7/24/2026 14:27,Warning,Critical,Warning,Warning
W_002,7/24/2026 14:27,Warning,Critical,Warning,Warning
W_002,7/24/2026 14:27,Warning,Critical,Warning,Warning
W_002,7/24/2026 14:27,Warning,Critical,Warning,Warning
W_002,7/24/2026 14:27,Warning,Critical,Warning,Warning
W_002,7/24/2026 14:27,Warning,Critical,Warning,Warning
W_002,7/24/2026 14:27,Warning,Critical,Warning,Warning
W_002,7/24/2026 14:27,Warning,Critical,Warning,Warning
W_002,7/24/2026 14:27,Warning,Critical,Warning,Warning
W_002,7/24/2026 14:27,Warning,Critical,Warning,Warning
W_002,7/24/2026 14:27,Warning,Critical,Warning,Warning
W_002,7/24/2026 14:27,Warning,Critical,Warning,Warning
W_002,7/24/2026 14:27,Warning,Critical,Warning,Warning
W_002,7/24/2026 14:27,Warning,Critical,Warning,Warning
W_002,7/24/2026 14:27,Warning,Critical,Warning,Warning
W_002,7/24/2026 14:28,Warning,Critical,Warning,Warning
W_002,7/24/2026 14:28,Warning,Critical,Warning,Warning
W_002,7/24/2026 14:28,Warning,Critical,Warning,Warning
W_002,7/24/2026 14:28,Warning,Critical,Warning,Warning
W_002,7/24/2026 14:28,Warning,Critical,Warning,Warning
W_002,7/24/2026 14:28,Warning,Critical,Warning,Warning
W_002,7/24/2026 14:28,Warning,Critical,Warning,Warning
W_002,7/24/2026 14:28,Warning,Critical,Warning,Warning
W_002,7/24/2026 14:28,Warning,Critical,Warning,Warning
W_002,7/24/2026 14:28,Warning,Critical,Warning,Warning
W_002,7/24/2026 14:28,Warning,Critical,Warning,Warning
W_002,7/24/2026 14:28,Warning,Critical,Warning,Warning
W_002,7/24/2026 14:28,Warning,Critical,Warning,Warning
W_002,7/24/2026 14:28,Warning,Critical,Warning,Warning
W_002,7/24/2026 14:28,Warning,Critical,Warning,Warning
W_002,7/24/2026 14:28,Warning,Critical,Warning,Warning
W_002,7/24/2026 14:28,Warning,Critical,Warning,Warning
W_002,7/24/2026 14:28,Warning,Critical,Warning,Warning
W_002,7/24/2026 14:28,Warning,Critical,Warning,Warning
W_002,7/24/2026 14:28,Warning,Critical,Warning,Warning
W_002,7/24/2026 14:28,Warning,Critical,Warning,Warning
W_002,7/24/2026 14:28,Warning,Critical,Warning,Warning
W_002,7/24/2026 14:28,Warning,Critical,Warning,Warning
W_002,7/24/2026 14:28,Warning,Critical,Warning,Warning
W_002,7/24/2026 14:28,Warning,Critical,Warning,Warning
W_002,7/24/2026 14:28,Warning,Critical,Warning,Warning
W_002,7/24/2026 14:28,Warning,Critical,Warning,Warning
W_002,7/24/2026 14:28,Warning,Critical,Warning,Warning
W_002,7/24/2026 14:28,Warning,Critical,Warning,Warning
W_002,7/24/2026 14:28,Warning,Critical,Warning,Warning
W_002,7/24/2026 14:28,Warning,Critical,Warning,Warning
W_002,7/24/2026 14:28,Warning,Critical,Warning,Warning
W_002,7/24/2026 14:28,Warning,Critical,Warning,Warning
W_002,7/24/2026 14:28,Warning,Critical,Warning,Warning
W_002,7/24/2026 14:28,Warning,Critical,Warning,Warning
W_002,7/24/2026 14:28,Warning,Critical,Warning,Warning
W_002,7/24/2026 14:28,Warning,Critical,Warning,Warning
W_002,7/24/2026 14:28,Warning,Critical,Safe,Warning
W_002,7/24/2026 14:28,Warning,Critical,Warning,Warning
W_002,7/24/2026 14:28,Warning,Critical,Safe,Warning
W_002,7/24/2026 14:28,Warning,Critical,Warning,Warning
W_002,7/24/2026 14:28,Warning,Critical,Safe,Warning
W_002,7/24/2026 14:28,Warning,Critical,Warning,Warning
W_002,7/24/2026 14:28,Warning,Critical,Safe,Warning
W_002,7/24/2026 14:28,Warning,Critical,Warning,Warning
W_002,7/24/2026 14:28,Warning,Critical,Safe,Warning
W_002,7/24/2026 14:28,Warning,Critical,Warning,Warning
W_002,7/24/2026 14:28,Warning,Critical,Warning,Warning
W_002,7/24/2026 14:28,Warning,Critical,Warning,Warning
W_002,7/24/2026 14:28,Warning,Critical,Warning,Warning
W_002,7/24/2026 14:28,Warning,Critical,Warning,Warning
W_002,7/24/2026 14:28,Warning,Critical,Warning,Warning
W_002,7/24/2026 14:28,Warning,Critical,Warning,Warning
W_002,7/24/2026 14:28,Warning,Critical,Warning,Warning
W_002,7/24/2026 14:29,Warning,Critical,Safe,Warning
W_002,7/24/2026 14:29,Warning,Critical,Safe,Warning
W_002,7/24/2026 14:29,Warning,Critical,Warning,Warning
W_002,7/24/2026 14:29,Warning,Critical,Safe,Warning
W_002,7/24/2026 14:29,Warning,Critical,Safe,Warning
W_002,7/24/2026 14:29,Warning,Critical,Safe,Warning
W_002,7/24/2026 14:29,Warning,Critical,Safe,Warning
W_002,7/24/2026 14:29,Warning,Critical,Safe,Warning
W_002,7/24/2026 14:29,Warning,Critical,Safe,Warning
W_002,7/24/2026 14:29,Warning,Critical,Safe,Warning
W_002,7/24/2026 14:29,Warning,Critical,Safe,Warning
W_002,7/24/2026 14:29,Warning,Critical,Safe,Warning
W_002,7/24/2026 14:29,Warning,Critical,Safe,Warning
W_002,7/24/2026 14:29,Warning,Critical,Warning,Warning
W_002,7/24/2026 14:29,Warning,Critical,Safe,Warning
W_002,7/24/2026 14:29,Warning,Critical,Safe,Warning
W_002,7/24/2026 14:29,Warning,Critical,Warning,Warning
W_002,7/24/2026 14:29,Warning,Critical,Warning,Warning
W_002,7/24/2026 14:29,Warning,Critical,Warning,Warning
W_002,7/24/2026 14:29,Warning,Critical,Warning,Warning
W_002,7/24/2026 14:29,Warning,Critical,Warning,Warning
W_002,7/24/2026 14:29,Warning,Critical,Warning,Warning
W_002,7/24/2026 14:29,Warning,Critical,Warning,Warning
W_002,7/24/2026 14:29,Warning,Critical,Safe,Warning
W_002,7/24/2026 14:29,Warning,Critical,Safe,Warning
W_002,7/24/2026 14:29,Warning,Critical,Warning,Warning
W_002,7/24/2026 14:29,Warning,Critical,Safe,Warning
W_002,7/24/2026 14:29,Warning,Critical,Safe,Warning
W_002,7/24/2026 14:29,Warning,Critical,Safe,Warning
W_002,7/24/2026 14:29,Warning,Critical,Warning,Warning
W_002,7/24/2026 14:29,Warning,Critical,Safe,Warning
W_002,7/24/2026 14:29,Warning,Critical,Safe,Warning
W_002,7/24/2026 14:29,Warning,Critical,Safe,Warning
W_002,7/24/2026 14:29,Warning,Critical,Safe,Warning
W_002,7/24/2026 14:29,Warning,Critical,Warning,Warning
W_002,7/24/2026 14:29,Warning,Critical,Safe,Warning
W_002,7/24/2026 14:29,Warning,Critical,Warning,Warning
W_002,7/24/2026 14:29,Warning,Critical,Warning,Warning
W_002,7/24/2026 14:29,Warning,Critical,Warning,Warning
W_002,7/24/2026 14:29,Warning,Critical,Warning,Warning
W_002,7/24/2026 14:29,Warning,Critical,Warning,Warning
W_002,7/24/2026 14:29,Warning,Critical,Warning,Warning
W_002,7/24/2026 14:30,Warning,Critical,Warning,Warning
W_002,7/24/2026 14:30,Warning,Critical,Warning,Warning
W_002,7/24/2026 14:30,Warning,Critical,Warning,Warning
W_002,7/24/2026 14:30,Warning,Critical,Warning,Warning
W_002,7/24/2026 14:30,Warning,Critical,Warning,Warning
W_002,7/24/2026 14:30,Warning,Critical,Warning,Warning
W_002,7/24/2026 14:30,Warning,Critical,Warning,Warning
W_002,7/24/2026 14:30,Warning,Critical,Warning,Warning
W_002,7/24/2026 14:30,Warning,Critical,Warning,Warning
W_002,7/24/2026 14:30,Warning,Critical,Warning,Warning
W_002,7/24/2026 14:30,Warning,Critical,Warning,Warning
W_002,7/24/2026 14:30,Warning,Critical,Warning,Warning
W_002,7/24/2026 14:30,Warning,Critical,Warning,Warning
W_002,7/24/2026 14:30,Warning,Critical,Warning,Warning
W_002,7/24/2026 14:30,Warning,Critical,Warning,Warning
W_002,7/24/2026 14:30,Warning,Critical,Warning,Warning
W_002,7/24/2026 14:30,Warning,Critical,Warning,Warning
W_002,7/24/2026 14:30,Warning,Critical,Warning,Warning
W_002,7/24/2026 14:30,Warning,Critical,Warning,Warning
W_002,7/24/2026 14:30,Warning,Critical,Warning,Warning
W_002,7/24/2026 14:30,Warning,Critical,Warning,Warning
W_002,7/24/2026 14:30,Warning,Critical,Warning,Warning
W_002,7/24/2026 14:30,Warning,Critical,Warning,Warning
W_002,7/24/2026 14:30,Warning,Critical,Warning,Warning
W_002,7/24/2026 14:30,Warning,Critical,Warning,Warning
W_002,7/24/2026 14:30,Warning,Critical,Warning,Warning
W_002,7/24/2026 14:30,Warning,Critical,Warning,Warning
W_002,7/24/2026 14:30,Warning,Critical,Warning,Warning
W_002,7/24/2026 14:30,Warning,Critical,Warning,Warning
W_002,7/24/2026 14:30,Warning,Critical,Warning,Warning
W_002,7/24/2026 14:30,Warning,Critical,Warning,Warning
W_002,7/24/2026 14:30,Warning,Critical,Warning,Warning
W_002,7/24/2026 14:30,Warning,Critical,Warning,Warning
W_002,7/24/2026 14:30,Warning,Critical,Warning,Warning
W_002,7/24/2026 14:30,Warning,Critical,Warning,Warning
W_002,7/24/2026 14:30,Warning,Critical,Warning,Warning
W_002,7/24/2026 14:30,Warning,Critical,Warning,Warning
W_002,7/24/2026 14:30,Warning,Critical,Warning,Warning
W_002,7/24/2026 14:30,Warning,Critical,Warning,Warning
W_002,7/24/2026 14:30,Warning,Critical,Warning,Warning
W_002,7/24/2026 14:30,Warning,Critical,Warning,Warning
W_002,7/24/2026 14:30,Warning,Critical,Warning,Warning
W_002,7/24/2026 14:30,Warning,Critical,Warning,Warning
W_002,7/24/2026 14:30,Warning,Critical,Warning,Warning
W_002,7/24/2026 14:30,Warning,Critical,Warning,Warning
W_002,7/24/2026 14:30,Warning,Critical,Warning,Warning
W_002,7/24/2026 14:30,Warning,Critical,Warning,Warning
W_002,7/24/2026 14:30,Warning,Critical,Warning,Warning
W_002,7/24/2026 14:30,Warning,Critical,Warning,Warning
W_002,7/24/2026 14:30,Warning,Critical,Warning,Warning
W_002,7/24/2026 14:30,Warning,Critical,Warning,Warning
W_002,7/24/2026 14:30,Warning,Critical,Warning,Warning
W_002,7/24/2026 14:30,Warning,Critical,Warning,Warning
W_002,7/24/2026 14:30,Warning,Critical,Warning,Warning
W_002,7/24/2026 14:30,Warning,Critical,Warning,Warning
W_002,7/24/2026 14:30,Warning,Critical,Warning,Warning
W_002,7/24/2026 14:30,Warning,Critical,Warning,Warning
W_002,7/24/2026 14:30,Warning,Critical,Warning,Warning
W_002,7/24/2026 14:30,Warning,Critical,Warning,Warning
W_002,7/24/2026 14:30,Warning,Critical,Warning,Warning
W_002,7/24/2026 14:31,Warning,Critical,Warning,Warning
W_002,7/24/2026 14:31,Warning,Critical,Warning,Warning
W_002,7/24/2026 14:31,Warning,Critical,Warning,Warning
W_002,7/24/2026 14:31,Warning,Critical,Warning,Warning
W_002,7/24/2026 14:31,Warning,Critical,Warning,Warning
W_002,7/24/2026 14:31,Warning,Critical,Warning,Warning
W_002,7/24/2026 14:31,Warning,Critical,Warning,Warning
W_002,7/24/2026 14:31,Warning,Critical,Warning,Warning
W_002,7/24/2026 14:31,Warning,Critical,Warning,Warning
W_002,7/24/2026 14:31,Warning,Critical,Warning,Warning
W_002,7/24/2026 14:31,Warning,Critical,Warning,Warning
W_002,7/24/2026 14:31,Warning,Critical,Warning,Warning
W_002,7/24/2026 14:31,Warning,Critical,Warning,Warning
W_002,7/24/2026 14:31,Warning,Critical,Warning,Warning
W_002,7/24/2026 14:31,Warning,Critical,Warning,Warning
W_002,7/24/2026 14:31,Warning,Critical,Warning,Warning
W_002,7/24/2026 14:31,Warning,Critical,Warning,Warning
W_002,7/24/2026 14:31,Warning,Critical,Warning,Warning
W_002,7/24/2026 14:31,Warning,Critical,Warning,Warning
W_002,7/24/2026 14:31,Warning,Critical,Warning,Warning
W_002,7/24/2026 14:31,Warning,Critical,Warning,Warning
W_002,7/24/2026 14:31,Warning,Critical,Warning,Warning
W_002,7/24/2026 14:31,Warning,Critical,Warning,Warning
W_002,7/24/2026 14:31,Warning,Critical,Warning,Warning
W_002,7/24/2026 14:31,Warning,Critical,Warning,Warning
W_002,7/24/2026 14:31,Warning,Critical,Warning,Warning
W_002,7/24/2026 14:31,Warning,Critical,Warning,Warning
W_002,7/24/2026 14:31,Warning,Critical,Warning,Warning
W_002,7/24/2026 14:31,Warning,Critical,Warning,Warning
W_002,7/24/2026 14:31,Warning,Critical,Warning,Warning
W_002,7/24/2026 14:31,Warning,Critical,Warning,Warning
W_002,7/24/2026 14:31,Warning,Critical,Safe,Warning
W_002,7/24/2026 14:31,Warning,Critical,Safe,Warning
W_002,7/24/2026 14:31,Warning,Critical,Warning,Warning
W_002,7/24/2026 14:31,Warning,Critical,Safe,Warning
W_002,7/24/2026 14:31,Warning,Critical,Safe,Warning
W_002,7/24/2026 14:31,Warning,Critical,Warning,Warning
W_002,7/24/2026 14:31,Warning,Critical,Warning,Warning
W_002,7/24/2026 14:31,Warning,Critical,Safe,Warning
W_002,7/24/2026 14:31,Warning,Critical,Safe,Warning
W_002,7/24/2026 14:31,Warning,Critical,Warning,Warning
W_002,7/24/2026 14:31,Warning,Critical,Warning,Warning
W_002,7/24/2026 14:31,Warning,Critical,Warning,Warning
W_002,7/24/2026 14:31,Warning,Critical,Safe,Warning
W_002,7/24/2026 14:31,Warning,Critical,Safe,Warning
W_002,7/24/2026 14:31,Warning,Critical,Safe,Warning
W_002,7/24/2026 14:31,Warning,Critical,Warning,Warning
W_002,7/24/2026 14:31,Warning,Critical,Safe,Warning
W_002,7/24/2026 14:31,Warning,Critical,Safe,Warning
W_002,7/24/2026 14:31,Warning,Critical,Warning,Warning
W_002,7/24/2026 14:31,Warning,Critical,Safe,Warning
W_002,7/24/2026 14:31,Warning,Critical,Safe,Warning
W_002,7/24/2026 14:31,Warning,Critical,Safe,Warning
W_002,7/24/2026 14:31,Warning,Critical,Safe,Warning
W_002,7/24/2026 14:31,Warning,Critical,Safe,Warning
W_002,7/24/2026 14:31,Warning,Critical,Safe,Warning
W_002,7/24/2026 14:31,Warning,Critical,Safe,Warning
W_002,7/24/2026 14:31,Warning,Critical,Safe,Warning
W_002,7/24/2026 14:31,Warning,Critical,Safe,Warning
W_002,7/24/2026 14:31,Warning,Critical,Warning,Warning
W_002,7/24/2026 14:32,Warning,Critical,Safe,Warning
W_002,7/24/2026 14:32,Warning,Critical,Safe,Warning
W_002,7/24/2026 14:32,Warning,Critical,Safe,Warning
W_002,7/24/2026 14:32,Warning,Critical,Safe,Warning
W_002,7/24/2026 14:32,Warning,Critical,Safe,Warning
W_002,7/24/2026 14:32,Warning,Critical,Safe,Warning
W_002,7/24/2026 14:32,Warning,Critical,Safe,Warning
W_002,7/24/2026 14:32,Warning,Critical,Safe,Warning
W_002,7/24/2026 14:32,Warning,Critical,Safe,Warning
W_002,7/24/2026 14:32,Warning,Critical,Safe,Warning
W_002,7/24/2026 14:32,Warning,Critical,Safe,Warning
W_002,7/24/2026 14:32,Warning,Critical,Warning,Warning
W_002,7/24/2026 14:32,Warning,Critical,Safe,Warning
W_002,7/24/2026 14:32,Warning,Critical,Safe,Warning
W_002,7/24/2026 14:32,Warning,Critical,Safe,Warning
W_002,7/24/2026 14:32,Warning,Critical,Warning,Warning
W_002,7/24/2026 14:32,Warning,Critical,Warning,Warning
W_002,7/24/2026 14:32,Warning,Critical,Warning,Warning
W_002,7/24/2026 14:32,Warning,Critical,Warning,Warning
W_002,7/24/2026 14:32,Warning,Critical,Warning,Warning
W_002,7/24/2026 14:32,Warning,Critical,Warning,Warning
W_002,7/24/2026 14:32,Warning,Critical,Warning,Warning
W_002,7/24/2026 14:32,Warning,Critical,Warning,Warning
W_002,7/24/2026 14:32,Warning,Critical,Warning,Warning
W_002,7/24/2026 14:32,Warning,Critical,Warning,Warning
W_002,7/24/2026 14:32,Warning,Critical,Warning,Warning
W_002,7/24/2026 14:32,Warning,Critical,Warning,Warning
W_002,7/24/2026 14:32,Warning,Critical,Warning,Warning
W_002,7/24/2026 14:32,Warning,Critical,Warning,Warning
W_002,7/24/2026 14:32,Warning,Critical,Warning,Warning
W_002,7/24/2026 14:32,Warning,Critical,Warning,Warning
W_002,7/24/2026 14:32,Warning,Critical,Warning,Warning
W_002,7/24/2026 14:32,Warning,Critical,Safe,Warning
W_002,7/24/2026 14:32,Warning,Critical,Safe,Warning
W_002,7/24/2026 14:32,Warning,Critical,Warning,Warning
W_002,7/24/2026 14:32,Warning,Critical,Warning,Warning
W_002,7/24/2026 14:32,Warning,Critical,Warning,Warning
W_002,7/24/2026 14:32,Warning,Critical,Warning,Warning
W_002,7/24/2026 14:32,Warning,Critical,Warning,Warning
W_002,7/24/2026 14:32,Warning,Critical,Warning,Warning
W_002,7/24/2026 14:32,Warning,Critical,Warning,Warning
W_002,7/24/2026 14:32,Warning,Critical,Warning,Warning
W_002,7/24/2026 14:32,Warning,Critical,Warning,Warning
W_002,7/24/2026 14:32,Warning,Critical,Warning,Warning
W_002,7/24/2026 14:32,Warning,Critical,Warning,Warning
W_002,7/24/2026 14:32,Warning,Critical,Warning,Warning
W_002,7/24/2026 14:32,Warning,Critical,Warning,Warning
W_002,7/24/2026 14:32,Warning,Critical,Warning,Warning
W_002,7/24/2026 14:32,Warning,Critical,Safe,Warning
W_002,7/24/2026 14:32,Warning,Critical,Warning,Warning
W_002,7/24/2026 14:32,Warning,Critical,Warning,Warning
W_002,7/24/2026 14:32,Warning,Critical,Warning,Warning
W_002,7/24/2026 14:32,Warning,Critical,Warning,Warning
W_002,7/24/2026 14:32,Safe,Safe,Safe,Warning
W_002,7/24/2026 14:32,Safe,Safe,Safe,Warning
W_002,7/24/2026 14:32,Safe,Safe,Safe,Warning
W_002,7/24/2026 14:32,Safe,Safe,Safe,Warning
W_002,7/24/2026 14:32,Safe,Safe,Safe,Warning
W_002,7/24/2026 14:32,Safe,Safe,Safe,Warning
W_002,7/24/2026 14:32,Safe,Safe,Safe,Warning
W_002,7/24/2026 14:33,Safe,Safe,Safe,Warning
W_002,7/24/2026 14:33,Safe,Safe,Safe,Warning
W_002,7/24/2026 14:33,Safe,Safe,Safe,Warning
W_002,7/24/2026 14:33,Safe,Safe,Safe,Warning
W_002,7/24/2026 14:33,Safe,Safe,Safe,Warning
W_002,7/24/2026 14:33,Safe,Safe,Safe,Warning
W_002,7/24/2026 14:33,Safe,Safe,Safe,Warning
W_002,7/24/2026 14:33,Safe,Safe,Safe,Warning
W_002,7/24/2026 14:33,Safe,Safe,Safe,Warning
W_002,7/24/2026 14:33,Safe,Safe,Safe,Warning
W_002,7/24/2026 14:33,Safe,Safe,Safe,Warning
W_002,7/24/2026 14:33,Safe,Safe,Safe,Warning
W_002,7/24/2026 14:33,Safe,Safe,Safe,Warning
W_002,7/24/2026 14:33,Safe,Safe,Safe,Warning
W_002,7/24/2026 14:33,Safe,Safe,Safe,Warning
W_002,7/24/2026 14:33,Safe,Safe,Safe,Warning
W_002,7/24/2026 14:33,Safe,Safe,Safe,Warning
W_002,7/24/2026 14:33,Safe,Safe,Safe,Warning
W_002,7/24/2026 14:33,Safe,Safe,Safe,Warning
W_002,7/24/2026 14:33,Safe,Safe,Safe,Warning
W_002,7/24/2026 14:33,Safe,Safe,Safe,Warning
W_002,7/24/2026 14:33,Safe,Safe,Safe,Warning
W_002,7/24/2026 14:33,Safe,Safe,Safe,Warning
W_002,7/24/2026 14:33,Safe,Safe,Safe,Warning
W_002,7/24/2026 14:33,Safe,Safe,Safe,Warning
W_002,7/24/2026 14:33,Safe,Safe,Safe,Warning
W_002,7/24/2026 14:33,Safe,Safe,Safe,Warning
W_002,7/24/2026 14:33,Safe,Safe,Safe,Warning
W_002,7/24/2026 14:33,Safe,Safe,Safe,Warning
W_002,7/24/2026 14:33,Safe,Safe,Safe,Warning
W_002,7/24/2026 14:33,Safe,Safe,Safe,Warning
W_002,7/24/2026 14:33,Safe,Safe,Safe,Warning
W_002,7/24/2026 14:33,Safe,Safe,Safe,Warning
W_002,7/24/2026 14:33,Safe,Safe,Safe,Warning
W_002,7/24/2026 14:33,Safe,Safe,Safe,Warning
W_002,7/24/2026 14:33,Safe,Safe,Safe,Warning
W_002,7/24/2026 14:33,Safe,Safe,Safe,Warning
W_002,7/24/2026 14:33,Safe,Safe,Safe,Warning
W_002,7/24/2026 14:33,Safe,Safe,Safe,Warning
W_002,7/24/2026 14:33,Safe,Safe,Safe,Warning
W_002,7/24/2026 14:33,Safe,Safe,Safe,Warning
W_002,7/24/2026 14:33,Safe,Safe,Safe,Warning
W_002,7/24/2026 14:33,Safe,Safe,Safe,Warning
W_002,7/24/2026 14:33,Safe,Safe,Safe,Warning
W_002,7/24/2026 14:33,Safe,Safe,Safe,Warning
W_002,7/24/2026 14:33,Safe,Safe,Safe,Warning
W_002,7/24/2026 14:33,Safe,Safe,Safe,Warning
W_002,7/24/2026 14:33,Safe,Safe,Safe,Warning
W_002,7/24/2026 14:33,Safe,Safe,Safe,Warning
W_002,7/24/2026 14:33,Safe,Safe,Safe,Warning
W_002,7/24/2026 14:33,Safe,Safe,Safe,Warning
W_002,7/24/2026 14:33,Safe,Safe,Safe,Warning
W_002,7/24/2026 14:33,Safe,Safe,Safe,Warning
W_002,7/24/2026 14:33,Safe,Safe,Safe,Warning
W_002,7/24/2026 14:33,Safe,Safe,Safe,Warning
W_002,7/24/2026 14:33,Safe,Safe,Safe,Warning
W_002,7/24/2026 14:33,Safe,Safe,Safe,Warning
W_002,7/24/2026 14:33,Safe,Safe,Safe,Warning
W_002,7/24/2026 14:33,Safe,Safe,Safe,Warning
W_002,7/24/2026 14:33,Safe,Safe,Safe,Warning
W_002,7/24/2026 14:34,Safe,Safe,Safe,Warning
W_002,7/24/2026 14:34,Safe,Safe,Safe,Warning
W_002,7/24/2026 14:34,Safe,Safe,Safe,Warning
W_002,7/24/2026 14:34,Safe,Safe,Safe,Warning
W_002,7/24/2026 14:34,Safe,Safe,Safe,Warning
W_002,7/24/2026 14:34,Safe,Safe,Safe,Warning
W_002,7/24/2026 14:34,Safe,Safe,Safe,Warning
W_002,7/24/2026 14:34,Safe,Safe,Safe,Warning
W_002,7/24/2026 14:34,Safe,Safe,Safe,Warning
W_002,7/24/2026 14:34,Safe,Safe,Safe,Warning
W_002,7/24/2026 14:34,Safe,Safe,Safe,Warning
W_002,7/24/2026 14:34,Safe,Safe,Safe,Warning
W_002,7/24/2026 14:34,Safe,Safe,Safe,Warning
W_002,7/24/2026 14:34,Safe,Safe,Safe,Warning
W_002,7/24/2026 14:34,Safe,Safe,Safe,Warning
W_002,7/24/2026 14:34,Safe,Safe,Safe,Warning
W_002,7/24/2026 14:34,Safe,Safe,Safe,Warning
W_002,7/24/2026 14:34,Safe,Safe,Safe,Warning
W_002,7/24/2026 14:34,Safe,Safe,Safe,Warning
W_002,7/24/2026 14:34,Safe,Safe,Safe,Warning
W_002,7/24/2026 14:34,Safe,Safe,Safe,Warning
W_002,7/24/2026 14:34,Safe,Safe,Safe,Warning
W_002,7/24/2026 14:34,Safe,Safe,Safe,Warning
W_002,7/24/2026 14:34,Safe,Safe,Safe,Warning
W_002,7/24/2026 14:34,Safe,Safe,Safe,Warning
W_002,7/24/2026 14:34,Safe,Safe,Safe,Warning
W_002,7/24/2026 14:34,Safe,Safe,Safe,Warning
W_002,7/24/2026 14:34,Safe,Safe,Safe,Warning
W_002,7/24/2026 14:34,Safe,Safe,Safe,Warning
W_002,7/24/2026 14:34,Safe,Safe,Safe,Warning
W_002,7/24/2026 14:34,Safe,Safe,Safe,Warning
W_002,7/24/2026 14:34,Safe,Safe,Safe,Warning
W_002,7/24/2026 14:34,Safe,Safe,Safe,Warning
W_002,7/24/2026 14:34,Safe,Safe,Safe,Warning
W_002,7/24/2026 14:34,Safe,Safe,Safe,Warning
W_002,7/24/2026 14:34,Safe,Safe,Safe,Warning
W_002,7/24/2026 14:34,Safe,Safe,Safe,Warning
W_002,7/24/2026 14:34,Safe,Safe,Safe,Warning
W_002,7/24/2026 14:34,Safe,Safe,Safe,Warning
W_002,7/24/2026 14:34,Safe,Safe,Safe,Warning
W_002,7/24/2026 14:34,Safe,Safe,Safe,Warning
W_002,7/24/2026 14:34,Safe,Safe,Safe,Warning
W_002,7/24/2026 14:34,Safe,Safe,Safe,Warning
W_002,7/24/2026 14:34,Safe,Safe,Safe,Warning
W_002,7/24/2026 14:34,Safe,Safe,Safe,Warning
W_002,7/24/2026 14:34,Safe,Safe,Safe,Warning
W_002,7/24/2026 14:34,Safe,Safe,Safe,Warning
W_002,7/24/2026 14:34,Safe,Safe,Safe,Warning
W_002,7/24/2026 14:34,Safe,Safe,Safe,Warning
W_002,7/24/2026 14:34,Safe,Safe,Safe,Warning
W_002,7/24/2026 14:34,Safe,Safe,Safe,Warning
W_002,7/24/2026 14:34,Safe,Safe,Safe,Warning
W_002,7/24/2026 14:34,Safe,Safe,Safe,Warning
W_002,7/24/2026 14:34,Safe,Safe,Safe,Warning
W_002,7/24/2026 14:34,Safe,Safe,Safe,Warning
W_002,7/24/2026 14:34,Safe,Safe,Safe,Warning
W_002,7/24/2026 14:34,Safe,Safe,Safe,Warning
W_002,7/24/2026 14:34,Safe,Safe,Safe,Warning
W_002,7/24/2026 14:34,Safe,Safe,Safe,Warning
W_002,7/24/2026 14:34,Safe,Safe,Safe,Warning
W_002,7/24/2026 14:35,Safe,Safe,Safe,Warning
W_002,7/24/2026 14:35,Safe,Safe,Safe,Warning
W_002,7/24/2026 14:35,Safe,Safe,Safe,Warning
W_002,7/24/2026 14:35,Safe,Safe,Safe,Warning
W_002,7/24/2026 14:35,Safe,Safe,Safe,Warning
W_002,7/24/2026 14:35,Safe,Safe,Safe,Warning
W_002,7/24/2026 14:35,Safe,Safe,Safe,Warning
W_002,7/24/2026 14:35,Safe,Safe,Safe,Warning
W_002,7/24/2026 14:35,Safe,Safe,Safe,Warning
W_002,7/24/2026 14:35,Safe,Safe,Safe,Warning
W_002,7/24/2026 14:35,Safe,Safe,Safe,Warning
W_002,7/24/2026 14:35,Safe,Safe,Safe,Warning
W_002,7/24/2026 14:35,Safe,Safe,Safe,Warning
W_002,7/24/2026 14:35,Safe,Safe,Safe,Warning
W_002,7/24/2026 14:35,Safe,Safe,Safe,Warning
W_002,7/24/2026 14:35,Safe,Safe,Safe,Warning
W_002,7/24/2026 14:35,Safe,Safe,Safe,Warning
W_002,7/24/2026 14:35,Safe,Safe,Safe,Warning
W_002,7/24/2026 14:35,Safe,Safe,Safe,Warning
W_002,7/24/2026 14:35,Safe,Safe,Safe,Warning
W_002,7/24/2026 14:35,Safe,Safe,Safe,Warning
W_002,7/24/2026 14:35,Safe,Safe,Safe,Warning
W_002,7/24/2026 14:35,Safe,Safe,Safe,Warning
W_002,7/24/2026 14:35,Safe,Safe,Safe,Warning
W_002,7/24/2026 14:35,Safe,Safe,Safe,Warning
W_002,7/24/2026 14:35,Safe,Safe,Safe,Warning
W_002,7/24/2026 14:35,Safe,Safe,Safe,Warning
W_002,7/24/2026 14:35,Safe,Safe,Safe,Warning
W_002,7/24/2026 14:35,Safe,Safe,Safe,Warning
W_002,7/24/2026 14:35,Safe,Safe,Safe,Warning
W_002,7/24/2026 14:35,Safe,Safe,Safe,Warning
W_002,7/24/2026 14:35,Safe,Safe,Safe,Warning
W_002,7/24/2026 14:35,Safe,Safe,Safe,Warning
W_002,7/24/2026 14:35,Safe,Safe,Safe,Warning
W_002,7/24/2026 14:35,Safe,Safe,Safe,Warning
W_002,7/24/2026 14:35,Safe,Safe,Safe,Warning
W_002,7/24/2026 14:35,Safe,Safe,Safe,Warning
W_002,7/24/2026 14:35,Safe,Safe,Safe,Warning
W_002,7/24/2026 14:35,Safe,Safe,Safe,Warning
W_002,7/24/2026 14:35,Safe,Safe,Safe,Warning
W_002,7/24/2026 14:35,Safe,Safe,Safe,Warning
W_002,7/24/2026 14:35,Safe,Safe,Safe,Warning
W_002,7/24/2026 14:35,Safe,Safe,Safe,Warning
W_002,7/24/2026 14:35,Safe,Safe,Safe,Warning
W_002,7/24/2026 14:35,Safe,Safe,Safe,Warning
W_002,7/24/2026 14:35,Safe,Safe,Safe,Warning
W_002,7/24/2026 14:35,Safe,Safe,Safe,Warning
W_002,7/24/2026 14:35,Safe,Safe,Safe,Warning
W_002,7/24/2026 14:35,Safe,Safe,Safe,Warning
W_002,7/24/2026 14:35,Safe,Safe,Safe,Warning
W_002,7/24/2026 14:35,Safe,Safe,Safe,Warning
W_002,7/24/2026 14:35,Safe,Safe,Safe,Warning
W_002,7/24/2026 14:35,Safe,Safe,Safe,Warning
W_002,7/24/2026 14:35,Safe,Safe,Safe,Warning
W_002,7/24/2026 14:35,Safe,Safe,Safe,Warning
W_002,7/24/2026 14:35,Safe,Safe,Safe,Warning
W_002,7/24/2026 14:35,Safe,Safe,Safe,Warning
W_002,7/24/2026 14:35,Safe,Safe,Safe,Warning
W_002,7/24/2026 14:35,Safe,Safe,Safe,Warning
W_002,7/24/2026 14:35,Safe,Safe,Safe,Warning
W_002,7/24/2026 14:36,Safe,Safe,Safe,Warning
W_002,7/24/2026 14:36,Safe,Safe,Safe,Warning
W_002,7/24/2026 14:36,Safe,Safe,Safe,Warning
W_002,7/24/2026 14:36,Safe,Safe,Safe,Warning
W_002,7/24/2026 14:36,Safe,Safe,Safe,Warning
W_002,7/24/2026 14:36,Safe,Safe,Safe,Warning
W_002,7/24/2026 14:36,Safe,Safe,Safe,Warning
W_002,7/24/2026 14:36,Safe,Safe,Safe,Warning
W_002,7/24/2026 14:36,Safe,Safe,Safe,Warning
W_002,7/24/2026 14:36,Safe,Safe,Warning,Warning
W_002,7/24/2026 14:36,Safe,Safe,Safe,Warning
W_002,7/24/2026 14:36,Safe,Safe,Safe,Warning
W_002,7/24/2026 14:36,Safe,Safe,Warning,Warning
W_002,7/24/2026 14:36,Safe,Safe,Warning,Warning
W_002,7/24/2026 14:36,Safe,Safe,Warning,Warning
W_002,7/24/2026 14:36,Safe,Safe,Warning,Warning
W_002,7/24/2026 14:36,Safe,Safe,Warning,Warning
W_002,7/24/2026 14:36,Safe,Safe,Warning,Warning
W_002,7/24/2026 14:36,Safe,Safe,Warning,Warning
W_002,7/24/2026 14:36,Safe,Safe,Warning,Warning
W_002,7/24/2026 14:36,Safe,Safe,Warning,Warning
W_002,7/24/2026 14:36,Safe,Safe,Warning,Warning
W_002,7/24/2026 14:36,Safe,Safe,Warning,Warning
W_002,7/24/2026 14:36,Safe,Safe,Warning,Warning
W_002,7/24/2026 14:36,Safe,Safe,Warning,Warning
W_002,7/24/2026 14:36,Safe,Safe,Warning,Warning
W_002,7/24/2026 14:36,Safe,Safe,Warning,Warning
W_002,7/24/2026 14:36,Safe,Safe,Warning,Warning
W_002,7/24/2026 14:36,Safe,Safe,Warning,Warning
W_002,7/24/2026 14:36,Safe,Safe,Warning,Warning
W_002,7/24/2026 14:36,Safe,Safe,Warning,Warning
W_002,7/24/2026 14:36,Safe,Safe,Warning,Warning
W_002,7/24/2026 14:36,Safe,Safe,Warning,Warning
W_002,7/24/2026 14:36,Safe,Safe,Warning,Warning
W_002,7/24/2026 14:36,Safe,Safe,Warning,Warning
W_002,7/24/2026 14:36,Safe,Safe,Warning,Warning
W_002,7/24/2026 14:36,Safe,Safe,Warning,Warning
W_002,7/24/2026 14:36,Safe,Safe,Warning,Warning
W_002,7/24/2026 14:36,Safe,Safe,Warning,Warning
W_002,7/24/2026 14:36,Warning,Safe,Warning,Warning
W_002,7/24/2026 14:36,Warning,Safe,Warning,Warning
W_002,7/24/2026 14:36,Warning,Safe,Warning,Warning
W_002,7/24/2026 14:36,Warning,Safe,Warning,Warning
W_002,7/24/2026 14:36,Warning,Safe,Warning,Warning
W_002,7/24/2026 14:36,Warning,Safe,Warning,Warning
W_002,7/24/2026 14:36,Warning,Safe,Warning,Warning
W_002,7/24/2026 14:36,Warning,Safe,Warning,Warning
W_002,7/24/2026 14:36,Warning,Safe,Warning,Warning
W_002,7/24/2026 14:36,Warning,Safe,Warning,Warning
W_002,7/24/2026 14:36,Warning,Safe,Warning,Warning
W_002,7/24/2026 14:36,Warning,Safe,Warning,Warning
W_002,7/24/2026 14:36,Warning,Safe,Warning,Warning
W_002,7/24/2026 14:36,Warning,Safe,Warning,Warning
W_002,7/24/2026 14:36,Warning,Safe,Warning,Warning
W_002,7/24/2026 14:36,Warning,Safe,Warning,Warning
W_002,7/24/2026 14:36,Warning,Safe,Warning,Warning
W_002,7/24/2026 14:36,Warning,Safe,Warning,Warning
W_002,7/24/2026 14:36,Warning,Safe,Warning,Warning
W_002,7/24/2026 14:36,Warning,Safe,Warning,Warning
W_002,7/24/2026 14:36,Warning,Safe,Warning,Warning
W_002,7/24/2026 14:37,Warning,Safe,Warning,Warning
W_002,7/24/2026 14:37,Warning,Safe,Warning,Warning
W_002,7/24/2026 14:37,Warning,Safe,Warning,Warning
W_002,7/24/2026 14:37,Warning,Safe,Warning,Warning
W_002,7/24/2026 14:37,Warning,Safe,Warning,Warning
W_002,7/24/2026 14:37,Warning,Safe,Warning,Warning
W_002,7/24/2026 14:37,Warning,Safe,Safe,Warning
W_002,7/24/2026 14:37,Warning,Safe,Safe,Warning
W_002,7/24/2026 14:37,Warning,Safe,Warning,Warning
W_002,7/24/2026 14:37,Warning,Safe,Safe,Warning
W_002,7/24/2026 14:37,Warning,Safe,Safe,Warning
W_002,7/24/2026 14:37,Warning,Safe,Warning,Warning
W_002,7/24/2026 14:37,Warning,Safe,Safe,Warning
W_002,7/24/2026 14:37,Warning,Safe,Warning,Warning
W_002,7/24/2026 14:37,Warning,Safe,Safe,Warning
W_002,7/24/2026 14:37,Warning,Safe,Safe,Warning
W_002,7/24/2026 14:37,Warning,Safe,Warning,Warning
W_002,7/24/2026 14:37,Warning,Safe,Safe,Warning
W_002,7/24/2026 14:37,Warning,Safe,Warning,Warning
W_002,7/24/2026 14:37,Warning,Safe,Safe,Warning
W_002,7/24/2026 14:37,Warning,Safe,Warning,Warning
W_002,7/24/2026 14:37,Warning,Safe,Warning,Warning
W_002,7/24/2026 14:37,Warning,Safe,Safe,Warning
W_002,7/24/2026 14:37,Warning,Safe,Warning,Warning
W_002,7/24/2026 14:37,Warning,Safe,Warning,Warning
W_002,7/24/2026 14:37,Warning,Safe,Warning,Warning
W_002,7/24/2026 14:37,Warning,Safe,Safe,Warning
W_002,7/24/2026 14:37,Warning,Safe,Warning,Warning
W_002,7/24/2026 14:37,Warning,Safe,Warning,Warning
W_002,7/24/2026 14:37,Warning,Safe,Warning,Warning
W_002,7/24/2026 14:37,Warning,Safe,Warning,Warning
W_002,7/24/2026 14:37,Warning,Safe,Warning,Warning
W_002,7/24/2026 14:37,Warning,Safe,Warning,Warning
W_002,7/24/2026 14:37,Warning,Safe,Warning,Warning
W_002,7/24/2026 14:37,Warning,Safe,Warning,Warning
W_002,7/24/2026 14:37,Warning,Safe,Warning,Warning
W_002,7/24/2026 14:37,Warning,Safe,Safe,Warning
W_002,7/24/2026 14:37,Warning,Safe,Warning,Warning
W_002,7/24/2026 14:37,Warning,Safe,Safe,Warning
W_002,7/24/2026 14:37,Warning,Safe,Warning,Warning
W_002,7/24/2026 14:37,Warning,Safe,Warning,Warning
W_002,7/24/2026 14:37,Warning,Safe,Warning,Warning
W_002,7/24/2026 14:37,Warning,Safe,Warning,Warning
W_002,7/24/2026 14:37,Warning,Safe,Safe,Warning
W_002,7/24/2026 14:37,Warning,Safe,Safe,Warning
W_002,7/24/2026 14:37,Warning,Safe,Warning,Warning
W_002,7/24/2026 14:37,Warning,Safe,Safe,Warning
W_002,7/24/2026 14:37,Warning,Safe,Warning,Warning
W_002,7/24/2026 14:37,Warning,Safe,Warning,Warning
W_002,7/24/2026 14:37,Warning,Safe,Warning,Warning
W_002,7/24/2026 14:37,Warning,Safe,Safe,Warning
W_002,7/24/2026 14:37,Warning,Safe,Warning,Warning
W_002,7/24/2026 14:37,Warning,Safe,Safe,Warning
W_002,7/24/2026 14:37,Warning,Safe,Warning,Warning
W_002,7/24/2026 14:37,Warning,Safe,Warning,Warning
W_002,7/24/2026 14:37,Warning,Safe,Warning,Warning
W_002,7/24/2026 14:37,Warning,Safe,Warning,Warning
W_002,7/24/2026 14:37,Warning,Safe,Warning,Warning
W_002,7/24/2026 14:37,Warning,Safe,Warning,Warning
W_002,7/24/2026 14:37,Warning,Safe,Warning,Warning
W_002,7/24/2026 14:38,Warning,Safe,Warning,Warning
W_002,7/24/2026 14:38,Warning,Safe,Warning,Warning
W_002,7/24/2026 14:38,Warning,Safe,Warning,Warning
W_002,7/24/2026 14:38,Warning,Safe,Warning,Warning
W_002,7/24/2026 14:38,Warning,Safe,Warning,Warning
W_002,7/24/2026 14:38,Warning,Safe,Warning,Warning
W_002,7/24/2026 14:38,Warning,Safe,Warning,Warning
W_002,7/24/2026 14:38,Warning,Safe,Warning,Warning
W_002,7/24/2026 14:38,Warning,Safe,Warning,Warning
W_002,7/24/2026 14:38,Warning,Safe,Warning,Warning
W_002,7/24/2026 14:38,Warning,Safe,Warning,Warning
W_002,7/24/2026 14:38,Warning,Safe,Warning,Warning
W_002,7/24/2026 14:38,Warning,Safe,Warning,Warning
W_002,7/24/2026 14:38,Warning,Safe,Warning,Warning
W_002,7/24/2026 14:38,Warning,Safe,Warning,Warning
W_002,7/24/2026 14:38,Warning,Safe,Warning,Warning
W_002,7/24/2026 14:38,Warning,Safe,Warning,Warning
W_002,7/24/2026 14:38,Warning,Safe,Warning,Warning
W_002,7/24/2026 14:38,Warning,Safe,Warning,Warning
W_002,7/24/2026 14:38,Warning,Safe,Warning,Warning
W_002,7/24/2026 14:38,Warning,Safe,Warning,Warning
W_002,7/24/2026 14:38,Warning,Safe,Warning,Warning
W_002,7/24/2026 14:38,Warning,Safe,Warning,Warning
W_002,7/24/2026 14:38,Warning,Safe,Warning,Warning
W_002,7/24/2026 14:38,Warning,Safe,Warning,Warning
W_002,7/24/2026 14:38,Warning,Safe,Warning,Warning
W_002,7/24/2026 14:38,Warning,Safe,Warning,Warning
W_002,7/24/2026 14:38,Warning,Safe,Warning,Warning
W_002,7/24/2026 14:38,Warning,Safe,Warning,Warning
W_002,7/24/2026 14:38,Warning,Safe,Warning,Warning
W_002,7/24/2026 14:38,Warning,Safe,Warning,Warning
W_002,7/24/2026 14:38,Warning,Safe,Warning,Warning
W_002,7/24/2026 14:38,Warning,Safe,Warning,Warning
W_002,7/24/2026 14:38,Warning,Safe,Warning,Warning
W_002,7/24/2026 14:38,Warning,Safe,Warning,Warning
W_002,7/24/2026 14:38,Warning,Safe,Warning,Warning
W_002,7/24/2026 14:38,Warning,Safe,Warning,Warning
W_002,7/24/2026 14:38,Warning,Safe,Warning,Warning
W_002,7/24/2026 14:38,Warning,Safe,Warning,Warning
W_002,7/24/2026 14:38,Warning,Safe,Warning,Warning
W_002,7/24/2026 14:38,Warning,Safe,Warning,Warning
W_002,7/24/2026 14:38,Warning,Safe,Warning,Warning
W_002,7/24/2026 14:38,Warning,Safe,Warning,Warning
W_002,7/24/2026 14:38,Warning,Safe,Warning,Warning
W_002,7/24/2026 14:38,Warning,Warning,Warning,Warning
W_002,7/24/2026 14:38,Warning,Warning,Warning,Warning
W_002,7/24/2026 14:38,Warning,Warning,Warning,Warning
W_002,7/24/2026 14:38,Warning,Warning,Warning,Warning
W_002,7/24/2026 14:38,Warning,Warning,Warning,Warning
W_002,7/24/2026 14:38,Warning,Warning,Warning,Warning
W_002,7/24/2026 14:38,Warning,Warning,Warning,Warning
W_002,7/24/2026 14:38,Warning,Warning,Warning,Warning
W_002,7/24/2026 14:38,Warning,Warning,Warning,Warning
W_002,7/24/2026 14:38,Warning,Warning,Warning,Warning
W_002,7/24/2026 14:38,Warning,Warning,Warning,Warning
W_002,7/24/2026 14:38,Warning,Warning,Warning,Warning
W_002,7/24/2026 14:38,Warning,Warning,Warning,Warning
W_002,7/24/2026 14:38,Warning,Warning,Warning,Warning
W_002,7/24/2026 14:38,Warning,Warning,Warning,Warning
W_002,7/24/2026 14:38,Warning,Warning,Warning,Warning
W_002,7/24/2026 14:39,Warning,Warning,Warning,Warning
W_002,7/24/2026 14:39,Warning,Warning,Warning,Warning
W_002,7/24/2026 14:39,Warning,Warning,Warning,Warning
W_002,7/24/2026 14:39,Warning,Warning,Warning,Warning
W_002,7/24/2026 14:39,Warning,Warning,Warning,Warning
W_002,7/24/2026 14:39,Warning,Warning,Warning,Warning
W_002,7/24/2026 14:39,Warning,Warning,Warning,Warning
W_002,7/24/2026 14:39,Warning,Warning,Warning,Warning
W_002,7/24/2026 14:39,Warning,Warning,Warning,Warning
W_002,7/24/2026 14:39,Warning,Warning,Warning,Warning
W_002,7/24/2026 14:39,Warning,Warning,Warning,Warning
W_002,7/24/2026 14:39,Warning,Warning,Warning,Warning
W_002,7/24/2026 14:39,Warning,Warning,Warning,Warning
W_002,7/24/2026 14:39,Warning,Warning,Warning,Warning
W_002,7/24/2026 14:39,Warning,Warning,Warning,Warning
W_002,7/24/2026 14:39,Warning,Warning,Warning,Warning
W_002,7/24/2026 14:39,Warning,Warning,Warning,Warning
W_002,7/24/2026 14:39,Warning,Warning,Warning,Warning
W_002,7/24/2026 14:39,Warning,Warning,Warning,Warning
W_002,7/24/2026 14:39,Warning,Warning,Warning,Warning
W_002,7/24/2026 14:39,Warning,Warning,Warning,Warning
W_002,7/24/2026 14:39,Warning,Warning,Warning,Warning
W_002,7/24/2026 14:39,Warning,Warning,Warning,Warning
W_002,7/24/2026 14:39,Warning,Warning,Warning,Warning
W_002,7/24/2026 14:39,Warning,Warning,Warning,Warning
W_002,7/24/2026 14:39,Warning,Warning,Warning,Warning
W_002,7/24/2026 14:39,Warning,Warning,Warning,Warning
W_002,7/24/2026 14:39,Warning,Warning,Warning,Warning
W_002,7/24/2026 14:39,Warning,Warning,Warning,Warning
W_002,7/24/2026 14:39,Warning,Warning,Warning,Warning
W_002,7/24/2026 14:39,Warning,Warning,Warning,Warning
W_002,7/24/2026 14:39,Warning,Warning,Warning,Warning
W_002,7/24/2026 14:39,Warning,Warning,Warning,Warning
W_002,7/24/2026 14:39,Warning,Warning,Warning,Warning
W_002,7/24/2026 14:39,Warning,Warning,Warning,Warning
W_002,7/24/2026 14:39,Warning,Warning,Warning,Warning
W_002,7/24/2026 14:39,Warning,Warning,Warning,Warning
W_002,7/24/2026 14:39,Warning,Warning,Warning,Warning
W_002,7/24/2026 14:39,Warning,Warning,Warning,Warning
W_002,7/24/2026 14:39,Warning,Warning,Warning,Warning
W_002,7/24/2026 14:39,Warning,Warning,Warning,Warning
W_002,7/24/2026 14:39,Warning,Warning,Warning,Warning
W_002,7/24/2026 14:39,Warning,Warning,Warning,Warning
W_002,7/24/2026 14:39,Warning,Warning,Warning,Warning
W_002,7/24/2026 14:39,Warning,Warning,Warning,Warning
W_002,7/24/2026 14:39,Warning,Warning,Warning,Warning
W_002,7/24/2026 14:39,Warning,Warning,Warning,Warning
W_002,7/24/2026 14:39,Warning,Warning,Warning,Warning
W_002,7/24/2026 14:39,Warning,Warning,Warning,Warning
W_002,7/24/2026 14:39,Warning,Warning,Warning,Warning
W_002,7/24/2026 14:39,Warning,Warning,Warning,Warning
W_002,7/24/2026 14:39,Warning,Warning,Warning,Warning
W_002,7/24/2026 14:39,Warning,Warning,Warning,Warning
W_002,7/24/2026 14:39,Warning,Warning,Warning,Warning
W_002,7/24/2026 14:39,Warning,Warning,Warning,Warning
W_002,7/24/2026 14:39,Warning,Warning,Warning,Warning
W_002,7/24/2026 14:39,Warning,Warning,Warning,Warning
W_002,7/24/2026 14:39,Warning,Warning,Warning,Warning
W_002,7/24/2026 14:39,Warning,Warning,Warning,Warning
W_002,7/24/2026 14:39,Warning,Warning,Warning,Warning
W_002,7/24/2026 14:40,Warning,Warning,Warning,Warning
W_002,7/24/2026 14:40,Warning,Warning,Warning,Warning
W_002,7/24/2026 14:40,Warning,Warning,Warning,Warning
W_002,7/24/2026 14:40,Warning,Warning,Warning,Warning
W_002,7/24/2026 14:40,Warning,Warning,Warning,Warning
W_002,7/24/2026 14:40,Warning,Warning,Warning,Warning
W_002,7/24/2026 14:40,Warning,Warning,Warning,Warning
W_002,7/24/2026 14:40,Warning,Warning,Warning,Safe
W_002,7/24/2026 14:40,Warning,Warning,Warning,Warning
W_002,7/24/2026 14:40,Warning,Warning,Warning,Safe
W_002,7/24/2026 14:40,Warning,Warning,Warning,Safe
W_002,7/24/2026 14:40,Warning,Warning,Warning,Safe
W_002,7/24/2026 14:40,Warning,Warning,Warning,Safe
W_002,7/24/2026 14:40,Warning,Warning,Warning,Safe
W_002,7/24/2026 14:40,Warning,Warning,Warning,Safe
W_002,7/24/2026 14:40,Warning,Warning,Warning,Safe
W_002,7/24/2026 14:40,Warning,Warning,Warning,Safe
W_002,7/24/2026 14:40,Warning,Warning,Warning,Safe
W_002,7/24/2026 14:40,Warning,Warning,Warning,Safe
W_002,7/24/2026 14:40,Warning,Warning,Warning,Safe
W_002,7/24/2026 14:40,Warning,Warning,Warning,Safe
W_002,7/24/2026 14:40,Warning,Warning,Warning,Safe
W_002,7/24/2026 14:40,Warning,Warning,Warning,Safe
W_002,7/24/2026 14:40,Warning,Warning,Warning,Safe
W_002,7/24/2026 14:40,Warning,Warning,Warning,Safe
W_002,7/24/2026 14:40,Warning,Warning,Warning,Safe
W_002,7/24/2026 14:40,Warning,Warning,Warning,Safe
W_002,7/24/2026 14:40,Warning,Warning,Warning,Warning
W_002,7/24/2026 14:40,Warning,Warning,Warning,Warning
W_002,7/24/2026 14:40,Warning,Warning,Warning,Warning
W_002,7/24/2026 14:40,Warning,Warning,Warning,Warning
W_002,7/24/2026 14:40,Warning,Warning,Warning,Warning
W_002,7/24/2026 14:40,Warning,Warning,Warning,Warning
W_002,7/24/2026 14:40,Warning,Warning,Warning,Warning
W_002,7/24/2026 14:40,Warning,Warning,Warning,Warning
W_002,7/24/2026 14:40,Warning,Warning,Warning,Warning
W_002,7/24/2026 14:40,Warning,Warning,Warning,Warning
W_002,7/24/2026 14:40,Warning,Warning,Warning,Warning
W_002,7/24/2026 14:40,Warning,Warning,Warning,Warning
W_002,7/24/2026 14:40,Warning,Warning,Warning,Warning
W_002,7/24/2026 14:40,Warning,Warning,Warning,Warning
W_002,7/24/2026 14:40,Warning,Warning,Warning,Warning
W_002,7/24/2026 14:40,Warning,Warning,Warning,Warning
W_002,7/24/2026 14:40,Warning,Warning,Warning,Warning
W_002,7/24/2026 14:40,Warning,Warning,Warning,Warning
W_002,7/24/2026 14:40,Warning,Warning,Warning,Warning
W_002,7/24/2026 14:40,Warning,Warning,Warning,Warning
W_002,7/24/2026 14:40,Warning,Warning,Warning,Warning
W_002,7/24/2026 14:40,Warning,Warning,Warning,Warning
W_002,7/24/2026 14:40,Warning,Warning,Warning,Warning
W_002,7/24/2026 14:40,Warning,Warning,Warning,Warning
W_002,7/24/2026 14:40,Warning,Warning,Warning,Warning
W_002,7/24/2026 14:40,Warning,Warning,Warning,Warning
W_002,7/24/2026 14:40,Warning,Warning,Warning,Warning
W_002,7/24/2026 14:40,Warning,Warning,Warning,Warning
W_002,7/24/2026 14:40,Warning,Warning,Warning,Warning
W_002,7/24/2026 14:40,Warning,Warning,Warning,Warning
W_002,7/24/2026 14:40,Warning,Warning,Warning,Warning
W_002,7/24/2026 14:40,Warning,Warning,Warning,Warning
W_002,7/24/2026 14:40,Warning,Warning,Warning,Warning
W_002,7/24/2026 14:41,Warning,Warning,Warning,Warning
W_002,7/24/2026 14:41,Warning,Warning,Warning,Warning
W_002,7/24/2026 14:41,Warning,Warning,Warning,Warning
W_002,7/24/2026 14:41,Warning,Warning,Warning,Warning
W_002,7/24/2026 14:41,Warning,Warning,Warning,Warning
W_002,7/24/2026 14:41,Warning,Warning,Warning,Warning
W_002,7/24/2026 14:41,Warning,Warning,Warning,Warning
W_002,7/24/2026 14:41,Warning,Warning,Warning,Warning
W_002,7/24/2026 14:41,Warning,Warning,Warning,Warning
W_002,7/24/2026 14:41,Warning,Warning,Warning,Warning
W_002,7/24/2026 14:41,Warning,Warning,Warning,Warning
W_002,7/24/2026 14:41,Warning,Warning,Warning,Warning
W_002,7/24/2026 14:41,Warning,Warning,Warning,Warning
W_002,7/24/2026 14:41,Warning,Warning,Warning,Warning
W_002,7/24/2026 14:41,Warning,Warning,Warning,Warning
W_002,7/24/2026 14:41,Warning,Warning,Warning,Warning
W_002,7/24/2026 14:41,Warning,Warning,Warning,Warning
W_002,7/24/2026 14:41,Warning,Warning,Warning,Warning
W_002,7/24/2026 14:41,Warning,Warning,Warning,Warning
W_002,7/24/2026 14:41,Warning,Warning,Warning,Warning
W_002,7/24/2026 14:41,Warning,Warning,Warning,Warning
W_002,7/24/2026 14:41,Warning,Warning,Warning,Warning
W_002,7/24/2026 14:41,Warning,Warning,Warning,Warning
W_002,7/24/2026 14:41,Warning,Warning,Warning,Warning
W_002,7/24/2026 14:41,Warning,Warning,Warning,Warning
W_002,7/24/2026 14:41,Warning,Warning,Warning,Warning
W_002,7/24/2026 14:41,Warning,Warning,Warning,Warning
W_002,7/24/2026 14:41,Warning,Warning,Warning,Warning
W_002,7/24/2026 14:41,Warning,Warning,Warning,Warning
W_002,7/24/2026 14:41,Warning,Warning,Warning,Warning
W_002,7/24/2026 14:41,Warning,Warning,Warning,Warning
W_002,7/24/2026 14:41,Warning,Warning,Warning,Warning
W_002,7/24/2026 14:41,Warning,Warning,Warning,Warning
W_002,7/24/2026 14:41,Warning,Warning,Warning,Warning
W_002,7/24/2026 14:41,Warning,Warning,Warning,Warning
W_002,7/24/2026 14:41,Warning,Warning,Warning,Warning
W_002,7/24/2026 14:41,Warning,Warning,Warning,Warning
W_002,7/24/2026 14:41,Warning,Warning,Warning,Warning
W_002,7/24/2026 14:41,Warning,Warning,Warning,Warning
W_002,7/24/2026 14:41,Warning,Warning,Warning,Warning
W_002,7/24/2026 14:41,Warning,Warning,Warning,Warning
W_002,7/24/2026 14:41,Warning,Warning,Warning,Warning
W_002,7/24/2026 14:41,Warning,Warning,Warning,Warning
W_002,7/24/2026 14:41,Warning,Warning,Warning,Warning
W_002,7/24/2026 14:41,Warning,Warning,Warning,Warning
W_002,7/24/2026 14:41,Warning,Warning,Warning,Warning
W_002,7/24/2026 14:41,Warning,Warning,Warning,Warning
W_002,7/24/2026 14:41,Warning,Warning,Warning,Warning
W_002,7/24/2026 14:41,Warning,Warning,Warning,Warning
W_002,7/24/2026 14:41,Warning,Warning,Warning,Warning
W_002,7/24/2026 14:41,Warning,Warning,Warning,Warning
W_002,7/24/2026 14:41,Warning,Warning,Warning,Warning
W_002,7/24/2026 14:41,Warning,Warning,Warning,Warning
W_002,7/24/2026 14:41,Warning,Warning,Warning,Warning
W_002,7/24/2026 14:41,Warning,Warning,Warning,Warning
W_002,7/24/2026 14:41,Warning,Warning,Warning,Warning
W_002,7/24/2026 14:41,Warning,Warning,Warning,Warning
W_002,7/24/2026 14:41,Warning,Warning,Warning,Warning
W_002,7/24/2026 14:41,Warning,Warning,Warning,Warning
W_002,7/24/2026 14:41,Warning,Warning,Warning,Warning
W_002,7/24/2026 14:42,Warning,Warning,Warning,Warning
W_002,7/24/2026 14:42,Warning,Warning,Warning,Warning
W_002,7/24/2026 14:42,Warning,Warning,Warning,Warning
W_002,7/24/2026 14:42,Warning,Warning,Warning,Warning
W_002,7/24/2026 14:42,Warning,Warning,Warning,Warning
W_002,7/24/2026 14:42,Warning,Warning,Warning,Warning
W_002,7/24/2026 14:42,Warning,Warning,Warning,Warning
W_002,7/24/2026 14:42,Warning,Warning,Warning,Warning
W_002,7/24/2026 14:42,Warning,Warning,Warning,Warning
W_002,7/24/2026 14:42,Warning,Warning,Warning,Warning
W_002,7/24/2026 14:42,Warning,Warning,Warning,Warning
W_002,7/24/2026 14:42,Warning,Warning,Warning,Warning
W_002,7/24/2026 14:42,Warning,Warning,Warning,Warning
W_002,7/24/2026 14:42,Warning,Warning,Warning,Warning
W_002,7/24/2026 14:42,Warning,Warning,Warning,Warning
W_002,7/24/2026 14:42,Warning,Warning,Warning,Warning
W_002,7/24/2026 14:42,Warning,Warning,Warning,Warning
W_002,7/24/2026 14:42,Warning,Warning,Warning,Warning
W_002,7/24/2026 14:42,Warning,Warning,Warning,Warning
W_002,7/24/2026 14:42,Warning,Warning,Warning,Warning
W_002,7/24/2026 14:42,Warning,Warning,Warning,Warning
W_002,7/24/2026 14:42,Warning,Warning,Warning,Safe
W_002,7/24/2026 14:42,Warning,Warning,Warning,Safe
W_002,7/24/2026 14:42,Warning,Warning,Warning,Safe
W_002,7/24/2026 14:42,Warning,Warning,Warning,Warning
W_002,7/24/2026 14:42,Warning,Warning,Warning,Safe
W_002,7/24/2026 14:42,Warning,Warning,Warning,Safe
W_002,7/24/2026 14:42,Warning,Warning,Warning,Safe
W_002,7/24/2026 14:42,Warning,Warning,Warning,Safe
W_002,7/24/2026 14:42,Warning,Warning,Warning,Safe
W_002,7/24/2026 14:42,Warning,Warning,Warning,Safe
W_002,7/24/2026 14:42,Warning,Warning,Warning,Warning
W_002,7/24/2026 14:42,Warning,Warning,Warning,Warning
W_002,7/24/2026 14:42,Warning,Warning,Warning,Warning
W_002,7/24/2026 14:42,Warning,Warning,Warning,Warning
W_002,7/24/2026 14:42,Warning,Warning,Warning,Warning
W_002,7/24/2026 14:42,Warning,Warning,Warning,Warning
W_002,7/24/2026 14:42,Warning,Warning,Warning,Warning
W_002,7/24/2026 14:42,Warning,Warning,Warning,Warning
W_002,7/24/2026 14:42,Warning,Warning,Warning,Warning
W_002,7/24/2026 14:42,Warning,Warning,Warning,Warning
W_002,7/24/2026 14:42,Warning,Warning,Warning,Warning
W_002,7/24/2026 14:42,Warning,Warning,Warning,Warning
W_002,7/24/2026 14:42,Warning,Warning,Warning,Warning
W_002,7/24/2026 14:42,Warning,Warning,Warning,Warning
W_002,7/24/2026 14:42,Warning,Warning,Warning,Warning
W_002,7/24/2026 14:42,Warning,Warning,Warning,Warning
W_002,7/24/2026 14:42,Warning,Warning,Warning,Warning
W_002,7/24/2026 14:42,Warning,Warning,Warning,Warning
W_002,7/24/2026 14:42,Warning,Warning,Warning,Warning
W_002,7/24/2026 14:42,Warning,Warning,Warning,Warning
W_002,7/24/2026 14:42,Warning,Warning,Warning,Warning
W_002,7/24/2026 14:42,Warning,Warning,Warning,Warning
W_002,7/24/2026 14:42,Warning,Warning,Warning,Warning
W_002,7/24/2026 14:42,Warning,Warning,Warning,Warning
W_002,7/24/2026 14:42,Warning,Warning,Warning,Warning
W_002,7/24/2026 14:42,Warning,Warning,Warning,Warning
W_002,7/24/2026 14:42,Warning,Warning,Warning,Warning
W_002,7/24/2026 14:42,Warning,Warning,Warning,Warning
W_002,7/24/2026 14:42,Warning,Warning,Warning,Warning
W_002,7/24/2026 14:43,Warning,Warning,Warning,Warning
W_002,7/24/2026 14:43,Warning,Warning,Warning,Warning
W_002,7/24/2026 14:43,Warning,Warning,Warning,Warning
W_002,7/24/2026 14:43,Warning,Warning,Warning,Warning
W_002,7/24/2026 14:43,Warning,Warning,Warning,Warning
W_002,7/24/2026 14:43,Warning,Warning,Warning,Warning
W_002,7/24/2026 14:43,Warning,Warning,Warning,Warning
W_002,7/24/2026 14:43,Warning,Warning,Warning,Warning
W_002,7/24/2026 14:43,Warning,Warning,Warning,Warning
W_002,7/24/2026 14:43,Warning,Warning,Warning,Warning
W_002,7/24/2026 14:43,Warning,Warning,Warning,Warning
W_002,7/24/2026 14:43,Warning,Warning,Warning,Warning
W_002,7/24/2026 14:43,Warning,Warning,Warning,Warning
W_002,7/24/2026 14:43,Warning,Warning,Warning,Warning
W_002,7/24/2026 14:43,Warning,Warning,Warning,Warning
W_002,7/24/2026 14:43,Warning,Warning,Warning,Warning
W_002,7/24/2026 14:43,Warning,Warning,Warning,Warning
W_002,7/24/2026 14:43,Warning,Warning,Warning,Warning
W_002,7/24/2026 14:43,Warning,Warning,Warning,Warning
W_002,7/24/2026 14:43,Warning,Warning,Warning,Warning
W_002,7/24/2026 14:43,Warning,Warning,Warning,Warning
W_002,7/24/2026 14:43,Warning,Warning,Warning,Warning
W_002,7/24/2026 14:43,Warning,Warning,Warning,Warning
W_002,7/24/2026 14:43,Warning,Warning,Warning,Warning
W_002,7/24/2026 14:43,Warning,Warning,Warning,Warning
W_002,7/24/2026 14:43,Warning,Warning,Warning,Warning
W_002,7/24/2026 14:43,Warning,Warning,Warning,Warning
W_002,7/24/2026 14:43,Warning,Warning,Warning,Warning
W_002,7/24/2026 14:43,Warning,Warning,Warning,Warning
W_002,7/24/2026 14:43,Warning,Warning,Warning,Warning
W_002,7/24/2026 14:43,Warning,Warning,Warning,Warning
W_002,7/24/2026 14:43,Warning,Warning,Warning,Warning
W_002,7/24/2026 14:43,Warning,Warning,Warning,Warning
W_002,7/24/2026 14:43,Warning,Warning,Warning,Warning
W_002,7/24/2026 14:43,Warning,Warning,Warning,Warning
W_002,7/24/2026 14:43,Warning,Warning,Warning,Warning
W_002,7/24/2026 14:43,Warning,Warning,Warning,Warning
W_002,7/24/2026 14:43,Warning,Warning,Warning,Warning
W_002,7/24/2026 14:43,Warning,Warning,Warning,Warning
W_002,7/24/2026 14:43,Warning,Warning,Warning,Warning
W_002,7/24/2026 14:43,Warning,Warning,Warning,Warning
W_002,7/24/2026 14:43,Warning,Warning,Warning,Warning
W_002,7/24/2026 14:43,Warning,Warning,Warning,Warning
W_002,7/24/2026 14:43,Warning,Warning,Warning,Warning
W_002,7/24/2026 14:43,Warning,Warning,Warning,Warning
W_002,7/24/2026 14:43,Warning,Warning,Warning,Warning
W_002,7/24/2026 14:43,Warning,Warning,Warning,Warning
W_002,7/24/2026 14:43,Warning,Warning,Warning,Warning
W_002,7/24/2026 14:43,Warning,Warning,Warning,Warning
W_002,7/24/2026 14:43,Warning,Warning,Warning,Warning
W_002,7/24/2026 14:43,Warning,Warning,Warning,Warning
W_002,7/24/2026 14:43,Warning,Warning,Warning,Warning
W_002,7/24/2026 14:43,Warning,Warning,Warning,Warning
W_002,7/24/2026 14:43,Warning,Warning,Warning,Warning
W_002,7/24/2026 14:43,Warning,Warning,Warning,Warning
W_002,7/24/2026 14:43,Warning,Warning,Warning,Warning
W_002,7/24/2026 14:43,Warning,Warning,Warning,Warning
W_002,7/24/2026 14:43,Warning,Warning,Warning,Warning
W_002,7/24/2026 14:43,Warning,Warning,Warning,Warning
W_002,7/24/2026 14:43,Warning,Warning,Warning,Warning
W_002,7/24/2026 14:44,Warning,Warning,Warning,Warning
W_002,7/24/2026 14:44,Warning,Warning,Warning,Warning
W_002,7/24/2026 14:44,Warning,Warning,Warning,Warning
W_002,7/24/2026 14:44,Warning,Warning,Warning,Warning
W_002,7/24/2026 14:44,Warning,Warning,Warning,Warning
W_002,7/24/2026 14:44,Warning,Warning,Warning,Warning
W_002,7/24/2026 14:44,Warning,Warning,Warning,Warning
W_002,7/24/2026 14:44,Warning,Warning,Warning,Warning
W_002,7/24/2026 14:44,Warning,Warning,Warning,Warning
W_002,7/24/2026 14:44,Warning,Warning,Warning,Warning
W_002,7/24/2026 14:44,Warning,Warning,Warning,Warning
W_002,7/24/2026 14:44,Warning,Warning,Warning,Warning
W_002,7/24/2026 14:44,Warning,Warning,Warning,Warning
W_002,7/24/2026 14:44,Warning,Warning,Warning,Warning
W_002,7/24/2026 14:44,Warning,Warning,Warning,Warning
W_002,7/24/2026 14:44,Warning,Warning,Warning,Warning
W_002,7/24/2026 14:44,Warning,Warning,Warning,Warning
W_002,7/24/2026 14:44,Warning,Warning,Warning,Warning
W_002,7/24/2026 14:44,Warning,Warning,Warning,Warning
W_002,7/24/2026 14:44,Warning,Warning,Warning,Warning
W_002,7/24/2026 14:44,Warning,Warning,Warning,Warning
W_002,7/24/2026 14:44,Warning,Warning,Warning,Warning
W_002,7/24/2026 14:44,Warning,Warning,Warning,Warning
W_002,7/24/2026 14:44,Warning,Warning,Warning,Warning
W_002,7/24/2026 14:44,Warning,Warning,Warning,Warning
W_002,7/24/2026 14:44,Warning,Warning,Warning,Warning
W_002,7/24/2026 14:44,Warning,Warning,Warning,Warning
W_002,7/24/2026 14:44,Warning,Warning,Warning,Warning
W_002,7/24/2026 14:44,Warning,Warning,Warning,Warning
W_002,7/24/2026 14:44,Warning,Warning,Warning,Warning
W_002,7/24/2026 14:44,Warning,Warning,Warning,Warning
W_002,7/24/2026 14:44,Warning,Warning,Warning,Warning
W_002,7/24/2026 14:44,Warning,Warning,Warning,Warning
W_002,7/24/2026 14:44,Warning,Warning,Warning,Warning
W_002,7/24/2026 14:44,Warning,Warning,Warning,Warning
W_002,7/24/2026 14:44,Warning,Warning,Warning,Warning
W_002,7/24/2026 14:44,Warning,Warning,Warning,Warning
W_002,7/24/2026 14:44,Warning,Warning,Warning,Warning
W_002,7/24/2026 14:44,Warning,Warning,Warning,Warning
W_002,7/24/2026 14:44,Warning,Warning,Warning,Warning
W_002,7/24/2026 14:44,Warning,Warning,Warning,Warning
W_002,7/24/2026 14:44,Warning,Warning,Warning,Warning
W_002,7/24/2026 14:44,Warning,Warning,Warning,Warning
W_002,7/24/2026 14:44,Warning,Warning,Warning,Warning
W_002,7/24/2026 14:44,Warning,Warning,Warning,Warning
W_002,7/24/2026 14:44,Warning,Warning,Warning,Warning
W_002,7/24/2026 14:44,Warning,Warning,Warning,Warning
W_002,7/24/2026 14:44,Warning,Warning,Warning,Warning
W_002,7/24/2026 14:44,Warning,Warning,Warning,Warning
W_002,7/24/2026 14:44,Warning,Warning,Warning,Warning
W_002,7/24/2026 14:44,Warning,Warning,Warning,Warning
W_002,7/24/2026 14:44,Warning,Warning,Warning,Warning
W_002,7/24/2026 14:44,Warning,Warning,Warning,Warning
W_002,7/24/2026 14:44,Warning,Warning,Warning,Warning
W_002,7/24/2026 14:44,Warning,Warning,Warning,Warning
W_002,7/24/2026 14:44,Warning,Warning,Warning,Warning
W_002,7/24/2026 14:44,Warning,Warning,Warning,Warning
W_002,7/24/2026 14:44,Warning,Warning,Warning,Warning
W_002,7/24/2026 14:44,Warning,Warning,Warning,Warning
W_002,7/24/2026 14:44,Warning,Warning,Warning,Warning
W_002,7/24/2026 14:45,Warning,Warning,Warning,Warning
W_002,7/24/2026 14:45,Warning,Warning,Warning,Warning
W_002,7/24/2026 14:45,Warning,Warning,Warning,Warning
W_002,7/24/2026 14:45,Warning,Warning,Warning,Warning
W_002,7/24/2026 14:45,Warning,Warning,Warning,Warning
W_002,7/24/2026 14:45,Warning,Warning,Warning,Warning
W_002,7/24/2026 14:45,Warning,Warning,Warning,Warning
W_002,7/24/2026 14:45,Warning,Warning,Warning,Warning
W_002,7/24/2026 14:45,Warning,Warning,Warning,Warning
W_002,7/24/2026 14:45,Warning,Warning,Warning,Warning
W_002,7/24/2026 14:45,Warning,Warning,Warning,Warning
W_002,7/24/2026 14:45,Warning,Warning,Warning,Warning
W_002,7/24/2026 14:45,Warning,Warning,Warning,Warning
W_002,7/24/2026 14:45,Warning,Warning,Warning,Warning
W_002,7/24/2026 14:45,Warning,Warning,Warning,Warning
W_002,7/24/2026 14:45,Warning,Warning,Warning,Warning
W_002,7/24/2026 14:45,Warning,Warning,Warning,Warning
W_002,7/24/2026 14:45,Warning,Warning,Warning,Warning
W_002,7/24/2026 14:45,Warning,Warning,Warning,Warning
W_002,7/24/2026 14:45,Warning,Warning,Warning,Warning
W_002,7/24/2026 14:45,Warning,Warning,Warning,Warning
W_002,7/24/2026 14:45,Warning,Warning,Warning,Warning
W_002,7/24/2026 14:45,Warning,Warning,Warning,Warning
W_002,7/24/2026 14:45,Warning,Warning,Warning,Warning
W_002,7/24/2026 14:45,Warning,Warning,Warning,Warning
W_002,7/24/2026 14:45,Warning,Warning,Warning,Warning
W_002,7/24/2026 14:45,Warning,Warning,Warning,Warning
W_002,7/24/2026 14:45,Warning,Warning,Warning,Warning
W_002,7/24/2026 14:45,Warning,Warning,Warning,Warning
W_002,7/24/2026 14:45,Warning,Warning,Warning,Warning
W_002,7/24/2026 14:45,Warning,Warning,Warning,Warning
W_002,7/24/2026 14:45,Warning,Warning,Warning,Warning
W_002,7/24/2026 14:45,Warning,Warning,Warning,Warning
W_002,7/24/2026 14:45,Warning,Warning,Warning,Warning
W_002,7/24/2026 14:45,Warning,Warning,Warning,Warning
W_002,7/24/2026 14:45,Warning,Warning,Warning,Warning
W_002,7/24/2026 14:45,Warning,Warning,Warning,Warning
W_002,7/24/2026 14:45,Warning,Warning,Warning,Warning
W_002,7/24/2026 14:45,Warning,Warning,Warning,Warning
W_002,7/24/2026 14:45,Warning,Warning,Warning,Warning
W_002,7/24/2026 14:45,Warning,Warning,Warning,Warning
W_002,7/24/2026 14:45,Warning,Warning,Warning,Warning
W_002,7/24/2026 14:45,Warning,Warning,Warning,Warning
W_002,7/24/2026 14:45,Warning,Warning,Warning,Warning
W_002,7/24/2026 14:45,Warning,Warning,Warning,Warning
W_002,7/24/2026 14:45,Warning,Warning,Warning,Warning
W_002,7/24/2026 14:45,Warning,Warning,Warning,Warning
W_002,7/24/2026 14:45,Warning,Warning,Warning,Warning
W_002,7/24/2026 14:45,Warning,Warning,Warning,Warning
W_002,7/24/2026 14:45,Warning,Warning,Warning,Warning
W_002,7/24/2026 14:45,Warning,Warning,Warning,Warning
W_002,7/24/2026 14:45,Warning,Warning,Warning,Warning
W_002,7/24/2026 14:45,Warning,Warning,Warning,Warning
W_002,7/24/2026 14:45,Warning,Warning,Warning,Warning
W_002,7/24/2026 14:45,Warning,Warning,Warning,Warning
W_002,7/24/2026 14:45,Warning,Warning,Warning,Warning
W_002,7/24/2026 14:45,Warning,Warning,Warning,Warning
W_002,7/24/2026 14:45,Warning,Warning,Warning,Warning
W_002,7/24/2026 14:45,Warning,Warning,Warning,Warning
W_002,7/24/2026 14:45,Warning,Warning,Warning,Warning
W_002,7/24/2026 14:46,Warning,Warning,Warning,Warning
W_002,7/24/2026 14:46,Warning,Warning,Warning,Warning
W_002,7/24/2026 14:46,Warning,Warning,Warning,Warning
W_002,7/24/2026 14:46,Warning,Warning,Warning,Warning
W_002,7/24/2026 14:46,Warning,Warning,Warning,Warning
W_002,7/24/2026 14:46,Warning,Warning,Warning,Warning
W_002,7/24/2026 14:46,Warning,Warning,Warning,Warning
W_002,7/24/2026 14:46,Warning,Warning,Warning,Warning
W_002,7/24/2026 14:46,Warning,Warning,Warning,Warning
W_002,7/24/2026 14:46,Warning,Warning,Warning,Warning
W_002,7/24/2026 14:46,Warning,Warning,Warning,Warning
W_002,7/24/2026 14:46,Warning,Warning,Warning,Warning
W_002,7/24/2026 14:46,Warning,Warning,Warning,Warning
W_002,7/24/2026 14:46,Warning,Warning,Warning,Warning
W_002,7/24/2026 14:46,Warning,Warning,Warning,Warning
W_002,7/24/2026 14:46,Warning,Warning,Warning,Warning
W_002,7/24/2026 14:46,Warning,Warning,Warning,Warning
W_002,7/24/2026 14:46,Warning,Warning,Warning,Warning
W_002,7/24/2026 14:46,Warning,Warning,Warning,Warning
W_002,7/24/2026 14:46,Warning,Warning,Warning,Warning
W_002,7/24/2026 14:46,Warning,Warning,Warning,Warning
W_002,7/24/2026 14:46,Warning,Warning,Warning,Warning
W_002,7/24/2026 14:46,Warning,Warning,Warning,Warning
W_002,7/24/2026 14:46,Warning,Warning,Warning,Warning
W_002,7/24/2026 14:46,Warning,Warning,Warning,Warning
W_002,7/24/2026 14:46,Warning,Warning,Warning,Warning
W_002,7/24/2026 14:46,Warning,Warning,Warning,Warning
W_002,7/24/2026 14:46,Warning,Warning,Warning,Warning
W_002,7/24/2026 14:46,Warning,Warning,Warning,Warning
W_002,7/24/2026 14:46,Warning,Warning,Warning,Warning
W_002,7/24/2026 14:46,Warning,Warning,Warning,Warning
W_002,7/24/2026 14:46,Warning,Warning,Warning,Warning
W_002,7/24/2026 14:46,Warning,Warning,Warning,Warning
W_002,7/24/2026 14:46,Warning,Warning,Warning,Warning
W_002,7/24/2026 14:46,Warning,Warning,Warning,Warning
W_002,7/24/2026 14:46,Warning,Warning,Warning,Warning
W_002,7/24/2026 14:46,Warning,Warning,Warning,Warning
W_002,7/24/2026 14:46,Warning,Warning,Warning,Warning
W_002,7/24/2026 14:46,Warning,Warning,Warning,Warning
W_002,7/24/2026 14:46,Warning,Warning,Warning,Warning
W_002,7/24/2026 14:46,Warning,Warning,Warning,Warning
W_002,7/24/2026 14:46,Warning,Warning,Warning,Warning
W_002,7/24/2026 14:46,Warning,Warning,Warning,Warning
W_002,7/24/2026 14:46,Warning,Warning,Warning,Warning
W_002,7/24/2026 14:46,Warning,Warning,Warning,Warning
W_002,7/24/2026 14:46,Warning,Warning,Warning,Warning
W_002,7/24/2026 14:46,Warning,Warning,Warning,Warning
W_002,7/24/2026 14:46,Warning,Warning,Warning,Warning
W_002,7/24/2026 14:46,Warning,Warning,Warning,Warning
W_002,7/24/2026 14:46,Warning,Warning,Warning,Warning
W_002,7/24/2026 14:46,Warning,Warning,Warning,Warning
W_002,7/24/2026 14:46,Warning,Warning,Warning,Warning
W_002,7/24/2026 14:46,Warning,Warning,Warning,Warning
W_002,7/24/2026 14:46,Warning,Warning,Warning,Warning
W_002,7/24/2026 14:46,Warning,Warning,Warning,Warning
W_002,7/24/2026 14:46,Warning,Warning,Warning,Warning
W_002,7/24/2026 14:46,Warning,Warning,Warning,Warning
W_002,7/24/2026 14:46,Warning,Warning,Warning,Warning
W_002,7/24/2026 14:46,Warning,Warning,Warning,Warning
W_002,7/24/2026 14:46,Warning,Warning,Warning,Warning
W_002,7/24/2026 14:47,Warning,Warning,Warning,Warning
W_002,7/24/2026 14:47,Safe,Safe,Safe,Safe
W_002,7/24/2026 14:47,Safe,Safe,Safe,Safe
W_002,7/24/2026 14:47,Safe,Safe,Safe,Safe
W_002,7/24/2026 14:47,Safe,Safe,Safe,Safe
W_002,7/24/2026 14:47,Safe,Safe,Safe,Safe
W_002,7/24/2026 14:47,Safe,Safe,Safe,Safe
W_002,7/24/2026 14:47,Safe,Safe,Safe,Safe
W_002,7/24/2026 14:47,Safe,Safe,Safe,Safe
W_002,7/24/2026 14:47,Safe,Safe,Safe,Safe
W_002,7/24/2026 14:47,Safe,Safe,Safe,Safe
W_002,7/24/2026 14:47,Safe,Safe,Safe,Safe
W_002,7/24/2026 14:47,Safe,Safe,Safe,Safe
W_002,7/24/2026 14:47,Safe,Safe,Safe,Safe
W_002,7/24/2026 14:47,Safe,Safe,Safe,Safe
W_002,7/24/2026 14:47,Safe,Safe,Safe,Safe
W_002,7/24/2026 14:47,Safe,Safe,Safe,Safe
W_002,7/24/2026 14:47,Safe,Safe,Safe,Safe
W_002,7/24/2026 14:47,Safe,Safe,Safe,Safe
W_002,7/24/2026 14:47,Safe,Safe,Safe,Safe
W_002,7/24/2026 14:47,Safe,Safe,Safe,Safe
W_002,7/24/2026 14:47,Safe,Safe,Safe,Safe
W_002,7/24/2026 14:47,Safe,Safe,Safe,Safe
W_002,7/24/2026 14:47,Safe,Safe,Safe,Safe
W_002,7/24/2026 14:47,Safe,Safe,Safe,Safe
W_002,7/24/2026 14:47,Safe,Safe,Safe,Safe
W_002,7/24/2026 14:47,Safe,Safe,Safe,Safe
W_002,7/24/2026 14:47,Safe,Safe,Safe,Safe
W_002,7/24/2026 14:47,Safe,Safe,Safe,Safe
W_002,7/24/2026 14:47,Safe,Safe,Safe,Safe
W_002,7/24/2026 14:47,Safe,Safe,Safe,Safe
W_002,7/24/2026 14:47,Safe,Safe,Safe,Safe
W_002,7/24/2026 14:47,Safe,Safe,Safe,Safe
W_002,7/24/2026 14:47,Safe,Safe,Safe,Safe
W_002,7/24/2026 14:47,Safe,Safe,Safe,Safe
W_002,7/24/2026 14:47,Safe,Safe,Safe,Safe
W_002,7/24/2026 14:47,Safe,Safe,Safe,Safe
W_002,7/24/2026 14:47,Safe,Safe,Safe,Safe
W_002,7/24/2026 14:47,Safe,Safe,Safe,Safe
W_002,7/24/2026 14:47,Safe,Safe,Safe,Safe
W_002,7/24/2026 14:47,Safe,Safe,Safe,Safe
W_002,7/24/2026 14:47,Safe,Safe,Safe,Safe
W_002,7/24/2026 14:47,Safe,Safe,Safe,Safe
W_002,7/24/2026 14:47,Safe,Safe,Safe,Safe
W_002,7/24/2026 14:47,Safe,Safe,Safe,Safe
W_002,7/24/2026 14:47,Safe,Safe,Safe,Safe
W_002,7/24/2026 14:47,Safe,Safe,Safe,Safe
W_002,7/24/2026 14:47,Safe,Safe,Safe,Safe
W_002,7/24/2026 14:47,Safe,Safe,Safe,Safe
W_002,7/24/2026 14:47,Safe,Safe,Safe,Safe
W_002,7/24/2026 14:47,Safe,Safe,Safe,Safe
W_002,7/24/2026 14:47,Safe,Safe,Safe,Warning
W_002,7/24/2026 14:47,Safe,Safe,Safe,Warning
W_002,7/24/2026 14:47,Safe,Safe,Safe,Warning
W_002,7/24/2026 14:47,Safe,Safe,Safe,Warning
W_002,7/24/2026 14:47,Safe,Safe,Safe,Safe
W_002,7/24/2026 14:47,Safe,Safe,Safe,Safe
W_002,7/24/2026 14:47,Safe,Safe,Safe,Safe
W_002,7/24/2026 14:47,Safe,Safe,Safe,Safe
W_002,7/24/2026 14:47,Safe,Safe,Safe,Safe
W_002,7/24/2026 14:48,Safe,Safe,Safe,Safe
W_002,7/24/2026 14:48,Safe,Safe,Safe,Safe
W_002,7/24/2026 14:48,Safe,Safe,Safe,Safe
W_002,7/24/2026 14:48,Safe,Safe,Safe,Safe
W_002,7/24/2026 14:48,Safe,Safe,Safe,Safe
W_002,7/24/2026 14:48,Safe,Safe,Safe,Safe
W_002,7/24/2026 14:48,Safe,Safe,Safe,Safe
W_002,7/24/2026 14:48,Safe,Safe,Safe,Safe
W_002,7/24/2026 14:48,Safe,Safe,Safe,Safe
W_002,7/24/2026 14:48,Safe,Safe,Safe,Safe
W_002,7/24/2026 14:48,Safe,Safe,Safe,Safe
W_002,7/24/2026 14:48,Safe,Safe,Safe,Safe
W_002,7/24/2026 14:48,Safe,Safe,Safe,Safe
W_002,7/24/2026 14:48,Safe,Safe,Safe,Safe
W_002,7/24/2026 14:48,Safe,Safe,Safe,Safe
W_002,7/24/2026 14:48,Safe,Safe,Safe,Safe
W_002,7/24/2026 14:48,Safe,Safe,Safe,Safe
W_002,7/24/2026 14:48,Safe,Safe,Safe,Safe
W_002,7/24/2026 14:48,Safe,Safe,Safe,Safe
W_002,7/24/2026 14:48,Safe,Safe,Safe,Warning
W_002,7/24/2026 14:48,Safe,Safe,Safe,Safe
W_002,7/24/2026 14:48,Safe,Safe,Safe,Warning
W_002,7/24/2026 14:48,Safe,Safe,Safe,Warning
W_002,7/24/2026 14:48,Safe,Safe,Safe,Safe
W_002,7/24/2026 14:48,Safe,Safe,Safe,Warning
W_002,7/24/2026 14:48,Safe,Safe,Safe,Warning
W_002,7/24/2026 14:48,Safe,Safe,Safe,Safe
W_002,7/24/2026 14:48,Safe,Safe,Safe,Warning
W_002,7/24/2026 14:48,Safe,Safe,Safe,Safe
W_002,7/24/2026 14:48,Safe,Safe,Safe,Warning
W_002,7/24/2026 14:48,Safe,Safe,Safe,Warning
W_002,7/24/2026 14:48,Safe,Safe,Safe,Warning
W_002,7/24/2026 14:48,Safe,Safe,Safe,Warning
W_002,7/24/2026 14:48,Safe,Safe,Safe,Warning
W_002,7/24/2026 14:48,Safe,Safe,Safe,Warning
W_002,7/24/2026 14:48,Safe,Safe,Safe,Warning
W_002,7/24/2026 14:48,Safe,Safe,Safe,Warning
W_002,7/24/2026 14:48,Safe,Safe,Safe,Warning
W_002,7/24/2026 14:48,Safe,Safe,Safe,Warning
W_002,7/24/2026 14:48,Safe,Safe,Safe,Warning
W_002,7/24/2026 14:48,Safe,Safe,Safe,Safe
W_002,7/24/2026 14:48,Safe,Safe,Safe,Warning
W_002,7/24/2026 14:48,Safe,Safe,Safe,Warning
W_002,7/24/2026 14:48,Safe,Safe,Safe,Warning
W_002,7/24/2026 14:48,Safe,Safe,Safe,Warning
W_002,7/24/2026 14:48,Safe,Safe,Safe,Warning
W_002,7/24/2026 14:48,Safe,Safe,Safe,Warning
W_002,7/24/2026 14:48,Safe,Safe,Safe,Warning
W_002,7/24/2026 14:48,Safe,Safe,Safe,Warning
W_002,7/24/2026 14:48,Safe,Safe,Safe,Warning
W_002,7/24/2026 14:48,Safe,Safe,Safe,Warning
W_002,7/24/2026 14:48,Safe,Safe,Safe,Warning
W_002,7/24/2026 14:48,Safe,Safe,Safe,Warning
W_002,7/24/2026 14:48,Safe,Safe,Safe,Warning
W_002,7/24/2026 14:48,Safe,Safe,Safe,Warning
W_002,7/24/2026 14:48,Safe,Safe,Safe,Warning
W_002,7/24/2026 14:48,Safe,Safe,Safe,Warning
W_002,7/24/2026 14:48,Safe,Safe,Safe,Warning
W_002,7/24/2026 14:48,Safe,Safe,Safe,Warning
W_002,7/24/2026 14:48,Safe,Safe,Safe,Warning
W_002,7/24/2026 14:49,Safe,Safe,Safe,Warning
W_002,7/24/2026 14:49,Safe,Safe,Safe,Warning
W_002,7/24/2026 14:49,Safe,Safe,Safe,Warning
W_002,7/24/2026 14:49,Safe,Safe,Safe,Warning
W_002,7/24/2026 14:49,Safe,Safe,Safe,Warning
W_002,7/24/2026 14:49,Safe,Safe,Safe,Warning
W_002,7/24/2026 14:49,Safe,Safe,Safe,Warning
W_002,7/24/2026 14:49,Safe,Safe,Safe,Warning
W_002,7/24/2026 14:49,Safe,Safe,Safe,Warning
W_002,7/24/2026 14:49,Safe,Safe,Safe,Warning
W_002,7/24/2026 14:49,Safe,Safe,Safe,Warning
W_002,7/24/2026 14:49,Safe,Safe,Safe,Warning
W_002,7/24/2026 14:49,Safe,Safe,Safe,Warning
W_002,7/24/2026 14:49,Safe,Safe,Safe,Warning
W_002,7/24/2026 14:49,Safe,Safe,Safe,Warning
W_002,7/24/2026 14:49,Safe,Safe,Safe,Warning
W_002,7/24/2026 14:49,Safe,Safe,Safe,Warning
W_002,7/24/2026 14:49,Safe,Safe,Safe,Warning
W_002,7/24/2026 14:49,Safe,Safe,Safe,Warning
W_002,7/24/2026 14:49,Safe,Safe,Safe,Warning
W_002,7/24/2026 14:49,Safe,Safe,Safe,Warning
W_002,7/24/2026 14:49,Safe,Safe,Safe,Warning
W_002,7/24/2026 14:49,Safe,Safe,Safe,Warning
W_002,7/24/2026 14:49,Safe,Safe,Safe,Warning
W_002,7/24/2026 14:49,Safe,Safe,Safe,Warning
W_002,7/24/2026 14:49,Safe,Safe,Safe,Warning
W_002,7/24/2026 14:49,Safe,Safe,Safe,Warning
W_002,7/24/2026 14:49,Safe,Safe,Safe,Warning
W_002,7/24/2026 14:49,Safe,Safe,Safe,Warning
W_002,7/24/2026 14:49,Safe,Safe,Safe,Warning
W_002,7/24/2026 14:49,Safe,Safe,Safe,Warning
W_002,7/24/2026 14:49,Safe,Safe,Safe,Warning
W_002,7/24/2026 14:49,Safe,Safe,Safe,Warning
W_002,7/24/2026 14:49,Safe,Safe,Safe,Warning
W_002,7/24/2026 14:49,Safe,Safe,Safe,Warning
W_002,7/24/2026 14:49,Safe,Safe,Safe,Warning
W_002,7/24/2026 14:49,Safe,Safe,Safe,Warning
W_002,7/24/2026 14:49,Safe,Safe,Safe,Warning
W_002,7/24/2026 14:49,Safe,Safe,Safe,Warning
W_002,7/24/2026 14:49,Safe,Safe,Safe,Warning
W_002,7/24/2026 14:49,Safe,Safe,Safe,Warning
W_002,7/24/2026 14:49,Safe,Safe,Safe,Warning
W_002,7/24/2026 14:49,Safe,Safe,Safe,Warning
W_002,7/24/2026 14:49,Safe,Safe,Safe,Warning
W_002,7/24/2026 14:49,Safe,Safe,Safe,Warning
W_002,7/24/2026 14:49,Safe,Safe,Safe,Warning
W_002,7/24/2026 14:49,Safe,Safe,Safe,Warning
W_002,7/24/2026 14:49,Safe,Safe,Safe,Warning
W_002,7/24/2026 14:49,Safe,Safe,Safe,Warning
W_002,7/24/2026 14:49,Safe,Safe,Safe,Warning
W_002,7/24/2026 14:49,Safe,Safe,Safe,Warning
W_002,7/24/2026 14:49,Safe,Safe,Safe,Warning
W_002,7/24/2026 14:49,Safe,Safe,Safe,Warning
W_002,7/24/2026 14:49,Safe,Safe,Safe,Warning
W_002,7/24/2026 14:49,Safe,Safe,Safe,Warning
W_002,7/24/2026 14:49,Safe,Safe,Safe,Warning
W_002,7/24/2026 14:49,Safe,Safe,Safe,Warning
W_002,7/24/2026 14:49,Safe,Safe,Safe,Warning
W_002,7/24/2026 14:49,Safe,Safe,Safe,Warning
W_002,7/24/2026 14:49,Safe,Safe,Safe,Warning
W_002,7/24/2026 14:50,Safe,Safe,Safe,Warning
W_002,7/24/2026 14:50,Safe,Safe,Safe,Warning
W_002,7/24/2026 14:50,Safe,Safe,Safe,Warning
W_002,7/24/2026 14:50,Safe,Safe,Safe,Warning
W_002,7/24/2026 14:50,Safe,Safe,Safe,Warning
W_002,7/24/2026 14:50,Safe,Safe,Safe,Warning
W_002,7/24/2026 14:50,Safe,Safe,Safe,Warning
W_002,7/24/2026 14:50,Safe,Safe,Safe,Warning
W_002,7/24/2026 14:50,Safe,Safe,Safe,Warning
W_002,7/24/2026 14:50,Safe,Safe,Safe,Warning
W_002,7/24/2026 14:50,Safe,Safe,Safe,Warning
W_002,7/24/2026 14:50,Safe,Safe,Warning,Warning
W_002,7/24/2026 14:50,Safe,Safe,Safe,Warning
W_002,7/24/2026 14:50,Safe,Safe,Safe,Warning
W_002,7/24/2026 14:50,Safe,Safe,Safe,Warning
W_002,7/24/2026 14:50,Safe,Safe,Safe,Warning
W_002,7/24/2026 14:50,Safe,Safe,Safe,Warning
W_002,7/24/2026 14:50,Safe,Safe,Warning,Warning
W_002,7/24/2026 14:50,Safe,Safe,Warning,Warning
W_002,7/24/2026 14:50,Safe,Safe,Safe,Warning
W_002,7/24/2026 14:50,Safe,Safe,Safe,Warning
W_002,7/24/2026 14:50,Safe,Safe,Warning,Warning
W_002,7/24/2026 14:50,Safe,Safe,Safe,Warning
W_002,7/24/2026 14:50,Safe,Safe,Safe,Warning
W_002,7/24/2026 14:50,Safe,Safe,Safe,Warning
W_002,7/24/2026 14:50,Safe,Safe,Warning,Warning
W_002,7/24/2026 14:50,Safe,Safe,Warning,Warning
W_002,7/24/2026 14:50,Safe,Safe,Warning,Warning
W_002,7/24/2026 14:50,Safe,Safe,Safe,Warning
W_002,7/24/2026 14:50,Safe,Safe,Warning,Warning
W_002,7/24/2026 14:50,Safe,Safe,Safe,Warning
W_002,7/24/2026 14:50,Safe,Safe,Warning,Warning
W_002,7/24/2026 14:50,Safe,Safe,Warning,Warning
W_002,7/24/2026 14:50,Safe,Safe,Warning,Warning
W_002,7/24/2026 14:50,Safe,Safe,Warning,Warning
W_002,7/24/2026 14:50,Safe,Safe,Warning,Warning
W_002,7/24/2026 14:50,Safe,Safe,Warning,Warning
W_002,7/24/2026 14:50,Safe,Safe,Warning,Warning
W_002,7/24/2026 14:50,Safe,Safe,Warning,Warning
W_002,7/24/2026 14:50,Safe,Safe,Warning,Warning
W_002,7/24/2026 14:50,Safe,Safe,Warning,Warning
W_002,7/24/2026 14:50,Safe,Safe,Warning,Warning
W_002,7/24/2026 14:50,Safe,Safe,Warning,Warning
W_002,7/24/2026 14:50,Safe,Safe,Warning,Warning
W_002,7/24/2026 14:50,Safe,Safe,Warning,Warning
W_002,7/24/2026 14:50,Safe,Safe,Warning,Warning
W_002,7/24/2026 14:50,Safe,Safe,Warning,Warning
W_002,7/24/2026 14:50,Safe,Safe,Warning,Warning
W_002,7/24/2026 14:50,Safe,Safe,Warning,Warning
W_002,7/24/2026 14:50,Safe,Safe,Warning,Warning
W_002,7/24/2026 14:50,Safe,Safe,Warning,Warning
W_002,7/24/2026 14:50,Safe,Safe,Warning,Warning
W_002,7/24/2026 14:50,Safe,Safe,Warning,Warning
W_002,7/24/2026 14:50,Safe,Safe,Warning,Warning
W_002,7/24/2026 14:50,Safe,Safe,Warning,Warning
W_002,7/24/2026 14:50,Safe,Safe,Warning,Warning
W_002,7/24/2026 14:50,Safe,Safe,Warning,Warning
W_002,7/24/2026 14:50,Safe,Safe,Warning,Warning
W_002,7/24/2026 14:50,Safe,Safe,Warning,Warning
W_002,7/24/2026 14:50,Safe,Safe,Warning,Warning
W_002,7/24/2026 14:51,Safe,Safe,Warning,Warning
W_002,7/24/2026 14:51,Safe,Safe,Warning,Warning
W_002,7/24/2026 14:51,Safe,Safe,Warning,Warning
W_002,7/24/2026 14:51,Safe,Safe,Warning,Warning
W_002,7/24/2026 14:51,Safe,Safe,Warning,Warning
W_002,7/24/2026 14:51,Safe,Safe,Warning,Warning
W_002,7/24/2026 14:51,Safe,Safe,Warning,Warning
W_002,7/24/2026 14:51,Safe,Safe,Warning,Warning
W_002,7/24/2026 14:51,Safe,Safe,Warning,Warning
W_002,7/24/2026 14:51,Safe,Safe,Warning,Warning
W_002,7/24/2026 14:51,Safe,Safe,Warning,Warning
W_002,7/24/2026 14:51,Safe,Safe,Warning,Warning
W_002,7/24/2026 14:51,Safe,Safe,Warning,Warning
W_002,7/24/2026 14:51,Safe,Safe,Warning,Warning
W_002,7/24/2026 14:51,Safe,Safe,Warning,Warning
W_002,7/24/2026 14:51,Safe,Safe,Warning,Warning
W_002,7/24/2026 14:51,Safe,Safe,Warning,Warning
W_002,7/24/2026 14:51,Safe,Safe,Warning,Warning
W_002,7/24/2026 14:51,Safe,Safe,Warning,Warning
W_002,7/24/2026 14:51,Safe,Safe,Warning,Warning
W_002,7/24/2026 14:51,Safe,Safe,Warning,Warning
W_002,7/24/2026 14:51,Safe,Safe,Warning,Warning
W_002,7/24/2026 14:51,Safe,Safe,Warning,Warning
W_002,7/24/2026 14:51,Safe,Safe,Warning,Warning
W_002,7/24/2026 14:51,Safe,Safe,Warning,Warning
W_002,7/24/2026 14:51,Safe,Safe,Warning,Warning
W_002,7/24/2026 14:51,Safe,Safe,Warning,Warning
W_002,7/24/2026 14:51,Safe,Safe,Warning,Warning
W_002,7/24/2026 14:51,Safe,Safe,Warning,Warning
W_002,7/24/2026 14:51,Safe,Safe,Warning,Warning
W_002,7/24/2026 14:51,Safe,Safe,Warning,Warning
W_002,7/24/2026 14:51,Safe,Safe,Warning,Warning
W_002,7/24/2026 14:51,Safe,Safe,Warning,Warning
W_002,7/24/2026 14:51,Safe,Safe,Warning,Warning
W_002,7/24/2026 14:51,Safe,Safe,Warning,Warning
W_002,7/24/2026 14:51,Safe,Safe,Warning,Warning
W_002,7/24/2026 14:51,Safe,Safe,Warning,Warning
W_002,7/24/2026 14:51,Safe,Safe,Warning,Warning
W_002,7/24/2026 14:51,Safe,Safe,Warning,Warning
W_002,7/24/2026 14:51,Safe,Safe,Warning,Warning
W_002,7/24/2026 14:51,Safe,Safe,Warning,Warning
W_002,7/24/2026 14:51,Safe,Safe,Warning,Warning
W_002,7/24/2026 14:51,Safe,Safe,Warning,Warning
W_002,7/24/2026 14:51,Safe,Safe,Warning,Warning
W_002,7/24/2026 14:51,Safe,Safe,Warning,Warning
W_002,7/24/2026 14:51,Safe,Safe,Warning,Warning
W_002,7/24/2026 14:51,Safe,Safe,Warning,Warning
W_002,7/24/2026 14:51,Safe,Safe,Warning,Warning
W_002,7/24/2026 14:51,Safe,Safe,Warning,Warning
W_002,7/24/2026 14:51,Safe,Safe,Warning,Warning
W_002,7/24/2026 14:51,Safe,Safe,Warning,Warning
W_002,7/24/2026 14:51,Safe,Safe,Warning,Warning
W_002,7/24/2026 14:51,Safe,Safe,Warning,Warning
W_002,7/24/2026 14:51,Safe,Safe,Warning,Warning
W_002,7/24/2026 14:51,Safe,Safe,Warning,Warning
W_002,7/24/2026 14:51,Safe,Warning,Warning,Warning
W_002,7/24/2026 14:51,Safe,Safe,Warning,Warning
W_002,7/24/2026 14:51,Safe,Safe,Warning,Warning
W_002,7/24/2026 14:51,Safe,Safe,Warning,Warning
W_002,7/24/2026 14:51,Safe,Safe,Warning,Warning
W_002,7/24/2026 14:52,Safe,Warning,Warning,Warning
W_002,7/24/2026 14:52,Safe,Safe,Warning,Warning
W_002,7/24/2026 14:52,Safe,Safe,Warning,Warning
W_002,7/24/2026 14:52,Safe,Safe,Warning,Warning
W_002,7/24/2026 14:52,Safe,Safe,Warning,Warning
W_002,7/24/2026 14:52,Safe,Warning,Warning,Warning
W_002,7/24/2026 14:52,Safe,Warning,Warning,Warning
W_002,7/24/2026 14:52,Safe,Warning,Warning,Warning
W_002,7/24/2026 14:52,Safe,Safe,Warning,Warning
W_002,7/24/2026 14:52,Safe,Warning,Warning,Warning
W_002,7/24/2026 14:52,Safe,Safe,Warning,Warning
W_002,7/24/2026 14:52,Safe,Safe,Warning,Warning
W_002,7/24/2026 14:52,Safe,Safe,Warning,Warning
W_002,7/24/2026 14:52,Safe,Warning,Warning,Warning
W_002,7/24/2026 14:52,Safe,Safe,Warning,Warning
W_002,7/24/2026 14:52,Safe,Warning,Warning,Warning
W_002,7/24/2026 14:52,Safe,Safe,Warning,Warning
W_002,7/24/2026 14:52,Safe,Warning,Warning,Warning
W_002,7/24/2026 14:52,Safe,Warning,Warning,Warning
W_002,7/24/2026 14:52,Safe,Warning,Warning,Warning
W_002,7/24/2026 14:52,Safe,Warning,Warning,Warning
W_002,7/24/2026 14:52,Safe,Warning,Warning,Warning
W_002,7/24/2026 14:52,Safe,Warning,Warning,Warning
W_002,7/24/2026 14:52,Safe,Warning,Warning,Warning
W_002,7/24/2026 14:52,Safe,Warning,Warning,Warning
W_002,7/24/2026 14:52,Safe,Warning,Warning,Warning
W_002,7/24/2026 14:52,Safe,Warning,Warning,Warning
W_002,7/24/2026 14:52,Safe,Warning,Warning,Warning
W_002,7/24/2026 14:52,Safe,Warning,Warning,Warning
W_002,7/24/2026 14:52,Warning,Warning,Warning,Warning
W_002,7/24/2026 14:52,Warning,Warning,Warning,Warning
W_002,7/24/2026 14:52,Warning,Warning,Warning,Warning
W_002,7/24/2026 14:52,Warning,Warning,Warning,Warning
W_002,7/24/2026 14:52,Warning,Warning,Warning,Warning
W_002,7/24/2026 14:52,Warning,Warning,Warning,Warning
W_002,7/24/2026 14:52,Warning,Warning,Warning,Warning
W_002,7/24/2026 14:52,Warning,Warning,Warning,Warning
W_002,7/24/2026 14:52,Warning,Warning,Warning,Warning
W_002,7/24/2026 14:52,Warning,Warning,Warning,Warning
W_002,7/24/2026 14:52,Warning,Warning,Warning,Warning
W_002,7/24/2026 14:52,Warning,Warning,Warning,Warning
W_002,7/24/2026 14:52,Warning,Warning,Warning,Warning
W_002,7/24/2026 14:52,Warning,Warning,Warning,Warning
W_002,7/24/2026 14:52,Warning,Warning,Warning,Warning
W_002,7/24/2026 14:52,Warning,Warning,Warning,Warning
W_002,7/24/2026 14:52,Warning,Warning,Warning,Warning
W_002,7/24/2026 14:52,Warning,Warning,Warning,Warning
W_002,7/24/2026 14:52,Warning,Warning,Warning,Warning
W_002,7/24/2026 14:52,Warning,Warning,Warning,Warning
W_002,7/24/2026 14:52,Warning,Warning,Warning,Warning
W_002,7/24/2026 14:52,Warning,Warning,Warning,Warning
W_002,7/24/2026 14:52,Warning,Warning,Warning,Warning
W_002,7/24/2026 14:52,Warning,Warning,Warning,Warning
W_002,7/24/2026 14:52,Warning,Warning,Warning,Warning
W_002,7/24/2026 14:52,Warning,Warning,Warning,Warning
W_002,7/24/2026 14:52,Warning,Warning,Warning,Warning
W_002,7/24/2026 14:52,Warning,Warning,Warning,Warning
W_002,7/24/2026 14:52,Warning,Warning,Warning,Warning
W_002,7/24/2026 14:52,Warning,Warning,Warning,Warning
W_002,7/24/2026 14:52,Warning,Warning,Warning,Warning
W_002,7/24/2026 14:53,Warning,Warning,Warning,Warning
W_002,7/24/2026 14:53,Warning,Warning,Warning,Warning
W_002,7/24/2026 14:53,Warning,Warning,Warning,Warning
W_002,7/24/2026 14:53,Warning,Warning,Warning,Warning
W_002,7/24/2026 14:53,Warning,Warning,Warning,Warning
W_002,7/24/2026 14:53,Warning,Warning,Warning,Warning
W_002,7/24/2026 14:53,Warning,Warning,Warning,Warning
W_002,7/24/2026 14:53,Warning,Warning,Warning,Warning
W_002,7/24/2026 14:53,Warning,Warning,Warning,Warning
W_002,7/24/2026 14:53,Warning,Warning,Warning,Warning
W_002,7/24/2026 14:53,Warning,Warning,Warning,Warning
W_002,7/24/2026 14:53,Warning,Warning,Warning,Warning
W_002,7/24/2026 14:53,Warning,Warning,Warning,Warning
W_002,7/24/2026 14:53,Warning,Warning,Warning,Warning
W_002,7/24/2026 14:53,Warning,Warning,Warning,Warning
W_002,7/24/2026 14:53,Warning,Warning,Warning,Warning
W_002,7/24/2026 14:53,Warning,Warning,Warning,Warning
W_002,7/24/2026 14:53,Warning,Warning,Warning,Warning
W_002,7/24/2026 14:53,Warning,Warning,Warning,Warning
W_002,7/24/2026 14:53,Warning,Warning,Warning,Warning
W_002,7/24/2026 14:53,Warning,Warning,Warning,Warning
W_002,7/24/2026 14:53,Warning,Warning,Warning,Warning
W_002,7/24/2026 14:53,Warning,Warning,Warning,Warning
W_002,7/24/2026 14:53,Warning,Warning,Warning,Warning
W_002,7/24/2026 14:53,Warning,Warning,Warning,Warning
W_002,7/24/2026 14:53,Warning,Warning,Warning,Warning
W_002,7/24/2026 14:53,Warning,Warning,Warning,Warning
W_002,7/24/2026 14:53,Warning,Warning,Warning,Warning
W_002,7/24/2026 14:53,Warning,Warning,Warning,Warning
W_002,7/24/2026 14:53,Warning,Warning,Warning,Warning
W_002,7/24/2026 14:53,Warning,Warning,Warning,Warning
W_002,7/24/2026 14:53,Warning,Warning,Warning,Warning
W_002,7/24/2026 14:53,Warning,Warning,Warning,Warning
W_002,7/24/2026 14:53,Warning,Warning,Warning,Warning
W_002,7/24/2026 14:53,Warning,Warning,Warning,Warning
W_002,7/24/2026 14:53,Warning,Warning,Warning,Warning
W_002,7/24/2026 14:53,Warning,Warning,Warning,Warning
W_002,7/24/2026 14:53,Warning,Warning,Warning,Warning
W_002,7/24/2026 14:53,Warning,Warning,Warning,Warning
W_002,7/24/2026 14:53,Warning,Warning,Warning,Warning
W_002,7/24/2026 14:53,Warning,Warning,Warning,Warning
W_002,7/24/2026 14:53,Warning,Warning,Warning,Warning
W_002,7/24/2026 14:53,Warning,Warning,Warning,Warning
W_002,7/24/2026 14:53,Warning,Warning,Warning,Warning
W_002,7/24/2026 14:53,Warning,Warning,Warning,Warning
W_002,7/24/2026 14:53,Warning,Warning,Warning,Warning
W_002,7/24/2026 14:53,Warning,Warning,Warning,Warning
W_002,7/24/2026 14:53,Warning,Warning,Warning,Warning
W_002,7/24/2026 14:53,Warning,Warning,Warning,Warning
W_002,7/24/2026 14:53,Warning,Warning,Warning,Warning
W_002,7/24/2026 14:53,Warning,Warning,Warning,Warning
W_002,7/24/2026 14:53,Warning,Warning,Warning,Warning
W_002,7/24/2026 14:53,Warning,Warning,Warning,Warning
W_002,7/24/2026 14:53,Warning,Warning,Warning,Warning
W_002,7/24/2026 14:53,Warning,Warning,Warning,Warning
W_002,7/24/2026 14:53,Warning,Warning,Warning,Warning
W_002,7/24/2026 14:53,Warning,Warning,Warning,Warning
W_002,7/24/2026 14:53,Warning,Warning,Warning,Warning
W_002,7/24/2026 14:53,Warning,Warning,Warning,Warning
W_002,7/24/2026 14:53,Warning,Warning,Warning,Warning
W_002,7/24/2026 14:54,Warning,Warning,Warning,Warning
W_002,7/24/2026 14:54,Warning,Warning,Warning,Warning
W_002,7/24/2026 14:54,Warning,Warning,Warning,Warning
W_002,7/24/2026 14:54,Warning,Warning,Warning,Warning
W_002,7/24/2026 14:54,Warning,Warning,Warning,Warning
W_002,7/24/2026 14:54,Warning,Warning,Warning,Warning
W_002,7/24/2026 14:54,Warning,Warning,Warning,Warning
W_002,7/24/2026 14:54,Warning,Warning,Warning,Warning
W_002,7/24/2026 14:54,Warning,Warning,Warning,Warning
W_002,7/24/2026 14:54,Warning,Warning,Warning,Warning
W_002,7/24/2026 14:54,Warning,Warning,Warning,Warning
W_002,7/24/2026 14:54,Warning,Warning,Warning,Warning
W_002,7/24/2026 14:54,Warning,Warning,Warning,Warning
W_002,7/24/2026 14:54,Warning,Warning,Warning,Warning
W_002,7/24/2026 14:54,Warning,Warning,Warning,Warning
W_002,7/24/2026 14:54,Warning,Warning,Warning,Warning
W_002,7/24/2026 14:54,Warning,Warning,Warning,Warning
W_002,7/24/2026 14:54,Warning,Warning,Warning,Warning
W_002,7/24/2026 14:54,Warning,Warning,Warning,Warning
W_002,7/24/2026 14:54,Warning,Warning,Warning,Warning
W_002,7/24/2026 14:54,Warning,Warning,Warning,Warning
W_002,7/24/2026 14:54,Warning,Warning,Warning,Warning
W_002,7/24/2026 14:54,Warning,Warning,Warning,Warning
W_002,7/24/2026 14:54,Warning,Warning,Warning,Warning
W_002,7/24/2026 14:54,Warning,Warning,Warning,Warning
W_002,7/24/2026 14:54,Warning,Warning,Warning,Warning
W_002,7/24/2026 14:54,Warning,Warning,Warning,Warning
W_002,7/24/2026 14:54,Warning,Warning,Warning,Warning
W_002,7/24/2026 14:54,Warning,Warning,Warning,Warning
W_002,7/24/2026 14:54,Warning,Warning,Warning,Warning
W_002,7/24/2026 14:54,Warning,Warning,Warning,Warning
W_002,7/24/2026 14:54,Warning,Warning,Warning,Warning
W_002,7/24/2026 14:54,Warning,Warning,Warning,Warning
W_002,7/24/2026 14:54,Warning,Warning,Warning,Warning
W_002,7/24/2026 14:54,Warning,Warning,Warning,Warning
W_002,7/24/2026 14:54,Warning,Warning,Warning,Warning
W_002,7/24/2026 14:54,Warning,Warning,Warning,Warning
W_002,7/24/2026 14:54,Warning,Warning,Warning,Warning
W_002,7/24/2026 14:54,Warning,Warning,Warning,Warning
W_002,7/24/2026 14:54,Warning,Warning,Warning,Warning
W_002,7/24/2026 14:54,Warning,Warning,Warning,Warning
W_002,7/24/2026 14:54,Warning,Warning,Warning,Warning
W_002,7/24/2026 14:54,Warning,Warning,Warning,Warning
W_002,7/24/2026 14:54,Warning,Warning,Warning,Warning
W_002,7/24/2026 14:54,Warning,Warning,Warning,Warning
W_002,7/24/2026 14:54,Warning,Warning,Warning,Warning
W_002,7/24/2026 14:54,Warning,Warning,Warning,Warning
W_002,7/24/2026 14:54,Warning,Warning,Warning,Warning
W_002,7/24/2026 14:54,Warning,Warning,Warning,Warning
W_002,7/24/2026 14:54,Warning,Warning,Warning,Warning
W_002,7/24/2026 14:54,Warning,Warning,Warning,Warning
W_002,7/24/2026 14:54,Warning,Warning,Warning,Warning
W_002,7/24/2026 14:54,Warning,Warning,Warning,Warning
W_002,7/24/2026 14:54,Warning,Warning,Warning,Warning
W_002,7/24/2026 14:54,Warning,Warning,Warning,Warning
W_002,7/24/2026 14:54,Warning,Warning,Warning,Warning
W_002,7/24/2026 14:54,Warning,Warning,Warning,Warning
W_002,7/24/2026 14:54,Warning,Warning,Warning,Warning
W_002,7/24/2026 14:54,Warning,Warning,Warning,Warning
W_002,7/24/2026 14:54,Warning,Warning,Warning,Warning
W_002,7/24/2026 14:55,Warning,Warning,Warning,Warning
W_002,7/24/2026 14:55,Warning,Warning,Warning,Warning
W_002,7/24/2026 14:55,Warning,Warning,Warning,Warning
W_002,7/24/2026 14:55,Warning,Warning,Warning,Warning
W_002,7/24/2026 14:55,Warning,Warning,Warning,Warning
W_002,7/24/2026 14:55,Warning,Warning,Warning,Warning
W_002,7/24/2026 14:55,Warning,Warning,Warning,Warning
W_002,7/24/2026 14:55,Warning,Warning,Warning,Warning
W_002,7/24/2026 14:55,Warning,Warning,Warning,Warning
W_002,7/24/2026 14:55,Warning,Warning,Warning,Warning
W_002,7/24/2026 14:55,Warning,Warning,Warning,Warning
W_002,7/24/2026 14:55,Warning,Warning,Warning,Warning
W_002,7/24/2026 14:55,Warning,Warning,Warning,Warning
W_002,7/24/2026 14:55,Warning,Warning,Warning,Warning
W_002,7/24/2026 14:55,Warning,Warning,Warning,Warning
W_002,7/24/2026 14:55,Warning,Warning,Warning,Warning
W_002,7/24/2026 14:55,Warning,Warning,Warning,Warning
W_002,7/24/2026 14:55,Warning,Warning,Warning,Warning
W_002,7/24/2026 14:55,Warning,Warning,Warning,Warning
W_002,7/24/2026 14:55,Warning,Warning,Warning,Warning
W_002,7/24/2026 14:55,Warning,Warning,Warning,Warning
W_002,7/24/2026 14:55,Warning,Warning,Warning,Warning
W_002,7/24/2026 14:55,Warning,Warning,Warning,Warning
W_002,7/24/2026 14:55,Warning,Warning,Warning,Warning
W_002,7/24/2026 14:55,Warning,Warning,Warning,Warning
W_002,7/24/2026 14:55,Warning,Warning,Warning,Warning
W_002,7/24/2026 14:55,Warning,Warning,Warning,Warning
W_002,7/24/2026 14:55,Warning,Warning,Warning,Warning
W_002,7/24/2026 14:55,Warning,Warning,Warning,Warning
W_002,7/24/2026 14:55,Warning,Warning,Warning,Warning
W_002,7/24/2026 14:55,Warning,Warning,Warning,Warning
W_002,7/24/2026 14:55,Warning,Warning,Warning,Warning
W_002,7/24/2026 14:55,Warning,Warning,Warning,Warning
W_002,7/24/2026 14:55,Warning,Warning,Warning,Warning
W_002,7/24/2026 14:55,Warning,Warning,Warning,Warning
W_002,7/24/2026 14:55,Warning,Warning,Warning,Warning
W_002,7/24/2026 14:55,Warning,Warning,Warning,Warning
W_002,7/24/2026 14:55,Warning,Warning,Warning,Warning
W_002,7/24/2026 14:55,Warning,Warning,Warning,Warning
W_002,7/24/2026 14:55,Warning,Warning,Warning,Warning
W_002,7/24/2026 14:55,Warning,Warning,Warning,Warning
W_002,7/24/2026 14:55,Warning,Warning,Warning,Warning
W_002,7/24/2026 14:55,Warning,Warning,Warning,Warning
W_002,7/24/2026 14:55,Warning,Warning,Warning,Warning
W_002,7/24/2026 14:55,Warning,Warning,Warning,Warning
W_002,7/24/2026 14:55,Warning,Warning,Warning,Warning
W_002,7/24/2026 14:55,Warning,Warning,Warning,Warning
W_002,7/24/2026 14:55,Warning,Warning,Warning,Warning
W_002,7/24/2026 14:55,Warning,Warning,Warning,Warning
W_002,7/24/2026 14:55,Warning,Warning,Warning,Warning
W_002,7/24/2026 14:55,Warning,Warning,Warning,Warning
W_002,7/24/2026 14:55,Warning,Warning,Warning,Warning
W_002,7/24/2026 14:55,Warning,Warning,Warning,Warning
W_002,7/24/2026 14:55,Warning,Warning,Warning,Warning
W_002,7/24/2026 14:55,Warning,Warning,Warning,Warning
W_002,7/24/2026 14:55,Warning,Warning,Warning,Warning
W_002,7/24/2026 14:55,Warning,Warning,Warning,Warning
W_002,7/24/2026 14:55,Warning,Warning,Warning,Warning
W_002,7/24/2026 14:55,Warning,Warning,Warning,Warning
W_002,7/24/2026 14:55,Warning,Warning,Warning,Warning
W_002,7/24/2026 14:56,Warning,Warning,Warning,Warning
W_002,7/24/2026 14:56,Warning,Warning,Warning,Warning
W_002,7/24/2026 14:56,Warning,Warning,Warning,Warning
W_002,7/24/2026 14:56,Warning,Warning,Warning,Warning
W_002,7/24/2026 14:56,Warning,Warning,Warning,Warning
W_002,7/24/2026 14:56,Warning,Warning,Warning,Warning
W_002,7/24/2026 14:56,Warning,Warning,Warning,Warning
W_002,7/24/2026 14:56,Warning,Warning,Warning,Warning
W_002,7/24/2026 14:56,Warning,Warning,Warning,Warning
W_002,7/24/2026 14:56,Warning,Warning,Warning,Warning
W_002,7/24/2026 14:56,Warning,Warning,Warning,Warning
W_002,7/24/2026 14:56,Warning,Warning,Warning,Warning
W_002,7/24/2026 14:56,Warning,Warning,Warning,Warning
W_002,7/24/2026 14:56,Warning,Warning,Warning,Warning
W_002,7/24/2026 14:56,Warning,Warning,Warning,Warning
W_002,7/24/2026 14:56,Warning,Warning,Warning,Warning
W_002,7/24/2026 14:56,Warning,Warning,Warning,Warning
W_002,7/24/2026 14:56,Warning,Warning,Warning,Warning
W_002,7/24/2026 14:56,Warning,Warning,Warning,Warning
W_002,7/24/2026 14:56,Warning,Warning,Warning,Warning
W_002,7/24/2026 14:56,Warning,Warning,Warning,Warning
W_002,7/24/2026 14:56,Warning,Warning,Warning,Warning
W_002,7/24/2026 14:56,Warning,Warning,Warning,Warning
W_002,7/24/2026 14:56,Warning,Warning,Warning,Warning
W_002,7/24/2026 14:56,Warning,Warning,Warning,Warning
W_002,7/24/2026 14:56,Warning,Warning,Warning,Warning
W_002,7/24/2026 14:56,Warning,Warning,Warning,Warning
W_002,7/24/2026 14:56,Warning,Warning,Warning,Warning
W_002,7/24/2026 14:56,Warning,Warning,Warning,Warning
W_002,7/24/2026 14:56,Warning,Warning,Warning,Warning
W_002,7/24/2026 14:56,Warning,Warning,Warning,Warning
W_002,7/24/2026 14:56,Warning,Warning,Warning,Warning
W_002,7/24/2026 14:56,Warning,Warning,Warning,Warning
W_002,7/24/2026 14:56,Warning,Warning,Warning,Warning
W_002,7/24/2026 14:56,Warning,Warning,Warning,Warning
W_002,7/24/2026 14:56,Warning,Warning,Warning,Warning
W_002,7/24/2026 14:56,Warning,Warning,Warning,Warning
W_002,7/24/2026 14:56,Warning,Warning,Warning,Warning
W_002,7/24/2026 14:56,Warning,Warning,Warning,Warning
W_002,7/24/2026 14:56,Warning,Warning,Warning,Warning
W_002,7/24/2026 14:56,Warning,Warning,Warning,Warning
W_002,7/24/2026 14:56,Warning,Warning,Warning,Warning
W_002,7/24/2026 14:56,Warning,Warning,Warning,Warning
W_002,7/24/2026 14:56,Warning,Warning,Warning,Warning
W_002,7/24/2026 14:56,Warning,Warning,Warning,Warning
W_002,7/24/2026 14:56,Warning,Warning,Warning,Warning
W_002,7/24/2026 14:56,Warning,Warning,Warning,Warning
W_002,7/24/2026 14:56,Warning,Warning,Warning,Warning
W_002,7/24/2026 14:56,Warning,Warning,Warning,Warning
W_002,7/24/2026 14:56,Warning,Warning,Warning,Warning
W_002,7/24/2026 14:56,Warning,Warning,Warning,Warning
W_002,7/24/2026 14:56,Warning,Warning,Warning,Warning
W_002,7/24/2026 14:56,Warning,Warning,Warning,Warning
W_002,7/24/2026 14:56,Warning,Warning,Warning,Warning
W_002,7/24/2026 14:56,Warning,Warning,Warning,Warning
W_002,7/24/2026 14:56,Warning,Warning,Warning,Warning
W_002,7/24/2026 14:56,Warning,Warning,Warning,Warning
W_002,7/24/2026 14:57,Warning,Warning,Warning,Warning
W_002,7/24/2026 14:57,Warning,Warning,Warning,Warning
W_002,7/24/2026 14:57,Warning,Warning,Warning,Warning
W_002,7/24/2026 14:57,Warning,Warning,Warning,Warning
W_002,7/24/2026 14:57,Warning,Warning,Warning,Warning
W_002,7/24/2026 14:57,Warning,Warning,Warning,Warning
W_002,7/24/2026 14:57,Warning,Warning,Warning,Warning
W_002,7/24/2026 14:57,Warning,Warning,Warning,Warning
W_002,7/24/2026 14:57,Warning,Warning,Warning,Warning
W_002,7/24/2026 14:57,Warning,Warning,Warning,Warning
W_002,7/24/2026 14:57,Warning,Warning,Warning,Warning
W_002,7/24/2026 14:57,Warning,Warning,Warning,Warning
W_002,7/24/2026 14:57,Warning,Warning,Warning,Warning
W_002,7/24/2026 14:57,Warning,Warning,Warning,Warning
W_002,7/24/2026 14:57,Warning,Warning,Warning,Warning
W_002,7/24/2026 14:57,Warning,Warning,Warning,Warning
W_002,7/24/2026 14:57,Warning,Warning,Warning,Warning
W_002,7/24/2026 14:57,Warning,Warning,Warning,Warning
W_002,7/24/2026 14:57,Warning,Warning,Warning,Warning
W_002,7/24/2026 14:57,Warning,Warning,Warning,Warning
W_002,7/24/2026 14:57,Warning,Warning,Warning,Warning
W_002,7/24/2026 14:57,Warning,Warning,Warning,Warning
W_002,7/24/2026 14:57,Warning,Warning,Warning,Warning
W_002,7/24/2026 14:57,Warning,Warning,Warning,Warning
W_002,7/24/2026 14:57,Warning,Warning,Warning,Warning
W_002,7/24/2026 14:57,Warning,Warning,Warning,Warning
W_002,7/24/2026 14:57,Warning,Warning,Warning,Warning
W_002,7/24/2026 14:57,Warning,Warning,Warning,Warning
W_002,7/24/2026 14:57,Warning,Warning,Warning,Warning
W_002,7/24/2026 14:57,Warning,Warning,Warning,Warning
W_002,7/24/2026 14:57,Warning,Warning,Warning,Warning
W_002,7/24/2026 14:57,Warning,Warning,Warning,Warning
W_002,7/24/2026 14:57,Warning,Warning,Warning,Warning
W_002,7/24/2026 14:57,Warning,Warning,Warning,Warning
W_002,7/24/2026 14:57,Warning,Warning,Warning,Warning
W_002,7/24/2026 14:57,Warning,Warning,Warning,Warning
W_002,7/24/2026 14:57,Warning,Warning,Warning,Warning
W_002,7/24/2026 14:57,Warning,Warning,Warning,Warning
W_002,7/24/2026 14:57,Warning,Warning,Warning,Warning
W_002,7/24/2026 14:57,Warning,Warning,Warning,Warning
W_002,7/24/2026 14:57,Warning,Warning,Warning,Warning
W_002,7/24/2026 14:57,Warning,Warning,Warning,Warning
W_002,7/24/2026 14:57,Warning,Warning,Warning,Warning
W_002,7/24/2026 14:57,Warning,Warning,Warning,Warning
W_002,7/24/2026 14:57,Warning,Warning,Warning,Warning
W_002,7/24/2026 14:57,Warning,Warning,Warning,Warning
W_002,7/24/2026 14:57,Warning,Warning,Warning,Warning
W_002,7/24/2026 14:57,Warning,Warning,Warning,Warning
W_002,7/24/2026 14:57,Warning,Warning,Warning,Warning
W_002,7/24/2026 14:57,Warning,Warning,Warning,Warning
W_002,7/24/2026 14:57,Warning,Warning,Warning,Warning
W_002,7/24/2026 14:57,Warning,Warning,Warning,Warning
W_002,7/24/2026 14:57,Warning,Warning,Warning,Warning
W_002,7/24/2026 14:57,Warning,Warning,Warning,Warning
W_002,7/24/2026 14:57,Warning,Warning,Warning,Warning
W_002,7/24/2026 14:57,Warning,Warning,Warning,Warning
W_002,7/24/2026 14:58,Warning,Warning,Warning,Warning
W_002,7/24/2026 14:58,Warning,Warning,Warning,Warning
W_002,7/24/2026 14:58,Warning,Warning,Warning,Warning
W_002,7/24/2026 14:58,Warning,Warning,Warning,Warning
W_002,7/24/2026 14:58,Warning,Warning,Warning,Warning
W_002,7/24/2026 14:58,Warning,Warning,Warning,Warning
W_002,7/24/2026 14:58,Warning,Warning,Warning,Warning
W_002,7/24/2026 14:58,Warning,Warning,Warning,Warning
W_002,7/24/2026 14:58,Warning,Warning,Warning,Warning
W_002,7/24/2026 14:58,Warning,Warning,Warning,Warning
W_002,7/24/2026 14:58,Warning,Warning,Warning,Warning
W_002,7/24/2026 14:58,Warning,Warning,Warning,Warning
W_002,7/24/2026 14:58,Warning,Warning,Warning,Warning
W_002,7/24/2026 14:58,Warning,Warning,Warning,Warning
W_002,7/24/2026 14:58,Warning,Warning,Warning,Warning
W_002,7/24/2026 14:58,Warning,Warning,Warning,Warning
W_002,7/24/2026 14:58,Warning,Warning,Warning,Warning
W_002,7/24/2026 14:58,Warning,Warning,Warning,Warning
W_002,7/24/2026 14:58,Warning,Warning,Warning,Warning
W_002,7/24/2026 14:58,Warning,Warning,Warning,Warning
W_002,7/24/2026 14:58,Warning,Warning,Warning,Warning
W_002,7/24/2026 14:58,Warning,Warning,Warning,Warning
W_002,7/24/2026 14:58,Warning,Warning,Warning,Warning
W_002,7/24/2026 14:58,Warning,Warning,Warning,Warning
W_002,7/24/2026 14:58,Warning,Warning,Warning,Warning
W_002,7/24/2026 14:58,Warning,Warning,Warning,Warning
W_002,7/24/2026 14:58,Warning,Warning,Warning,Warning
W_002,7/24/2026 14:58,Warning,Warning,Warning,Warning
W_002,7/24/2026 14:58,Warning,Warning,Warning,Warning
W_002,7/24/2026 14:58,Warning,Warning,Warning,Warning
W_002,7/24/2026 14:58,Warning,Warning,Warning,Warning
W_002,7/24/2026 14:58,Warning,Warning,Warning,Warning
W_002,7/24/2026 14:58,Warning,Warning,Warning,Warning
W_002,7/24/2026 14:58,Warning,Warning,Warning,Warning
W_002,7/24/2026 14:58,Warning,Warning,Warning,Warning
W_002,7/24/2026 14:58,Warning,Warning,Warning,Warning
W_002,7/24/2026 14:58,Warning,Warning,Warning,Warning
W_002,7/24/2026 14:58,Warning,Warning,Warning,Warning
W_002,7/24/2026 14:58,Warning,Warning,Warning,Warning
W_002,7/24/2026 14:58,Warning,Warning,Warning,Warning
W_002,7/24/2026 14:58,Warning,Warning,Warning,Warning
W_002,7/24/2026 14:58,Warning,Warning,Warning,Warning
W_002,7/24/2026 14:58,Warning,Warning,Warning,Warning
W_002,7/24/2026 14:58,Warning,Warning,Warning,Warning
W_002,7/24/2026 14:58,Warning,Warning,Warning,Warning
W_002,7/24/2026 14:58,Warning,Warning,Warning,Warning
W_002,7/24/2026 14:58,Warning,Warning,Warning,Warning
W_002,7/24/2026 14:58,Warning,Warning,Warning,Warning
W_002,7/24/2026 14:58,Warning,Warning,Warning,Warning
W_002,7/24/2026 14:58,Warning,Warning,Warning,Warning
W_002,7/24/2026 14:58,Warning,Warning,Warning,Warning
W_002,7/24/2026 14:58,Warning,Warning,Warning,Warning
W_002,7/24/2026 14:58,Warning,Warning,Warning,Warning
W_002,7/24/2026 14:58,Warning,Warning,Warning,Warning
W_002,7/24/2026 14:58,Warning,Warning,Warning,Warning
W_002,7/24/2026 14:58,Warning,Warning,Warning,Warning
W_002,7/24/2026 14:58,Warning,Warning,Warning,Warning
W_002,7/24/2026 14:58,Warning,Warning,Warning,Warning
W_002,7/24/2026 14:58,Warning,Warning,Warning,Warning
W_002,7/24/2026 14:58,Warning,Warning,Warning,Warning
W_002,7/24/2026 14:59,Warning,Warning,Warning,Warning
W_002,7/24/2026 14:59,Warning,Warning,Warning,Warning
W_002,7/24/2026 14:59,Warning,Warning,Warning,Warning
W_002,7/24/2026 14:59,Warning,Warning,Warning,Warning
W_002,7/24/2026 14:59,Warning,Warning,Warning,Warning
W_002,7/24/2026 14:59,Warning,Warning,Warning,Warning
W_002,7/24/2026 14:59,Warning,Warning,Warning,Warning
W_002,7/24/2026 14:59,Warning,Warning,Warning,Warning
W_002,7/24/2026 14:59,Warning,Warning,Warning,Warning
W_002,7/24/2026 14:59,Warning,Warning,Warning,Warning
W_002,7/24/2026 14:59,Warning,Warning,Warning,Warning
W_002,7/24/2026 14:59,Warning,Warning,Warning,Warning
W_002,7/24/2026 14:59,Warning,Warning,Warning,Warning
W_002,7/24/2026 14:59,Warning,Warning,Warning,Warning
W_002,7/24/2026 14:59,Warning,Warning,Warning,Warning
W_002,7/24/2026 14:59,Warning,Warning,Warning,Warning
W_002,7/24/2026 14:59,Warning,Warning,Warning,Warning
W_002,7/24/2026 14:59,Warning,Warning,Warning,Warning
W_002,7/24/2026 14:59,Warning,Warning,Warning,Warning
W_002,7/24/2026 14:59,Warning,Warning,Warning,Warning
W_002,7/24/2026 14:59,Warning,Warning,Warning,Warning
W_002,7/24/2026 14:59,Warning,Warning,Warning,Warning
W_002,7/24/2026 14:59,Warning,Warning,Warning,Warning
W_002,7/24/2026 14:59,Warning,Warning,Warning,Warning
W_002,7/24/2026 14:59,Warning,Warning,Warning,Warning
W_002,7/24/2026 14:59,Warning,Warning,Warning,Warning
W_002,7/24/2026 14:59,Warning,Warning,Warning,Warning
W_002,7/24/2026 14:59,Warning,Warning,Warning,Warning
W_002,7/24/2026 14:59,Warning,Warning,Warning,Warning
W_002,7/24/2026 14:59,Warning,Warning,Warning,Warning
W_002,7/24/2026 14:59,Warning,Warning,Warning,Warning
W_002,7/24/2026 14:59,Warning,Warning,Warning,Warning
W_002,7/24/2026 14:59,Warning,Warning,Warning,Warning
W_002,7/24/2026 14:59,Warning,Warning,Warning,Warning
W_002,7/24/2026 14:59,Warning,Warning,Warning,Warning
W_002,7/24/2026 14:59,Warning,Warning,Warning,Warning
W_002,7/24/2026 14:59,Warning,Warning,Warning,Warning
W_002,7/24/2026 14:59,Warning,Warning,Warning,Warning
W_002,7/24/2026 14:59,Warning,Warning,Warning,Warning
W_002,7/24/2026 14:59,Warning,Warning,Warning,Warning
W_002,7/24/2026 14:59,Warning,Warning,Warning,Warning
W_002,7/24/2026 14:59,Warning,Warning,Warning,Warning
W_002,7/24/2026 14:59,Warning,Warning,Warning,Warning
W_002,7/24/2026 14:59,Warning,Warning,Warning,Warning
W_002,7/24/2026 14:59,Warning,Warning,Warning,Warning
W_002,7/24/2026 14:59,Warning,Warning,Warning,Warning
W_002,7/24/2026 14:59,Warning,Warning,Warning,Warning
W_002,7/24/2026 14:59,Warning,Warning,Warning,Warning
W_002,7/24/2026 14:59,Warning,Warning,Warning,Warning
W_002,7/24/2026 14:59,Warning,Warning,Warning,Warning
W_002,7/24/2026 14:59,Warning,Warning,Warning,Warning
W_002,7/24/2026 14:59,Warning,Warning,Warning,Warning
W_002,7/24/2026 14:59,Warning,Warning,Warning,Warning
W_002,7/24/2026 14:59,Warning,Warning,Warning,Warning
W_002,7/24/2026 14:59,Warning,Warning,Warning,Warning
W_002,7/24/2026 14:59,Warning,Warning,Warning,Warning
W_002,7/24/2026 14:59,Warning,Warning,Warning,Warning
W_002,7/24/2026 14:59,Warning,Warning,Warning,Warning
W_002,7/24/2026 14:59,Warning,Warning,Warning,Warning
W_002,7/24/2026 14:59,Warning,Warning,Warning,Warning
